task,task_name,D,ep,T,nnz,nneg,n_multiflip,max_k,dropped,term_last,trunc_any,phi0,phi0_count,valid
0,turning_on_radio,1.0,0,1956,2,1,0,1,1,True,False,0.0,0.0,True
0,turning_on_radio,1.0,1,2340,1,0,0,1,0,True,False,0.0,0.0,True
0,turning_on_radio,1.0,2,2107,1,0,0,1,0,True,False,0.0,0.0,True
0,turning_on_radio,1.0,3,1875,1,0,0,1,0,True,False,0.0,0.0,True
0,turning_on_radio,1.0,4,1547,1,0,0,1,0,True,False,0.0,0.0,True
0,turning_on_radio,1.0,5,3227,1,0,0,1,0,True,False,0.0,0.0,True
0,turning_on_radio,1.0,6,2304,1,0,0,1,0,True,False,0.0,0.0,True
0,turning_on_radio,1.0,7,2585,1,0,0,1,0,True,False,0.0,0.0,True
0,turning_on_radio,1.0,8,2427,1,0,0,1,0,True,False,0.0,0.0,True
0,turning_on_radio,1.0,9,2277,1,0,0,1,0,True,False,0.0,0.0,True
0,turning_on_radio,1.0,10,2769,1,0,0,1,0,True,False,0.0,0.0,True
0,turning_on_radio,1.0,11,2288,1,0,0,1,0,True,False,0.0,0.0,True
0,turning_on_radio,1.0,12,1991,1,0,0,1,0,True,False,0.0,0.0,True
0,turning_on_radio,1.0,13,2604,1,0,0,1,0,True,False,0.0,0.0,True
0,turning_on_radio,1.0,14,2375,1,0,0,1,0,True,False,0.0,0.0,True
0,turning_on_radio,1.0,15,1861,1,0,0,1,0,True,False,0.0,0.0,True
0,turning_on_radio,1.0,16,2217,1,0,0,1,0,True,False,0.0,0.0,True
0,turning_on_radio,1.0,17,2399,1,0,0,1,0,True,False,0.0,0.0,True
0,turning_on_radio,1.0,18,1986,1,0,0,1,0,True,False,0.0,0.0,True
0,turning_on_radio,1.0,19,2565,2,1,0,1,1,True,False,0.0,0.0,True
0,turning_on_radio,1.0,20,1943,1,0,0,1,0,True,False,0.0,0.0,True
0,turning_on_radio,1.0,21,2048,1,0,0,1,0,True,False,0.0,0.0,True
0,turning_on_radio,1.0,22,2577,1,0,0,1,0,True,False,0.0,0.0,True
0,turning_on_radio,1.0,23,2175,2,1,0,1,1,True,False,0.0,0.0,True
0,turning_on_radio,1.0,24,1829,1,0,0,1,0,True,False,0.0,0.0,True
0,turning_on_radio,1.0,25,2176,2,1,0,1,1,True,False,0.0,0.0,True
0,turning_on_radio,1.0,26,1886,1,0,0,1,0,True,False,0.0,0.0,True
0,turning_on_radio,1.0,27,1951,1,0,0,1,0,True,False,0.0,0.0,True
0,turning_on_radio,1.0,28,2834,1,0,0,1,0,True,False,0.0,0.0,True
0,turning_on_radio,1.0,29,2923,1,0,0,1,0,True,False,0.0,0.0,True
0,turning_on_radio,1.0,30,2263,1,0,0,1,0,True,False,0.0,0.0,True
0,turning_on_radio,1.0,31,1650,2,1,0,1,1,True,False,0.0,0.0,True
0,turning_on_radio,1.0,32,2168,1,0,0,1,0,True,False,0.0,0.0,True
0,turning_on_radio,1.0,33,2751,1,0,0,1,0,True,False,0.0,0.0,True
0,turning_on_radio,1.0,34,1656,2,1,0,1,1,True,False,0.0,0.0,True
0,turning_on_radio,1.0,35,1770,1,0,0,1,0,True,False,0.0,0.0,True
0,turning_on_radio,1.0,36,2545,2,1,0,1,1,True,False,0.0,0.0,True
0,turning_on_radio,1.0,37,2236,1,0,0,1,0,True,False,0.0,0.0,True
0,turning_on_radio,1.0,38,2032,1,0,0,1,0,True,False,0.0,0.0,True
0,turning_on_radio,1.0,39,2287,1,0,0,1,0,True,False,0.0,0.0,True
0,turning_on_radio,1.0,40,2274,2,1,0,1,1,True,False,0.0,0.0,True
0,turning_on_radio,1.0,41,2218,1,0,0,1,0,True,False,0.0,0.0,True
0,turning_on_radio,1.0,42,1646,1,0,0,1,0,True,False,0.0,0.0,True
0,turning_on_radio,1.0,43,2655,1,0,0,1,0,True,False,0.0,0.0,True
0,turning_on_radio,1.0,44,2572,1,0,0,1,0,True,False,0.0,0.0,True
0,turning_on_radio,1.0,45,2289,1,0,0,1,0,True,False,0.0,0.0,True
0,turning_on_radio,1.0,46,2654,1,0,0,1,0,True,False,0.0,0.0,True
0,turning_on_radio,1.0,47,2037,1,0,0,1,0,True,False,0.0,0.0,True
0,turning_on_radio,1.0,48,2461,1,0,0,1,0,True,False,0.0,0.0,True
0,turning_on_radio,1.0,49,2632,1,0,0,1,0,True,False,0.0,0.0,True
0,turning_on_radio,1.0,50,1850,1,0,0,1,0,True,False,0.0,0.0,True
0,turning_on_radio,1.0,51,2305,1,0,0,1,0,True,False,0.0,0.0,True
0,turning_on_radio,1.0,52,2377,1,0,0,1,0,True,False,0.0,0.0,True
0,turning_on_radio,1.0,53,2566,1,0,0,1,0,True,False,0.0,0.0,True
0,turning_on_radio,1.0,54,2631,1,0,0,1,0,True,False,0.0,0.0,True
0,turning_on_radio,1.0,55,1930,1,0,0,1,0,True,False,0.0,0.0,True
0,turning_on_radio,1.0,56,1722,1,0,0,1,0,True,False,0.0,0.0,True
0,turning_on_radio,1.0,57,2826,1,0,0,1,0,True,False,0.0,0.0,True
0,turning_on_radio,1.0,58,2284,1,0,0,1,0,True,False,0.0,0.0,True
0,turning_on_radio,1.0,59,2263,1,0,0,1,0,True,False,0.0,0.0,True
0,turning_on_radio,1.0,60,1920,1,0,0,1,0,True,False,0.0,0.0,True
0,turning_on_radio,1.0,61,2431,1,0,0,1,0,True,False,0.0,0.0,True
0,turning_on_radio,1.0,62,2003,1,0,0,1,0,True,False,0.0,0.0,True
0,turning_on_radio,1.0,63,2114,1,0,0,1,0,True,False,0.0,0.0,True
0,turning_on_radio,1.0,64,2129,1,0,0,1,0,True,False,0.0,0.0,True
0,turning_on_radio,1.0,65,2079,1,0,0,1,0,True,False,0.0,0.0,True
0,turning_on_radio,1.0,66,2459,1,0,0,1,0,True,False,0.0,0.0,True
0,turning_on_radio,1.0,67,2099,1,0,0,1,0,True,False,0.0,0.0,True
0,turning_on_radio,1.0,68,2506,1,0,0,1,0,True,False,0.0,0.0,True
0,turning_on_radio,1.0,69,2180,1,0,0,1,0,True,False,0.0,0.0,True
0,turning_on_radio,1.0,70,2530,1,0,0,1,0,True,False,0.0,0.0,True
0,turning_on_radio,1.0,71,2517,2,1,0,1,1,True,False,0.0,0.0,True
0,turning_on_radio,1.0,72,2763,1,0,0,1,0,True,False,0.0,0.0,True
0,turning_on_radio,1.0,73,2339,1,0,0,1,0,True,False,0.0,0.0,True
0,turning_on_radio,1.0,74,2171,1,0,0,1,0,True,False,0.0,0.0,True
0,turning_on_radio,1.0,75,2567,1,0,0,1,0,True,False,0.0,0.0,True
0,turning_on_radio,1.0,76,2144,1,0,0,1,0,True,False,0.0,0.0,True
0,turning_on_radio,1.0,77,2837,1,0,0,1,0,True,False,0.0,0.0,True
0,turning_on_radio,1.0,78,2199,1,0,0,1,0,True,False,0.0,0.0,True
0,turning_on_radio,1.0,79,1993,1,0,0,1,0,True,False,0.0,0.0,True
0,turning_on_radio,1.0,80,2085,2,1,0,1,1,True,False,0.0,0.0,True
0,turning_on_radio,1.0,81,2643,2,1,0,1,1,True,False,0.0,0.0,True
0,turning_on_radio,1.0,82,2730,1,0,0,1,0,True,False,0.0,0.0,True
0,turning_on_radio,1.0,83,2432,1,0,0,1,0,True,False,0.0,0.0,True
0,turning_on_radio,1.0,84,2160,1,0,0,1,0,True,False,0.0,0.0,True
0,turning_on_radio,1.0,85,2663,1,0,0,1,0,True,False,0.0,0.0,True
0,turning_on_radio,1.0,86,2223,1,0,0,1,0,True,False,0.0,0.0,True
0,turning_on_radio,1.0,87,3260,1,0,0,1,0,True,False,0.0,0.0,True
0,turning_on_radio,1.0,88,2636,2,1,0,1,1,True,False,0.0,0.0,True
0,turning_on_radio,1.0,89,2316,1,0,0,1,0,True,False,0.0,0.0,True
0,turning_on_radio,1.0,90,2393,1,0,0,1,0,True,False,0.0,0.0,True
0,turning_on_radio,1.0,91,2413,1,0,0,1,0,True,False,0.0,0.0,True
0,turning_on_radio,1.0,92,2517,1,0,0,1,0,True,False,0.0,0.0,True
0,turning_on_radio,1.0,93,1910,1,0,0,1,0,True,False,0.0,0.0,True
0,turning_on_radio,1.0,94,2900,1,0,0,1,0,True,False,0.0,0.0,True
0,turning_on_radio,1.0,95,4340,1,0,0,1,0,True,False,0.0,0.0,True
0,turning_on_radio,1.0,96,2870,1,0,0,1,0,True,False,0.0,0.0,True
0,turning_on_radio,1.0,97,3502,1,0,0,1,0,True,False,0.0,0.0,True
1,picking_up_trash,3.0,200,7667,3,0,0,1,0,True,False,0.0,0.0,True
1,picking_up_trash,3.0,201,3132,3,0,0,1,0,True,False,0.0,0.0,True
1,picking_up_trash,3.0,202,5811,4,1,0,1,0,True,False,0.3333333134651184,0.9999999403953552,True
1,picking_up_trash,3.0,203,7497,3,0,0,1,0,True,False,0.0,0.0,True
1,picking_up_trash,3.0,204,7214,3,0,0,1,0,True,False,0.0,0.0,True
1,picking_up_trash,3.0,205,6233,3,0,0,1,0,True,False,0.0,0.0,True
1,picking_up_trash,3.0,206,6346,3,0,0,1,0,True,False,0.0,0.0,True
1,picking_up_trash,3.0,207,5540,3,0,0,1,0,True,False,0.0,0.0,True
1,picking_up_trash,3.0,208,5827,3,0,0,1,0,True,False,0.0,0.0,True
1,picking_up_trash,3.0,209,6983,3,0,0,1,0,True,False,0.0,0.0,True
1,picking_up_trash,3.0,210,6310,3,0,0,1,0,True,False,0.0,0.0,True
1,picking_up_trash,3.0,211,6326,4,1,1,3,1,True,False,0.0,0.0,True
1,picking_up_trash,3.0,212,8465,3,0,0,1,0,True,False,0.0,0.0,True
1,picking_up_trash,3.0,213,7986,3,0,0,1,0,True,False,0.0,0.0,True
1,picking_up_trash,3.0,214,5060,3,0,0,1,0,True,False,0.0,0.0,True
1,picking_up_trash,3.0,215,5981,4,1,0,1,0,True,False,0.3333333134651184,0.9999999403953552,True
1,picking_up_trash,3.0,216,6296,5,1,0,1,0,True,False,0.0,0.0,True
1,picking_up_trash,3.0,217,5537,4,1,0,1,1,True,False,0.0,0.0,True
1,picking_up_trash,3.0,218,8107,3,0,0,1,0,True,False,0.0,0.0,True
1,picking_up_trash,3.0,219,5992,3,0,0,1,0,True,False,0.0,0.0,True
1,picking_up_trash,3.0,220,4510,5,2,0,1,1,True,False,0.3333333134651184,0.9999999403953552,False
1,picking_up_trash,3.0,221,5799,4,1,0,1,0,True,False,0.3333333134651184,0.9999999403953552,True
1,picking_up_trash,3.0,222,6856,3,0,0,1,0,True,False,0.0,0.0,True
1,picking_up_trash,3.0,223,6634,3,0,0,1,0,True,False,0.0,0.0,True
1,picking_up_trash,3.0,224,7306,4,1,1,2,1,True,False,0.0,0.0,True
1,picking_up_trash,3.0,225,5364,4,1,0,1,1,True,False,0.0,0.0,True
1,picking_up_trash,3.0,226,5852,3,0,0,1,0,True,False,0.0,0.0,True
1,picking_up_trash,3.0,227,6013,3,0,0,1,0,True,False,0.0,0.0,True
1,picking_up_trash,3.0,228,6092,4,1,0,1,1,True,False,0.0,0.0,True
1,picking_up_trash,3.0,229,6118,5,2,1,2,2,True,False,0.0,0.0,True
1,picking_up_trash,3.0,230,6911,3,0,0,1,0,True,False,0.0,0.0,True
1,picking_up_trash,3.0,231,6075,4,1,0,1,0,True,False,0.3333333134651184,0.9999999403953552,True
1,picking_up_trash,3.0,232,5890,6,2,0,1,0,True,False,0.3333333134651184,0.9999999403953552,False
1,picking_up_trash,3.0,233,5875,3,0,0,1,0,True,False,0.0,0.0,True
1,picking_up_trash,3.0,234,6750,4,1,0,1,1,True,False,0.0,0.0,True
1,picking_up_trash,3.0,235,5179,3,0,0,1,0,True,False,0.0,0.0,True
1,picking_up_trash,3.0,236,6147,3,0,0,1,0,True,False,0.0,0.0,True
1,picking_up_trash,3.0,237,6686,3,0,0,1,0,True,False,0.0,0.0,True
1,picking_up_trash,3.0,238,5773,3,0,0,1,0,True,False,0.0,0.0,True
1,picking_up_trash,3.0,239,6932,3,0,0,1,0,True,False,0.0,0.0,True
1,picking_up_trash,3.0,240,5650,3,0,0,1,0,True,False,0.0,0.0,True
1,picking_up_trash,3.0,241,5948,4,1,0,1,1,True,False,0.0,0.0,True
1,picking_up_trash,3.0,242,5571,4,1,0,1,1,True,False,0.0,0.0,True
1,picking_up_trash,3.0,243,6163,3,0,0,1,0,True,False,0.0,0.0,True
1,picking_up_trash,3.0,244,6017,3,0,0,1,0,True,False,0.0,0.0,True
1,picking_up_trash,3.0,245,7565,3,0,0,1,0,True,False,0.0,0.0,True
1,picking_up_trash,3.0,246,5878,3,0,0,1,0,True,False,0.0,0.0,True
1,picking_up_trash,3.0,247,6411,6,2,0,1,1,True,False,0.0,0.0,True
1,picking_up_trash,3.0,248,7004,3,0,0,1,0,True,False,0.0,0.0,True
1,picking_up_trash,3.0,249,12195,3,0,0,1,0,True,False,0.0,0.0,True
1,picking_up_trash,3.0,250,6237,3,0,0,1,0,True,False,0.0,0.0,True
1,picking_up_trash,3.0,251,5883,3,0,0,1,0,True,False,0.0,0.0,True
1,picking_up_trash,3.0,252,5384,3,0,0,1,0,True,False,0.0,0.0,True
1,picking_up_trash,3.0,253,5817,3,0,0,1,0,True,False,0.0,0.0,True
1,picking_up_trash,3.0,254,5577,3,0,0,1,0,True,False,0.0,0.0,True
1,picking_up_trash,3.0,255,6515,3,0,0,1,0,True,False,0.0,0.0,True
1,picking_up_trash,3.0,256,5132,3,0,0,1,0,True,False,0.0,0.0,True
1,picking_up_trash,3.0,257,6738,3,0,0,1,0,True,False,0.0,0.0,True
1,picking_up_trash,3.0,258,6666,4,1,0,1,0,True,False,0.3333333134651184,0.9999999403953552,True
1,picking_up_trash,3.0,259,6077,4,1,0,1,1,True,False,0.0,0.0,True
1,picking_up_trash,3.0,260,6397,3,0,0,1,0,True,False,0.0,0.0,True
1,picking_up_trash,3.0,261,6015,3,0,0,1,0,True,False,0.0,0.0,True
1,picking_up_trash,3.0,262,5687,3,0,0,1,0,True,False,0.0,0.0,True
1,picking_up_trash,3.0,263,6872,3,0,0,1,0,True,False,0.0,0.0,True
1,picking_up_trash,3.0,264,5497,3,0,0,1,0,True,False,0.0,0.0,True
1,picking_up_trash,3.0,265,6398,3,0,0,1,0,True,False,0.0,0.0,True
1,picking_up_trash,3.0,266,7441,5,2,0,1,1,True,False,0.3333333134651184,0.9999999403953552,True
1,picking_up_trash,3.0,267,7175,3,0,0,1,0,True,False,0.0,0.0,True
1,picking_up_trash,3.0,268,6280,4,1,0,1,1,True,False,0.0,0.0,True
1,picking_up_trash,3.0,269,5675,3,0,0,1,0,True,False,0.0,0.0,True
1,picking_up_trash,3.0,270,5754,3,0,0,1,0,True,False,0.0,0.0,True
2,putting_away_Halloween_decorations,7.0,400,13921,12,3,0,1,1,True,False,0.0,0.0,True
2,putting_away_Halloween_decorations,7.0,401,13381,10,2,0,1,0,True,False,0.14285710453987122,0.9999997317790985,True
2,putting_away_Halloween_decorations,7.0,402,12071,10,2,0,1,1,True,False,0.0,0.0,True
2,putting_away_Halloween_decorations,7.0,403,12968,12,3,0,1,1,True,False,0.0,0.0,True
2,putting_away_Halloween_decorations,7.0,404,18894,10,2,0,1,0,True,False,0.14285710453987122,0.9999997317790985,True
2,putting_away_Halloween_decorations,7.0,405,14402,10,2,0,1,0,True,False,0.14285710453987122,0.9999997317790985,True
2,putting_away_Halloween_decorations,7.0,406,15057,14,3,0,1,0,True,False,-0.14285719394683838,-1.0000003576278687,False
2,putting_away_Halloween_decorations,7.0,407,14145,10,2,0,1,0,True,False,0.14285710453987122,0.9999997317790985,True
2,putting_away_Halloween_decorations,7.0,408,14049,11,3,0,1,1,True,False,0.14285710453987122,0.9999997317790985,True
2,putting_away_Halloween_decorations,7.0,409,17191,11,3,1,2,1,True,False,0.285714253783226,1.999999776482582,True
2,putting_away_Halloween_decorations,7.0,410,15338,13,4,1,2,2,True,False,0.0,0.0,True
2,putting_away_Halloween_decorations,7.0,411,15189,11,2,0,1,0,True,False,0.0,0.0,True
2,putting_away_Halloween_decorations,7.0,412,14929,20,7,0,1,0,True,False,0.14285710453987122,0.9999997317790985,True
2,putting_away_Halloween_decorations,7.0,413,11765,10,2,0,1,1,True,False,0.0,0.0,True
2,putting_away_Halloween_decorations,7.0,414,17582,12,3,0,1,1,True,False,0.0,0.0,True
2,putting_away_Halloween_decorations,7.0,415,10495,10,2,0,1,1,True,False,0.0,0.0,True
2,putting_away_Halloween_decorations,7.0,416,15678,14,4,0,1,1,True,False,0.0,0.0,True
2,putting_away_Halloween_decorations,7.0,417,11687,9,2,1,2,1,True,False,0.0,0.0,True
2,putting_away_Halloween_decorations,7.0,418,16915,11,3,1,2,1,True,False,0.14285710453987122,0.9999997317790985,True
2,putting_away_Halloween_decorations,7.0,419,12371,13,4,0,1,0,True,False,0.285714253783226,1.999999776482582,True
2,putting_away_Halloween_decorations,7.0,420,13369,12,2,0,1,1,True,False,-0.2857143431901932,-2.0000004023313522,False
2,putting_away_Halloween_decorations,7.0,421,15914,11,3,0,1,1,True,False,0.14285710453987122,0.9999997317790985,True
2,putting_away_Halloween_decorations,7.0,422,12307,10,2,0,1,1,True,False,0.0,0.0,True
2,putting_away_Halloween_decorations,7.0,423,13327,12,2,0,1,0,True,False,-0.14285719394683838,-1.0000003576278687,False
2,putting_away_Halloween_decorations,7.0,424,12930,12,4,2,3,2,True,False,0.285714253783226,1.999999776482582,True
2,putting_away_Halloween_decorations,7.0,425,14120,11,3,0,1,1,True,False,0.14285710453987122,0.9999997317790985,True
2,putting_away_Halloween_decorations,7.0,426,15172,9,2,1,2,1,True,False,0.0,0.0,True
2,putting_away_Halloween_decorations,7.0,427,12985,17,7,1,2,1,True,False,0.5714285522699356,3.9999998658895493,False
2,putting_away_Halloween_decorations,7.0,428,12505,10,2,0,1,0,True,False,0.14285710453987122,0.9999997317790985,True
2,putting_away_Halloween_decorations,7.0,429,12914,11,3,0,1,0,True,False,0.285714253783226,1.999999776482582,True
2,putting_away_Halloween_decorations,7.0,430,12614,10,2,0,1,1,True,False,0.0,0.0,True
2,putting_away_Halloween_decorations,7.0,431,13890,10,2,0,1,0,True,False,0.14285710453987122,0.9999997317790985,True
2,putting_away_Halloween_decorations,7.0,432,11745,12,3,0,1,1,True,False,0.0,0.0,True
2,putting_away_Halloween_decorations,7.0,433,13499,10,2,0,1,1,True,False,0.0,0.0,True
2,putting_away_Halloween_decorations,7.0,434,13510,8,2,1,2,1,True,False,0.14285710453987122,0.9999997317790985,True
2,putting_away_Halloween_decorations,7.0,435,18721,11,2,0,1,0,True,False,0.0,0.0,True
2,putting_away_Halloween_decorations,7.0,436,16693,10,2,0,1,0,True,False,0.14285710453987122,0.9999997317790985,True
2,putting_away_Halloween_decorations,7.0,437,17907,14,4,0,1,1,True,False,0.0,0.0,True
2,putting_away_Halloween_decorations,7.0,438,17305,10,2,0,1,0,True,False,0.14285710453987122,0.9999997317790985,True
2,putting_away_Halloween_decorations,7.0,439,13147,11,3,1,2,2,True,False,0.0,0.0,True
2,putting_away_Halloween_decorations,7.0,440,17841,10,3,1,2,1,True,False,0.14285710453987122,0.9999997317790985,True
2,putting_away_Halloween_decorations,7.0,441,16707,10,2,0,1,0,True,False,0.14285710453987122,0.9999997317790985,True
2,putting_away_Halloween_decorations,7.0,442,17755,10,2,0,1,1,True,False,0.0,0.0,True
2,putting_away_Halloween_decorations,7.0,443,14261,13,3,0,1,1,True,False,-0.14285719394683838,-1.0000003576278687,False
2,putting_away_Halloween_decorations,7.0,444,17150,15,5,1,2,1,True,False,0.285714253783226,1.999999776482582,False
3,cleaning_up_plates_and_food,7.0,600,7945,65,30,0,1,2,True,False,0.0,0.0,True
3,cleaning_up_plates_and_food,7.0,601,9357,53,24,0,1,1,True,False,0.14285710453987122,0.9999997317790985,True
3,cleaning_up_plates_and_food,7.0,602,8686,51,23,0,1,1,True,False,0.14285710453987122,0.9999997317790985,True
3,cleaning_up_plates_and_food,7.0,603,14448,35,14,0,1,0,True,False,0.0,0.0,True
3,cleaning_up_plates_and_food,7.0,604,10051,42,19,0,1,1,True,False,0.285714253783226,1.999999776482582,True
3,cleaning_up_plates_and_food,7.0,605,15279,36,16,0,1,2,True,False,0.14285710453987122,0.9999997317790985,True
3,cleaning_up_plates_and_food,7.0,606,10597,52,24,0,1,2,True,False,0.14285710453987122,0.9999997317790985,True
3,cleaning_up_plates_and_food,7.0,607,16848,24,10,0,1,1,True,False,0.285714253783226,1.999999776482582,True
3,cleaning_up_plates_and_food,7.0,608,9914,45,20,0,1,1,True,False,0.14285710453987122,0.9999997317790985,True
3,cleaning_up_plates_and_food,7.0,609,17411,48,22,0,1,2,True,False,0.14285710453987122,0.9999997317790985,True
3,cleaning_up_plates_and_food,7.0,610,16623,51,23,1,2,1,True,False,0.285714253783226,1.999999776482582,True
3,cleaning_up_plates_and_food,7.0,611,10681,37,16,0,1,2,True,False,0.0,0.0,True
3,cleaning_up_plates_and_food,7.0,612,16339,19,7,0,1,1,True,False,0.14285710453987122,0.9999997317790985,True
3,cleaning_up_plates_and_food,7.0,613,9604,40,18,0,1,2,True,False,0.14285710453987122,0.9999997317790985,True
3,cleaning_up_plates_and_food,7.0,614,17644,45,20,0,1,1,True,False,0.14285710453987122,0.9999997317790985,True
3,cleaning_up_plates_and_food,7.0,615,10362,34,15,0,1,2,True,False,0.14285710453987122,0.9999997317790985,True
3,cleaning_up_plates_and_food,7.0,616,17062,27,12,0,1,2,True,False,0.285714253783226,1.999999776482582,True
3,cleaning_up_plates_and_food,7.0,617,9555,56,25,0,1,1,True,False,0.0,0.0,True
3,cleaning_up_plates_and_food,7.0,618,14943,61,28,0,1,1,True,False,0.14285710453987122,0.9999997317790985,True
3,cleaning_up_plates_and_food,7.0,619,15482,41,18,0,1,1,True,False,0.14285710453987122,0.9999997317790985,True
3,cleaning_up_plates_and_food,7.0,620,9983,40,18,0,1,2,True,False,0.14285710453987122,0.9999997317790985,True
3,cleaning_up_plates_and_food,7.0,621,13784,37,17,0,1,2,True,False,0.285714253783226,1.999999776482582,True
3,cleaning_up_plates_and_food,7.0,622,9210,42,19,0,1,2,True,False,0.14285710453987122,0.9999997317790985,True
3,cleaning_up_plates_and_food,7.0,623,13517,31,13,0,1,1,True,False,0.14285710453987122,0.9999997317790985,True
3,cleaning_up_plates_and_food,7.0,624,15667,29,12,0,1,1,True,False,0.14285710453987122,0.9999997317790985,True
3,cleaning_up_plates_and_food,7.0,625,9634,66,31,0,1,2,True,False,0.14285710453987122,0.9999997317790985,True
3,cleaning_up_plates_and_food,7.0,626,9994,62,28,0,1,0,True,False,0.14285710453987122,0.9999997317790985,True
3,cleaning_up_plates_and_food,7.0,627,15678,58,27,1,2,2,True,False,0.14285710453987122,0.9999997317790985,True
3,cleaning_up_plates_and_food,7.0,628,11769,37,16,0,1,1,True,False,0.14285710453987122,0.9999997317790985,True
3,cleaning_up_plates_and_food,7.0,629,13185,21,8,0,1,1,True,False,0.14285710453987122,0.9999997317790985,True
3,cleaning_up_plates_and_food,7.0,630,16775,61,29,0,1,2,True,False,0.285714253783226,1.999999776482582,True
3,cleaning_up_plates_and_food,7.0,631,9253,44,20,0,1,2,True,False,0.14285710453987122,0.9999997317790985,True
3,cleaning_up_plates_and_food,7.0,632,9824,63,30,0,1,3,True,False,0.14285710453987122,0.9999997317790985,True
3,cleaning_up_plates_and_food,7.0,633,15201,75,35,0,1,1,True,False,0.14285710453987122,0.9999997317790985,True
3,cleaning_up_plates_and_food,7.0,634,8712,40,18,0,1,2,True,False,0.14285710453987122,0.9999997317790985,True
3,cleaning_up_plates_and_food,7.0,635,13457,35,15,0,1,1,True,False,0.14285710453987122,0.9999997317790985,True
3,cleaning_up_plates_and_food,7.0,636,12572,39,17,0,1,1,True,False,0.14285710453987122,0.9999997317790985,True
3,cleaning_up_plates_and_food,7.0,637,8838,64,30,0,1,1,True,False,0.285714253783226,1.999999776482582,True
3,cleaning_up_plates_and_food,7.0,638,14304,36,17,0,1,3,True,False,0.285714253783226,1.999999776482582,True
3,cleaning_up_plates_and_food,7.0,639,18151,41,17,0,1,0,True,False,0.0,0.0,True
3,cleaning_up_plates_and_food,7.0,640,9594,66,31,0,1,2,True,False,0.14285710453987122,0.9999997317790985,True
3,cleaning_up_plates_and_food,7.0,641,16926,36,16,0,1,1,True,False,0.285714253783226,1.999999776482582,True
3,cleaning_up_plates_and_food,7.0,642,9820,71,33,0,1,2,True,False,0.0,0.0,True
3,cleaning_up_plates_and_food,7.0,643,15521,32,14,1,4,3,True,False,0.0,0.0,True
3,cleaning_up_plates_and_food,7.0,644,18170,37,16,1,2,1,True,False,0.285714253783226,1.999999776482582,True
3,cleaning_up_plates_and_food,7.0,645,8764,67,31,0,1,1,True,False,0.14285710453987122,0.9999997317790985,True
3,cleaning_up_plates_and_food,7.0,646,14196,32,14,0,1,2,True,False,0.14285710453987122,0.9999997317790985,True
3,cleaning_up_plates_and_food,7.0,647,13686,38,17,0,1,2,True,False,0.14285710453987122,0.9999997317790985,True
3,cleaning_up_plates_and_food,7.0,648,15084,46,21,0,1,2,True,False,0.14285710453987122,0.9999997317790985,True
3,cleaning_up_plates_and_food,7.0,649,17376,57,26,1,2,1,True,False,0.14285710453987122,0.9999997317790985,True
3,cleaning_up_plates_and_food,7.0,650,8446,42,19,0,1,2,True,False,0.14285710453987122,0.9999997317790985,True
4,can_meat,9.0,800,14546,14,6,0,1,3,True,False,0.444444440305233,3.999999962747097,True
4,can_meat,9.0,801,13957,14,6,0,1,3,True,False,0.444444440305233,3.999999962747097,True
4,can_meat,9.0,802,15818,12,5,0,1,3,True,False,0.444444440305233,3.999999962747097,True
4,can_meat,9.0,803,14874,14,5,0,1,2,True,False,0.3333333283662796,2.9999999552965164,True
4,can_meat,9.0,804,13381,16,7,0,1,3,True,False,0.444444440305233,3.999999962747097,True
4,can_meat,9.0,805,14906,14,6,0,1,3,True,False,0.444444440305233,3.999999962747097,True
4,can_meat,9.0,806,13826,12,5,0,1,3,True,False,0.444444440305233,3.999999962747097,True
4,can_meat,9.0,807,11787,13,5,0,1,2,True,False,0.444444440305233,3.999999962747097,True
4,can_meat,9.0,808,12084,13,5,0,1,3,True,False,0.3333333283662796,2.9999999552965164,True
4,can_meat,9.0,809,17135,16,7,0,1,2,True,False,0.5555555522441864,4.999999970197678,False
4,can_meat,9.0,810,10919,14,6,0,1,3,True,False,0.444444440305233,3.999999962747097,True
4,can_meat,9.0,811,14109,14,5,0,1,2,True,False,0.3333333283662796,2.9999999552965164,True
4,can_meat,9.0,812,11906,17,6,1,2,2,True,False,0.1111111044883728,0.9999999403953552,True
4,can_meat,9.0,813,14119,16,6,1,2,1,True,False,0.3333333283662796,2.9999999552965164,True
4,can_meat,9.0,814,11554,17,7,0,1,2,True,False,0.444444440305233,3.999999962747097,True
4,can_meat,9.0,815,15457,14,6,0,1,3,True,False,0.444444440305233,3.999999962747097,True
4,can_meat,9.0,816,13993,14,6,0,1,3,True,False,0.444444440305233,3.999999962747097,True
4,can_meat,9.0,817,11929,13,6,0,1,3,True,False,0.5555555522441864,4.999999970197678,True
4,can_meat,9.0,818,13606,17,8,0,1,3,True,False,0.5555555522441864,4.999999970197678,False
4,can_meat,9.0,819,13740,14,5,0,1,2,True,False,0.3333333283662796,2.9999999552965164,True
4,can_meat,9.0,820,14626,14,6,0,1,3,True,False,0.444444440305233,3.999999962747097,True
4,can_meat,9.0,821,13392,13,6,0,1,3,True,False,0.5555555522441864,4.999999970197678,False
4,can_meat,9.0,822,14262,13,5,0,1,2,True,False,0.444444440305233,3.999999962747097,True
4,can_meat,9.0,823,13841,25,10,0,1,3,True,False,0.1111111044883728,0.9999999403953552,True
4,can_meat,9.0,824,11643,14,6,0,1,3,True,False,0.444444440305233,3.999999962747097,True
4,can_meat,9.0,825,13526,15,7,0,1,3,True,False,0.5555555522441864,4.999999970197678,True
4,can_meat,9.0,826,13797,16,7,0,1,3,True,False,0.444444440305233,3.999999962747097,True
4,can_meat,9.0,827,13841,15,6,0,1,2,True,False,0.444444440305233,3.999999962747097,True
4,can_meat,9.0,828,15318,12,5,0,1,3,True,False,0.444444440305233,3.999999962747097,True
4,can_meat,9.0,829,14254,15,6,0,1,3,True,False,0.3333333283662796,2.9999999552965164,True
4,can_meat,9.0,830,13993,12,5,0,1,3,True,False,0.444444440305233,3.999999962747097,True
4,can_meat,9.0,831,15811,14,6,0,1,3,True,False,0.444444440305233,3.999999962747097,True
4,can_meat,9.0,832,16138,15,6,0,1,3,True,False,0.3333333283662796,2.9999999552965164,True
4,can_meat,9.0,833,13972,12,5,0,1,3,True,False,0.444444440305233,3.999999962747097,True
4,can_meat,9.0,834,13404,15,6,0,1,3,True,False,0.3333333283662796,2.9999999552965164,True
4,can_meat,9.0,835,12825,14,6,0,1,3,True,False,0.444444440305233,3.999999962747097,True
4,can_meat,9.0,836,13254,15,6,0,1,2,True,False,0.444444440305233,3.999999962747097,True
4,can_meat,9.0,837,13788,12,5,0,1,3,True,False,0.444444440305233,3.999999962747097,True
4,can_meat,9.0,838,14319,15,6,0,1,3,True,False,0.3333333283662796,2.9999999552965164,True
4,can_meat,9.0,839,12943,14,6,0,1,3,True,False,0.444444440305233,3.999999962747097,True
4,can_meat,9.0,840,13067,17,8,0,1,3,True,False,0.5555555522441864,4.999999970197678,False
4,can_meat,9.0,841,12650,12,5,0,1,3,True,False,0.444444440305233,3.999999962747097,True
4,can_meat,9.0,842,14722,16,7,0,1,3,True,False,0.444444440305233,3.999999962747097,True
4,can_meat,9.0,843,13937,19,8,0,1,2,True,False,0.444444440305233,3.999999962747097,True
4,can_meat,9.0,844,12771,15,6,0,1,3,True,False,0.3333333283662796,2.9999999552965164,True
4,can_meat,9.0,845,14194,17,7,0,1,2,True,False,0.444444440305233,3.999999962747097,True
4,can_meat,9.0,846,11973,19,7,0,1,1,True,False,0.3333333283662796,2.9999999552965164,True
4,can_meat,9.0,847,11475,12,5,0,1,3,True,False,0.444444440305233,3.999999962747097,True
5,setting_mousetraps,6.0,1000,12850,9,3,1,2,1,True,False,0.3333333134651184,1.9999998807907104,True
5,setting_mousetraps,6.0,1001,9949,17,6,1,2,1,True,False,0.0,0.0,True
5,setting_mousetraps,6.0,1002,11002,13,4,0,1,0,True,False,0.166666641831398,0.9999998509883881,True
5,setting_mousetraps,6.0,1003,8898,6,1,0,1,0,True,False,0.3333333134651184,1.9999998807907104,True
5,setting_mousetraps,6.0,1004,8011,12,4,0,1,0,True,False,0.3333333134651184,1.9999998807907104,True
5,setting_mousetraps,6.0,1005,7720,4,0,0,1,0,True,False,0.3333333134651184,1.9999998807907104,True
5,setting_mousetraps,6.0,1006,7736,9,3,1,3,1,True,False,0.3333333134651184,1.9999998807907104,True
5,setting_mousetraps,6.0,1007,11710,10,2,0,1,0,True,False,0.0,0.0,True
5,setting_mousetraps,6.0,1008,11857,9,2,0,1,0,True,False,0.166666641831398,0.9999998509883881,True
5,setting_mousetraps,6.0,1009,12203,9,2,0,1,0,True,False,0.166666641831398,0.9999998509883881,True
5,setting_mousetraps,6.0,1010,11368,7,1,0,1,0,True,False,0.166666641831398,0.9999998509883881,True
5,setting_mousetraps,6.0,1011,12320,9,2,0,1,0,True,False,0.166666641831398,0.9999998509883881,True
5,setting_mousetraps,6.0,1012,12260,4,0,0,1,0,True,False,0.3333333134651184,1.9999998807907104,True
5,setting_mousetraps,6.0,1013,13207,10,3,1,3,1,True,False,0.166666641831398,0.9999998509883881,True
5,setting_mousetraps,6.0,1014,10030,5,0,0,1,0,True,False,0.166666641831398,0.9999998509883881,True
5,setting_mousetraps,6.0,1015,14119,9,2,0,1,0,True,False,0.166666641831398,0.9999998509883881,True
5,setting_mousetraps,6.0,1016,5993,4,0,0,1,0,True,False,0.3333333134651184,1.9999998807907104,True
5,setting_mousetraps,6.0,1017,11252,5,0,0,1,0,True,False,0.166666641831398,0.9999998509883881,True
5,setting_mousetraps,6.0,1018,12619,17,7,1,2,0,True,False,0.3333333134651184,1.9999998807907104,True
5,setting_mousetraps,6.0,1019,6132,5,1,1,3,1,True,False,0.3333333134651184,1.9999998807907104,True
5,setting_mousetraps,6.0,1020,10698,7,1,0,1,0,True,False,0.166666641831398,0.9999998509883881,True
5,setting_mousetraps,6.0,1021,11086,9,2,0,1,0,True,False,0.166666641831398,0.9999998509883881,True
5,setting_mousetraps,6.0,1022,10216,19,7,0,1,0,True,False,0.166666641831398,0.9999998509883881,True
5,setting_mousetraps,6.0,1023,10117,12,4,1,2,1,True,False,0.166666641831398,0.9999998509883881,True
5,setting_mousetraps,6.0,1024,9415,15,6,0,1,0,True,False,0.4999999850988388,2.999999910593033,False
5,setting_mousetraps,6.0,1025,10719,11,3,0,1,0,True,False,0.166666641831398,0.9999998509883881,True
5,setting_mousetraps,6.0,1026,9207,8,1,0,1,0,True,False,0.0,0.0,True
5,setting_mousetraps,6.0,1027,9135,4,0,0,1,0,True,False,0.3333333134651184,1.9999998807907104,True
5,setting_mousetraps,6.0,1028,11118,12,4,0,1,0,True,False,0.3333333134651184,1.9999998807907104,True
5,setting_mousetraps,6.0,1029,10693,8,2,1,2,1,True,False,0.166666641831398,0.9999998509883881,True
5,setting_mousetraps,6.0,1030,10562,18,7,1,2,0,False,False,0.4999999850988388,2.999999910593033,False
5,setting_mousetraps,6.0,1031,8604,11,3,0,1,0,True,False,0.166666641831398,0.9999998509883881,True
5,setting_mousetraps,6.0,1032,10979,16,6,1,3,1,True,False,0.166666641831398,0.9999998509883881,True
5,setting_mousetraps,6.0,1033,11451,15,5,0,1,0,True,False,0.166666641831398,0.9999998509883881,True
5,setting_mousetraps,6.0,1034,11476,8,2,0,1,0,True,False,0.3333333134651184,1.9999998807907104,True
5,setting_mousetraps,6.0,1035,9593,13,5,1,2,2,True,False,0.166666641831398,0.9999998509883881,True
5,setting_mousetraps,6.0,1036,9707,8,2,0,1,0,True,False,0.3333333134651184,1.9999998807907104,True
5,setting_mousetraps,6.0,1037,9523,12,4,0,1,0,True,False,0.3333333134651184,1.9999998807907104,True
5,setting_mousetraps,6.0,1038,9074,13,4,1,2,1,True,False,0.0,0.0,True
5,setting_mousetraps,6.0,1039,9428,10,2,0,1,0,True,False,0.0,0.0,True
5,setting_mousetraps,6.0,1040,10015,16,5,0,1,0,True,False,0.0,0.0,True
5,setting_mousetraps,6.0,1041,9007,10,3,1,2,1,True,False,0.166666641831398,0.9999998509883881,True
5,setting_mousetraps,6.0,1042,9770,14,5,1,2,1,True,False,0.166666641831398,0.9999998509883881,True
6,hiding_Easter_eggs,9.0,1200,8935,6,0,0,1,0,True,False,0.3333333283662796,2.9999999552965164,True
6,hiding_Easter_eggs,9.0,1201,9166,8,1,0,1,0,True,False,0.3333333283662796,2.9999999552965164,True
6,hiding_Easter_eggs,9.0,1202,7804,6,0,0,1,0,True,False,0.3333333283662796,2.9999999552965164,True
6,hiding_Easter_eggs,9.0,1203,10614,6,0,0,1,0,True,False,0.3333333283662796,2.9999999552965164,True
6,hiding_Easter_eggs,9.0,1204,6883,6,0,0,1,0,True,False,0.3333333283662796,2.9999999552965164,True
6,hiding_Easter_eggs,9.0,1205,5882,6,0,0,1,0,True,False,0.3333333283662796,2.9999999552965164,True
6,hiding_Easter_eggs,9.0,1206,10740,6,0,0,1,0,True,False,0.3333333283662796,2.9999999552965164,True
6,hiding_Easter_eggs,9.0,1207,9168,6,0,0,1,0,True,False,0.3333333283662796,2.9999999552965164,True
6,hiding_Easter_eggs,9.0,1208,8361,7,1,0,1,0,True,False,0.444444440305233,3.999999962747097,True
6,hiding_Easter_eggs,9.0,1209,8427,8,1,0,1,0,True,False,0.3333333283662796,2.9999999552965164,True
6,hiding_Easter_eggs,9.0,1210,10639,7,1,0,1,0,True,False,0.444444440305233,3.999999962747097,True
6,hiding_Easter_eggs,9.0,1211,9816,11,3,0,1,0,True,False,0.444444440305233,3.999999962747097,True
6,hiding_Easter_eggs,9.0,1212,5182,6,0,0,1,0,True,False,0.3333333283662796,2.9999999552965164,True
6,hiding_Easter_eggs,9.0,1213,10559,8,2,1,2,1,True,False,0.5555555522441864,4.999999970197678,True
6,hiding_Easter_eggs,9.0,1214,13176,6,0,0,1,0,True,False,0.3333333283662796,2.9999999552965164,True
6,hiding_Easter_eggs,9.0,1215,9995,6,0,0,1,0,True,False,0.3333333283662796,2.9999999552965164,True
6,hiding_Easter_eggs,9.0,1216,11008,7,1,0,1,1,True,False,0.3333333283662796,2.9999999552965164,True
6,hiding_Easter_eggs,9.0,1217,8836,6,0,0,1,0,True,False,0.3333333283662796,2.9999999552965164,True
6,hiding_Easter_eggs,9.0,1218,10048,7,1,1,2,1,True,False,0.3333333283662796,2.9999999552965164,True
6,hiding_Easter_eggs,9.0,1219,10919,8,1,0,1,0,True,False,0.3333333283662796,2.9999999552965164,True
6,hiding_Easter_eggs,9.0,1220,8735,6,0,0,1,0,True,False,0.3333333283662796,2.9999999552965164,True
6,hiding_Easter_eggs,9.0,1221,8814,7,1,0,1,0,True,False,0.444444440305233,3.999999962747097,True
6,hiding_Easter_eggs,9.0,1222,9328,7,1,0,1,1,True,False,0.3333333283662796,2.9999999552965164,True
6,hiding_Easter_eggs,9.0,1223,7047,7,1,0,1,1,True,False,0.3333333283662796,2.9999999552965164,True
6,hiding_Easter_eggs,9.0,1224,8934,9,2,0,1,0,True,False,0.444444440305233,3.999999962747097,True
6,hiding_Easter_eggs,9.0,1225,7783,8,2,1,2,1,True,False,0.444444440305233,3.999999962747097,True
6,hiding_Easter_eggs,9.0,1226,5776,6,0,0,1,0,True,False,0.3333333283662796,2.9999999552965164,True
6,hiding_Easter_eggs,9.0,1227,9615,6,0,0,1,0,True,False,0.3333333283662796,2.9999999552965164,True
6,hiding_Easter_eggs,9.0,1228,7867,8,1,0,1,0,True,False,0.3333333283662796,2.9999999552965164,True
6,hiding_Easter_eggs,9.0,1229,5630,6,0,0,1,0,True,False,0.3333333283662796,2.9999999552965164,True
6,hiding_Easter_eggs,9.0,1230,6144,8,1,0,1,0,True,False,0.3333333283662796,2.9999999552965164,True
6,hiding_Easter_eggs,9.0,1231,6322,10,3,0,1,0,True,False,0.5555555522441864,4.999999970197678,True
6,hiding_Easter_eggs,9.0,1232,10706,8,1,0,1,0,True,False,0.3333333283662796,2.9999999552965164,True
6,hiding_Easter_eggs,9.0,1233,11065,10,2,0,1,0,True,False,0.3333333283662796,2.9999999552965164,True
6,hiding_Easter_eggs,9.0,1234,9294,6,0,0,1,0,True,False,0.3333333283662796,2.9999999552965164,True
6,hiding_Easter_eggs,9.0,1235,6563,23,10,0,1,2,True,False,0.444444440305233,3.999999962747097,True
6,hiding_Easter_eggs,9.0,1236,9006,6,0,0,1,0,True,False,0.3333333283662796,2.9999999552965164,True
6,hiding_Easter_eggs,9.0,1237,10141,6,0,0,1,0,True,False,0.3333333283662796,2.9999999552965164,True
6,hiding_Easter_eggs,9.0,1238,10752,6,0,0,1,0,True,False,0.3333333283662796,2.9999999552965164,True
6,hiding_Easter_eggs,9.0,1239,7024,6,0,0,1,0,True,False,0.3333333283662796,2.9999999552965164,True
6,hiding_Easter_eggs,9.0,1240,16405,8,1,0,1,0,True,False,0.3333333283662796,2.9999999552965164,True
6,hiding_Easter_eggs,9.0,1241,7209,7,1,0,1,0,True,False,0.444444440305233,3.999999962747097,True
6,hiding_Easter_eggs,9.0,1242,6172,7,1,0,1,1,True,False,0.3333333283662796,2.9999999552965164,True
6,hiding_Easter_eggs,9.0,1243,6109,8,1,0,1,0,True,False,0.3333333283662796,2.9999999552965164,True
6,hiding_Easter_eggs,9.0,1244,6802,8,1,0,1,0,True,False,0.3333333283662796,2.9999999552965164,True
6,hiding_Easter_eggs,9.0,1245,4593,6,0,0,1,0,True,False,0.3333333283662796,2.9999999552965164,True
6,hiding_Easter_eggs,9.0,1246,4340,6,0,0,1,0,True,False,0.3333333283662796,2.9999999552965164,True
6,hiding_Easter_eggs,9.0,1247,4560,7,1,0,1,0,True,False,0.444444440305233,3.999999962747097,True
6,hiding_Easter_eggs,9.0,1248,5435,8,1,0,1,0,True,False,0.3333333283662796,2.9999999552965164,True
6,hiding_Easter_eggs,9.0,1249,6856,6,0,0,1,0,True,False,0.3333333283662796,2.9999999552965164,True
6,hiding_Easter_eggs,9.0,1250,8588,7,1,0,1,0,True,False,0.444444440305233,3.999999962747097,True
6,hiding_Easter_eggs,9.0,1251,7557,6,0,0,1,0,True,False,0.3333333283662796,2.9999999552965164,True
6,hiding_Easter_eggs,9.0,1252,5277,8,1,0,1,0,True,False,0.3333333283662796,2.9999999552965164,True
7,picking_up_toys,6.0,1400,19523,7,1,0,1,0,True,False,0.166666641831398,0.9999998509883881,True
7,picking_up_toys,6.0,1401,8267,7,1,0,1,0,True,False,0.166666641831398,0.9999998509883881,True
7,picking_up_toys,6.0,1402,15757,8,2,0,1,1,True,False,0.166666641831398,0.9999998509883881,True
7,picking_up_toys,6.0,1403,14044,11,3,0,1,1,True,False,0.0,0.0,True
7,picking_up_toys,6.0,1404,14103,9,2,0,1,0,True,False,0.166666641831398,0.9999998509883881,True
7,picking_up_toys,6.0,1405,16731,6,0,0,1,0,True,False,0.0,0.0,True
7,picking_up_toys,6.0,1406,12962,8,2,0,1,0,True,False,0.3333333134651184,1.9999998807907104,True
7,picking_up_toys,6.0,1407,12646,6,0,0,1,0,True,False,0.0,0.0,True
7,picking_up_toys,6.0,1408,10092,11,4,0,1,2,True,False,0.166666641831398,0.9999998509883881,True
7,picking_up_toys,6.0,1409,8795,7,1,0,1,0,True,False,0.166666641831398,0.9999998509883881,True
7,picking_up_toys,6.0,1410,20442,9,2,0,1,1,True,False,0.0,0.0,True
7,picking_up_toys,6.0,1411,22442,7,1,0,1,1,True,False,0.0,0.0,True
7,picking_up_toys,6.0,1412,8640,6,0,0,1,0,True,False,0.0,0.0,True
7,picking_up_toys,6.0,1413,9677,10,2,0,1,0,True,False,0.0,0.0,True
7,picking_up_toys,6.0,1414,20106,6,0,0,1,0,True,False,0.0,0.0,True
7,picking_up_toys,6.0,1415,19063,11,3,0,1,0,True,False,0.166666641831398,0.9999998509883881,True
7,picking_up_toys,6.0,1416,7712,9,2,0,1,0,True,False,0.166666641831398,0.9999998509883881,True
7,picking_up_toys,6.0,1417,9750,10,3,0,1,1,True,False,0.166666641831398,0.9999998509883881,True
7,picking_up_toys,6.0,1418,18898,8,2,0,1,0,True,False,0.3333333134651184,1.9999998807907104,True
7,picking_up_toys,6.0,1419,16389,8,1,0,1,0,True,False,0.0,0.0,True
7,picking_up_toys,6.0,1420,16312,9,3,0,1,1,True,False,0.3333333134651184,1.9999998807907104,True
7,picking_up_toys,6.0,1421,14930,8,1,0,1,0,True,False,0.0,0.0,True
7,picking_up_toys,6.0,1422,15684,7,1,0,1,0,True,False,0.166666641831398,0.9999998509883881,True
7,picking_up_toys,6.0,1423,22465,10,2,0,1,0,True,False,0.0,0.0,True
7,picking_up_toys,6.0,1424,16067,9,2,0,1,0,True,False,0.166666641831398,0.9999998509883881,True
7,picking_up_toys,6.0,1425,17484,8,1,0,1,0,True,False,0.0,0.0,True
7,picking_up_toys,6.0,1426,15958,9,2,0,1,0,True,False,0.166666641831398,0.9999998509883881,True
7,picking_up_toys,6.0,1427,16856,10,2,1,5,0,True,False,-0.6666666716337204,-4.000000029802322,False
7,picking_up_toys,6.0,1428,19491,13,4,0,1,1,True,False,0.0,0.0,True
7,picking_up_toys,6.0,1429,20431,14,5,0,1,0,True,False,0.3333333134651184,1.9999998807907104,True
7,picking_up_toys,6.0,1430,17014,14,5,0,1,0,True,False,0.3333333134651184,1.9999998807907104,True
7,picking_up_toys,6.0,1431,20695,7,1,0,1,0,True,False,0.166666641831398,0.9999998509883881,True
7,picking_up_toys,6.0,1432,20041,8,1,0,1,0,True,False,0.0,0.0,True
7,picking_up_toys,6.0,1433,15907,9,2,0,1,0,True,False,0.166666641831398,0.9999998509883881,True
7,picking_up_toys,6.0,1434,24102,14,4,0,1,0,True,False,0.0,0.0,True
7,picking_up_toys,6.0,1435,15222,7,1,0,1,0,True,False,0.166666641831398,0.9999998509883881,True
7,picking_up_toys,6.0,1436,18075,7,1,0,1,0,True,False,0.166666641831398,0.9999998509883881,True
7,picking_up_toys,6.0,1437,17293,7,1,0,1,1,True,False,0.0,0.0,True
7,picking_up_toys,6.0,1438,21058,12,4,0,1,0,True,False,0.3333333134651184,1.9999998807907104,True
7,picking_up_toys,6.0,1439,18280,7,1,0,1,0,True,False,0.166666641831398,0.9999998509883881,True
7,picking_up_toys,6.0,1440,16617,9,3,0,1,2,True,False,0.166666641831398,0.9999998509883881,True
7,picking_up_toys,6.0,1441,19472,12,3,0,1,0,True,False,0.0,0.0,True
7,picking_up_toys,6.0,1442,19712,7,1,0,1,0,True,False,0.166666641831398,0.9999998509883881,True
7,picking_up_toys,6.0,1443,20515,9,2,0,1,0,True,False,0.166666641831398,0.9999998509883881,True
7,picking_up_toys,6.0,1444,15078,11,3,0,1,0,True,False,0.166666641831398,0.9999998509883881,True
7,picking_up_toys,6.0,1445,22947,7,1,0,1,0,True,False,0.166666641831398,0.9999998509883881,True
7,picking_up_toys,6.0,1446,19088,9,3,0,1,2,True,False,0.166666641831398,0.9999998509883881,True
7,picking_up_toys,6.0,1447,15587,8,2,0,1,1,True,False,0.166666641831398,0.9999998509883881,True
7,picking_up_toys,6.0,1448,16022,12,5,0,1,1,True,False,0.4999999850988388,2.999999910593033,False
7,picking_up_toys,6.0,1449,14713,7,1,0,1,1,True,False,0.0,0.0,True
7,picking_up_toys,6.0,1450,20768,6,0,0,1,0,True,False,0.0,0.0,True
8,rearranging_kitchen_furniture,,1600,7629,0,0,0,0,0,True,False,1.0,,False
8,rearranging_kitchen_furniture,,1601,8293,0,0,0,0,0,True,False,1.0,,False
8,rearranging_kitchen_furniture,,1602,8793,0,0,0,0,0,True,False,1.0,,False
8,rearranging_kitchen_furniture,,1603,13033,0,0,0,0,0,True,False,1.0,,False
8,rearranging_kitchen_furniture,,1604,10408,0,0,0,0,0,True,False,1.0,,False
8,rearranging_kitchen_furniture,,1605,9384,0,0,0,0,0,True,False,1.0,,False
8,rearranging_kitchen_furniture,,1606,8675,0,0,0,0,0,True,False,1.0,,False
8,rearranging_kitchen_furniture,,1607,10307,0,0,0,0,0,True,False,1.0,,False
8,rearranging_kitchen_furniture,,1608,10095,0,0,0,0,0,True,False,1.0,,False
8,rearranging_kitchen_furniture,,1609,15721,0,0,0,0,0,True,False,1.0,,False
8,rearranging_kitchen_furniture,,1610,9026,0,0,0,0,0,True,False,1.0,,False
8,rearranging_kitchen_furniture,,1611,6178,0,0,0,0,0,True,False,1.0,,False
8,rearranging_kitchen_furniture,,1612,20202,0,0,0,0,0,True,False,1.0,,False
8,rearranging_kitchen_furniture,,1613,15977,0,0,0,0,0,True,False,1.0,,False
8,rearranging_kitchen_furniture,,1614,8147,0,0,0,0,0,True,False,1.0,,False
8,rearranging_kitchen_furniture,,1615,16987,0,0,0,0,0,True,False,1.0,,False
8,rearranging_kitchen_furniture,,1616,19200,0,0,0,0,0,True,False,1.0,,False
8,rearranging_kitchen_furniture,,1617,17040,0,0,0,0,0,True,False,1.0,,False
8,rearranging_kitchen_furniture,,1618,16049,0,0,0,0,0,True,False,1.0,,False
8,rearranging_kitchen_furniture,,1619,18219,0,0,0,0,0,True,False,1.0,,False
8,rearranging_kitchen_furniture,,1620,8668,0,0,0,0,0,True,False,1.0,,False
8,rearranging_kitchen_furniture,,1621,17177,0,0,0,0,0,True,False,1.0,,False
8,rearranging_kitchen_furniture,,1622,17280,0,0,0,0,0,True,False,1.0,,False
8,rearranging_kitchen_furniture,,1623,10136,0,0,0,0,0,True,False,1.0,,False
8,rearranging_kitchen_furniture,,1624,9598,0,0,0,0,0,True,False,1.0,,False
8,rearranging_kitchen_furniture,,1625,7736,0,0,0,0,0,True,False,1.0,,False
8,rearranging_kitchen_furniture,,1626,20310,0,0,0,0,0,True,False,1.0,,False
8,rearranging_kitchen_furniture,,1627,7232,0,0,0,0,0,True,False,1.0,,False
8,rearranging_kitchen_furniture,,1628,8296,0,0,0,0,0,True,False,1.0,,False
8,rearranging_kitchen_furniture,,1629,17385,0,0,0,0,0,True,False,1.0,,False
8,rearranging_kitchen_furniture,,1630,16668,0,0,0,0,0,True,False,1.0,,False
8,rearranging_kitchen_furniture,,1631,9304,0,0,0,0,0,True,False,1.0,,False
8,rearranging_kitchen_furniture,,1632,18649,0,0,0,0,0,True,False,1.0,,False
8,rearranging_kitchen_furniture,,1633,15385,0,0,0,0,0,True,False,1.0,,False
8,rearranging_kitchen_furniture,,1634,19745,0,0,0,0,0,True,False,1.0,,False
8,rearranging_kitchen_furniture,,1635,6393,0,0,0,0,0,True,False,1.0,,False
8,rearranging_kitchen_furniture,,1636,11548,0,0,0,0,0,True,False,1.0,,False
8,rearranging_kitchen_furniture,,1637,11103,0,0,0,0,0,True,False,1.0,,False
8,rearranging_kitchen_furniture,,1638,6769,0,0,0,0,0,True,False,1.0,,False
8,rearranging_kitchen_furniture,,1639,9286,0,0,0,0,0,True,False,1.0,,False
8,rearranging_kitchen_furniture,,1640,10166,0,0,0,0,0,True,False,1.0,,False
8,rearranging_kitchen_furniture,,1641,6475,0,0,0,0,0,True,False,1.0,,False
8,rearranging_kitchen_furniture,,1642,8536,0,0,0,0,0,True,False,1.0,,False
8,rearranging_kitchen_furniture,,1643,9171,0,0,0,0,0,True,False,1.0,,False
8,rearranging_kitchen_furniture,,1644,8691,0,0,0,0,0,True,False,1.0,,False
8,rearranging_kitchen_furniture,,1645,9208,0,0,0,0,0,True,False,1.0,,False
8,rearranging_kitchen_furniture,,1646,8254,0,0,0,0,0,True,False,1.0,,False
8,rearranging_kitchen_furniture,,1647,9723,0,0,0,0,0,True,False,1.0,,False
8,rearranging_kitchen_furniture,,1648,9565,0,0,0,0,0,True,False,1.0,,False
8,rearranging_kitchen_furniture,,1649,10641,0,0,0,0,0,True,False,1.0,,False
8,rearranging_kitchen_furniture,,1650,6645,0,0,0,0,0,True,False,1.0,,False
8,rearranging_kitchen_furniture,,1651,7072,0,0,0,0,0,True,False,1.0,,False
8,rearranging_kitchen_furniture,,1652,9122,0,0,0,0,0,True,False,1.0,,False
8,rearranging_kitchen_furniture,,1653,7097,0,0,0,0,0,True,False,1.0,,False
8,rearranging_kitchen_furniture,,1654,7207,0,0,0,0,0,True,False,1.0,,False
8,rearranging_kitchen_furniture,,1655,9152,0,0,0,0,0,True,False,1.0,,False
8,rearranging_kitchen_furniture,,1656,7228,0,0,0,0,0,True,False,1.0,,False
8,rearranging_kitchen_furniture,,1657,8448,0,0,0,0,0,True,False,1.0,,False
8,rearranging_kitchen_furniture,,1658,8458,0,0,0,0,0,True,False,1.0,,False
9,putting_up_Christmas_decorations_inside,9.0,1800,16208,12,2,0,1,0,True,False,0.1111111044883728,0.9999999403953552,True
9,putting_up_Christmas_decorations_inside,9.0,1801,12024,14,6,0,1,4,True,False,0.3333333283662796,2.9999999552965164,True
9,putting_up_Christmas_decorations_inside,9.0,1802,12506,8,0,0,1,0,True,False,0.1111111044883728,0.9999999403953552,True
9,putting_up_Christmas_decorations_inside,9.0,1803,14890,12,3,0,1,1,True,False,0.2222222164273262,1.9999999478459358,False
9,putting_up_Christmas_decorations_inside,9.0,1804,12077,11,2,0,1,0,True,False,0.2222222164273262,1.9999999478459358,True
9,putting_up_Christmas_decorations_inside,9.0,1805,19307,9,2,0,1,0,True,False,0.444444440305233,3.999999962747097,True
9,putting_up_Christmas_decorations_inside,9.0,1806,12185,13,3,0,1,0,True,False,0.2222222164273262,1.9999999478459358,True
9,putting_up_Christmas_decorations_inside,9.0,1807,14166,14,4,2,3,2,True,False,0.1111111044883728,0.9999999403953552,True
9,putting_up_Christmas_decorations_inside,9.0,1808,12941,21,7,1,3,1,True,False,0.1111111044883728,0.9999999403953552,True
9,putting_up_Christmas_decorations_inside,9.0,1809,13861,18,5,0,1,0,True,False,0.1111111044883728,0.9999999403953552,True
9,putting_up_Christmas_decorations_inside,9.0,1810,18503,25,11,1,2,0,True,False,0.7777777761220932,6.999999985098839,False
9,putting_up_Christmas_decorations_inside,9.0,1811,12429,26,10,1,2,1,True,False,0.2222222164273262,1.9999999478459358,True
9,putting_up_Christmas_decorations_inside,9.0,1812,12835,12,3,0,1,1,True,False,0.2222222164273262,1.9999999478459358,True
9,putting_up_Christmas_decorations_inside,9.0,1813,11581,18,5,0,1,0,True,False,0.1111111044883728,0.9999999403953552,True
9,putting_up_Christmas_decorations_inside,9.0,1814,16198,18,5,0,1,0,True,False,0.1111111044883728,0.9999999403953552,True
9,putting_up_Christmas_decorations_inside,9.0,1815,11203,22,7,0,1,0,True,False,0.1111111044883728,0.9999999403953552,True
9,putting_up_Christmas_decorations_inside,9.0,1816,14186,14,3,0,1,0,True,False,0.1111111044883728,0.9999999403953552,True
9,putting_up_Christmas_decorations_inside,9.0,1817,10877,14,5,0,1,1,True,False,0.444444440305233,3.999999962747097,True
9,putting_up_Christmas_decorations_inside,9.0,1818,12748,15,4,0,1,0,True,False,0.2222222164273262,1.9999999478459358,False
9,putting_up_Christmas_decorations_inside,9.0,1819,12196,16,4,0,1,0,True,False,0.1111111044883728,0.9999999403953552,True
9,putting_up_Christmas_decorations_inside,9.0,1820,16242,13,4,0,1,0,True,False,0.444444440305233,3.999999962747097,True
9,putting_up_Christmas_decorations_inside,9.0,1821,11512,12,3,1,3,1,True,False,0.2222222164273262,1.9999999478459358,True
9,putting_up_Christmas_decorations_inside,9.0,1822,12082,16,4,0,1,0,True,False,0.1111111044883728,0.9999999403953552,True
9,putting_up_Christmas_decorations_inside,9.0,1823,13560,11,2,0,1,0,True,False,0.2222222164273262,1.9999999478459358,True
9,putting_up_Christmas_decorations_inside,9.0,1824,13133,13,3,0,1,1,True,False,0.1111111044883728,0.9999999403953552,True
9,putting_up_Christmas_decorations_inside,9.0,1825,16811,10,2,0,1,0,True,False,0.3333333283662796,2.9999999552965164,False
9,putting_up_Christmas_decorations_inside,9.0,1826,13105,15,4,0,1,0,True,False,0.2222222164273262,1.9999999478459358,True
9,putting_up_Christmas_decorations_inside,9.0,1827,13978,17,4,0,1,0,True,False,0.0,0.0,False
9,putting_up_Christmas_decorations_inside,9.0,1828,11972,17,6,0,1,1,True,False,0.3333333283662796,2.9999999552965164,True
9,putting_up_Christmas_decorations_inside,9.0,1829,14108,16,4,0,1,0,True,False,0.1111111044883728,0.9999999403953552,True
9,putting_up_Christmas_decorations_inside,9.0,1830,13236,15,5,1,2,1,True,False,0.3333333283662796,2.9999999552965164,True
9,putting_up_Christmas_decorations_inside,9.0,1831,14398,18,6,1,2,1,True,False,0.2222222164273262,1.9999999478459358,True
9,putting_up_Christmas_decorations_inside,9.0,1832,12091,10,2,0,1,0,True,False,0.3333333283662796,2.9999999552965164,True
9,putting_up_Christmas_decorations_inside,9.0,1833,13896,19,6,0,1,1,True,False,0.1111111044883728,0.9999999403953552,True
9,putting_up_Christmas_decorations_inside,9.0,1834,12231,12,3,1,3,1,True,False,0.2222222164273262,1.9999999478459358,True
9,putting_up_Christmas_decorations_inside,9.0,1835,15035,16,5,0,1,1,True,False,0.2222222164273262,1.9999999478459358,True
9,putting_up_Christmas_decorations_inside,9.0,1836,14694,21,8,1,3,1,True,False,0.3333333283662796,2.9999999552965164,False
9,putting_up_Christmas_decorations_inside,9.0,1837,15996,20,7,0,1,0,True,False,0.3333333283662796,2.9999999552965164,False
9,putting_up_Christmas_decorations_inside,9.0,1838,11766,23,8,0,1,0,True,False,0.2222222164273262,1.9999999478459358,True
9,putting_up_Christmas_decorations_inside,9.0,1839,17079,7,1,0,1,0,True,False,0.444444440305233,3.999999962747097,True
9,putting_up_Christmas_decorations_inside,9.0,1840,13556,21,7,0,1,0,True,False,0.2222222164273262,1.9999999478459358,False
9,putting_up_Christmas_decorations_inside,9.0,1841,12926,17,5,0,1,1,True,False,0.1111111044883728,0.9999999403953552,True
9,putting_up_Christmas_decorations_inside,9.0,1842,11712,9,1,0,1,1,True,False,0.1111111044883728,0.9999999403953552,True
9,putting_up_Christmas_decorations_inside,9.0,1843,12921,11,2,1,2,1,True,False,0.1111111044883728,0.9999999403953552,True
9,putting_up_Christmas_decorations_inside,9.0,1844,14898,13,3,1,3,1,True,False,0.1111111044883728,0.9999999403953552,False
9,putting_up_Christmas_decorations_inside,9.0,1845,15963,12,3,1,2,1,True,False,0.2222222164273262,1.9999999478459358,True
9,putting_up_Christmas_decorations_inside,9.0,1846,13305,13,3,0,1,1,True,False,0.1111111044883728,0.9999999403953552,True
9,putting_up_Christmas_decorations_inside,9.0,1847,13203,16,5,0,1,0,True,False,0.3333333283662796,2.9999999552965164,False
9,putting_up_Christmas_decorations_inside,9.0,1848,12071,11,2,1,3,1,True,False,0.1111111044883728,0.9999999403953552,True
10,set_up_a_coffee_station_in_your_kitchen,6.0,2000,3598,6,1,0,1,0,True,False,0.3333333134651184,1.9999998807907104,True
10,set_up_a_coffee_station_in_your_kitchen,6.0,2001,6748,6,1,0,1,0,True,False,0.3333333134651184,1.9999998807907104,True
10,set_up_a_coffee_station_in_your_kitchen,6.0,2002,8871,8,1,0,1,0,True,False,0.0,0.0,True
10,set_up_a_coffee_station_in_your_kitchen,6.0,2003,4510,11,4,0,1,1,True,False,0.3333333134651184,1.9999998807907104,True
10,set_up_a_coffee_station_in_your_kitchen,6.0,2004,7839,7,1,0,1,0,True,False,0.166666641831398,0.9999998509883881,True
10,set_up_a_coffee_station_in_your_kitchen,6.0,2005,7071,13,5,0,1,1,True,False,0.3333333134651184,1.9999998807907104,True
10,set_up_a_coffee_station_in_your_kitchen,6.0,2006,7141,19,7,0,1,0,True,False,0.166666641831398,0.9999998509883881,True
10,set_up_a_coffee_station_in_your_kitchen,6.0,2007,8175,7,2,0,1,1,True,False,0.3333333134651184,1.9999998807907104,True
10,set_up_a_coffee_station_in_your_kitchen,6.0,2008,6607,9,3,0,1,0,True,False,0.4999999850988388,2.999999910593033,False
10,set_up_a_coffee_station_in_your_kitchen,6.0,2009,7285,11,3,0,1,0,True,False,0.166666641831398,0.9999998509883881,True
10,set_up_a_coffee_station_in_your_kitchen,6.0,2010,5799,11,4,0,1,0,True,False,0.4999999850988388,2.999999910593033,False
10,set_up_a_coffee_station_in_your_kitchen,6.0,2011,7152,4,0,0,1,0,True,False,0.3333333134651184,1.9999998807907104,True
10,set_up_a_coffee_station_in_your_kitchen,6.0,2012,7422,8,2,0,1,0,True,False,0.3333333134651184,1.9999998807907104,False
10,set_up_a_coffee_station_in_your_kitchen,6.0,2013,8985,9,2,0,1,0,True,False,0.166666641831398,0.9999998509883881,True
10,set_up_a_coffee_station_in_your_kitchen,6.0,2014,7214,11,4,0,1,1,True,False,0.3333333134651184,1.9999998807907104,True
10,set_up_a_coffee_station_in_your_kitchen,6.0,2015,6924,13,5,0,1,0,True,False,0.4999999850988388,2.999999910593033,True
10,set_up_a_coffee_station_in_your_kitchen,6.0,2016,4459,6,1,0,1,0,True,False,0.3333333134651184,1.9999998807907104,True
10,set_up_a_coffee_station_in_your_kitchen,6.0,2017,10335,11,3,0,1,0,True,False,0.166666641831398,0.9999998509883881,True
10,set_up_a_coffee_station_in_your_kitchen,6.0,2018,7658,6,1,0,1,1,True,False,0.166666641831398,0.9999998509883881,True
10,set_up_a_coffee_station_in_your_kitchen,6.0,2019,7584,9,3,0,1,0,True,False,0.4999999850988388,2.999999910593033,True
10,set_up_a_coffee_station_in_your_kitchen,6.0,2020,5855,9,2,0,1,0,True,False,0.166666641831398,0.9999998509883881,True
10,set_up_a_coffee_station_in_your_kitchen,6.0,2021,6170,8,2,0,1,1,True,False,0.166666641831398,0.9999998509883881,True
10,set_up_a_coffee_station_in_your_kitchen,6.0,2022,5030,4,0,0,1,0,True,False,0.3333333134651184,1.9999998807907104,True
10,set_up_a_coffee_station_in_your_kitchen,6.0,2023,6441,11,5,0,1,2,True,False,0.4999999850988388,2.999999910593033,True
10,set_up_a_coffee_station_in_your_kitchen,6.0,2024,6329,7,1,0,1,0,True,False,0.166666641831398,0.9999998509883881,True
10,set_up_a_coffee_station_in_your_kitchen,6.0,2025,5637,11,4,0,1,1,True,False,0.3333333134651184,1.9999998807907104,False
10,set_up_a_coffee_station_in_your_kitchen,6.0,2026,4952,6,1,0,1,0,True,False,0.3333333134651184,1.9999998807907104,True
10,set_up_a_coffee_station_in_your_kitchen,6.0,2027,6457,11,4,0,1,2,True,False,0.166666641831398,0.9999998509883881,True
10,set_up_a_coffee_station_in_your_kitchen,6.0,2028,4247,9,3,0,1,3,True,False,0.0,0.0,True
10,set_up_a_coffee_station_in_your_kitchen,6.0,2029,7112,13,4,0,1,0,True,False,0.166666641831398,0.9999998509883881,True
10,set_up_a_coffee_station_in_your_kitchen,6.0,2030,7773,9,2,0,1,0,True,False,0.166666641831398,0.9999998509883881,True
10,set_up_a_coffee_station_in_your_kitchen,6.0,2031,5802,10,3,0,1,0,True,False,0.3333333134651184,1.9999998807907104,True
10,set_up_a_coffee_station_in_your_kitchen,6.0,2032,7216,7,1,0,1,0,True,False,0.166666641831398,0.9999998509883881,True
10,set_up_a_coffee_station_in_your_kitchen,6.0,2033,6870,7,2,0,1,0,True,False,0.4999999850988388,2.999999910593033,False
10,set_up_a_coffee_station_in_your_kitchen,6.0,2034,8133,6,1,0,1,1,True,False,0.166666641831398,0.9999998509883881,True
10,set_up_a_coffee_station_in_your_kitchen,6.0,2035,6842,13,6,0,1,2,True,False,0.4999999850988388,2.999999910593033,False
10,set_up_a_coffee_station_in_your_kitchen,6.0,2036,4692,7,2,0,1,1,True,False,0.3333333134651184,1.9999998807907104,True
10,set_up_a_coffee_station_in_your_kitchen,6.0,2037,3999,9,3,0,1,1,True,False,0.3333333134651184,1.9999998807907104,True
10,set_up_a_coffee_station_in_your_kitchen,6.0,2038,4582,7,2,0,1,0,True,False,0.4999999850988388,2.999999910593033,False
10,set_up_a_coffee_station_in_your_kitchen,6.0,2039,8508,22,10,0,1,0,True,False,0.6666666567325592,3.9999999403953552,True
10,set_up_a_coffee_station_in_your_kitchen,6.0,2040,5904,6,1,0,1,0,True,False,0.3333333134651184,1.9999998807907104,True
10,set_up_a_coffee_station_in_your_kitchen,6.0,2041,6447,11,4,0,1,1,True,False,0.3333333134651184,1.9999998807907104,True
10,set_up_a_coffee_station_in_your_kitchen,6.0,2042,8989,16,6,0,1,1,True,False,0.166666641831398,0.9999998509883881,True
10,set_up_a_coffee_station_in_your_kitchen,6.0,2043,8514,11,4,0,1,0,True,False,0.4999999850988388,2.999999910593033,False
10,set_up_a_coffee_station_in_your_kitchen,6.0,2044,7215,4,0,0,1,0,True,False,0.3333333134651184,1.9999998807907104,True
10,set_up_a_coffee_station_in_your_kitchen,6.0,2045,8721,8,2,0,1,1,True,False,0.166666641831398,0.9999998509883881,True
10,set_up_a_coffee_station_in_your_kitchen,6.0,2046,9837,7,1,0,1,0,True,False,0.166666641831398,0.9999998509883881,True
10,set_up_a_coffee_station_in_your_kitchen,6.0,2047,6856,17,6,0,1,0,True,False,0.166666641831398,0.9999998509883881,True
10,set_up_a_coffee_station_in_your_kitchen,6.0,2048,8732,14,5,0,1,1,True,False,0.166666641831398,0.9999998509883881,True
10,set_up_a_coffee_station_in_your_kitchen,6.0,2049,6781,7,1,0,1,0,True,False,0.166666641831398,0.9999998509883881,True
10,set_up_a_coffee_station_in_your_kitchen,6.0,2050,6079,11,3,0,1,0,True,False,0.166666641831398,0.9999998509883881,True
10,set_up_a_coffee_station_in_your_kitchen,6.0,2051,6088,8,2,0,1,0,True,False,0.3333333134651184,1.9999998807907104,True
10,set_up_a_coffee_station_in_your_kitchen,6.0,2052,6333,9,3,0,1,1,True,False,0.3333333134651184,1.9999998807907104,False
10,set_up_a_coffee_station_in_your_kitchen,6.0,2053,6947,8,2,0,1,1,True,False,0.166666641831398,0.9999998509883881,True
10,set_up_a_coffee_station_in_your_kitchen,6.0,2054,8117,16,7,0,1,2,True,False,0.3333333134651184,1.9999998807907104,True
10,set_up_a_coffee_station_in_your_kitchen,6.0,2055,7823,13,4,0,1,0,True,False,0.166666641831398,0.9999998509883881,True
10,set_up_a_coffee_station_in_your_kitchen,6.0,2056,6511,11,4,0,1,1,True,False,0.3333333134651184,1.9999998807907104,True
10,set_up_a_coffee_station_in_your_kitchen,6.0,2057,6868,7,1,0,1,0,True,False,0.166666641831398,0.9999998509883881,True
10,set_up_a_coffee_station_in_your_kitchen,6.0,2058,6601,10,3,0,1,1,True,False,0.166666641831398,0.9999998509883881,True
10,set_up_a_coffee_station_in_your_kitchen,6.0,2059,6831,11,3,0,1,0,True,False,0.166666641831398,0.9999998509883881,True
10,set_up_a_coffee_station_in_your_kitchen,6.0,2060,5891,22,9,0,1,1,True,False,0.166666641831398,0.9999998509883881,True
10,set_up_a_coffee_station_in_your_kitchen,6.0,2061,8516,7,1,0,1,0,True,False,0.166666641831398,0.9999998509883881,True
10,set_up_a_coffee_station_in_your_kitchen,6.0,2062,7698,6,2,0,1,1,True,False,0.4999999850988388,2.999999910593033,False
10,set_up_a_coffee_station_in_your_kitchen,6.0,2063,6133,14,4,0,1,0,True,False,0.0,0.0,True
10,set_up_a_coffee_station_in_your_kitchen,6.0,2064,5372,7,1,0,1,0,True,False,0.166666641831398,0.9999998509883881,True
10,set_up_a_coffee_station_in_your_kitchen,6.0,2065,8741,6,1,0,1,1,True,False,0.166666641831398,0.9999998509883881,True
11,putting_dishes_away_after_cleaning,14.0,2200,11165,2,1,0,1,1,True,False,0.9285714253783226,12.999999955296516,True
11,putting_dishes_away_after_cleaning,14.0,2201,12245,2,1,0,1,1,True,False,0.9285714253783226,12.999999955296516,True
11,putting_dishes_away_after_cleaning,14.0,2202,11955,3,1,0,1,0,True,False,0.9285714253783226,12.999999955296516,False
11,putting_dishes_away_after_cleaning,14.0,2203,11308,3,1,0,1,0,True,False,0.9285714253783226,12.999999955296516,False
11,putting_dishes_away_after_cleaning,14.0,2204,11808,3,1,0,1,0,True,False,0.9285714253783226,12.999999955296516,False
11,putting_dishes_away_after_cleaning,14.0,2205,11049,2,1,0,1,1,True,False,0.9285714253783226,12.999999955296516,True
11,putting_dishes_away_after_cleaning,14.0,2206,11499,2,1,0,1,1,True,False,0.9285714253783226,12.999999955296516,True
11,putting_dishes_away_after_cleaning,14.0,2207,9816,3,1,0,1,0,True,False,0.9285714253783226,12.999999955296516,False
11,putting_dishes_away_after_cleaning,14.0,2208,12629,2,1,0,1,1,True,False,0.9285714253783226,12.999999955296516,True
11,putting_dishes_away_after_cleaning,14.0,2209,10939,3,1,0,1,0,True,False,0.9285714253783226,12.999999955296516,False
11,putting_dishes_away_after_cleaning,14.0,2210,12215,2,1,0,1,1,True,False,0.9285714253783226,12.999999955296516,True
11,putting_dishes_away_after_cleaning,14.0,2211,11607,2,1,0,1,1,True,False,0.9285714253783226,12.999999955296516,True
11,putting_dishes_away_after_cleaning,14.0,2212,11149,3,1,0,1,0,True,False,0.9285714253783226,12.999999955296516,False
11,putting_dishes_away_after_cleaning,14.0,2213,9709,3,1,0,1,0,True,False,0.9285714253783226,12.999999955296516,False
11,putting_dishes_away_after_cleaning,14.0,2214,9800,2,1,0,1,1,True,False,0.9285714253783226,12.999999955296516,True
11,putting_dishes_away_after_cleaning,14.0,2215,9405,2,1,0,1,1,True,False,0.9285714253783226,12.999999955296516,True
11,putting_dishes_away_after_cleaning,14.0,2216,9686,3,1,0,1,0,True,False,0.9285714253783226,12.999999955296516,False
11,putting_dishes_away_after_cleaning,14.0,2217,10623,2,1,0,1,1,True,False,0.9285714253783226,12.999999955296516,True
11,putting_dishes_away_after_cleaning,14.0,2218,10906,3,1,0,1,0,True,False,0.9285714253783226,12.999999955296516,False
11,putting_dishes_away_after_cleaning,14.0,2219,11421,2,1,0,1,1,True,False,0.9285714253783226,12.999999955296516,True
11,putting_dishes_away_after_cleaning,14.0,2220,11384,2,1,0,1,1,True,False,0.9285714253783226,12.999999955296516,True
11,putting_dishes_away_after_cleaning,14.0,2221,9775,3,1,0,1,0,True,False,0.9285714253783226,12.999999955296516,False
11,putting_dishes_away_after_cleaning,14.0,2222,11675,3,1,0,1,0,True,False,0.9285714253783226,12.999999955296516,False
11,putting_dishes_away_after_cleaning,14.0,2223,16153,3,2,0,1,2,True,False,0.9285714253783226,12.999999955296516,True
11,putting_dishes_away_after_cleaning,14.0,2224,9733,2,1,0,1,1,True,False,0.9285714253783226,12.999999955296516,True
11,putting_dishes_away_after_cleaning,14.0,2225,10830,2,1,0,1,1,True,False,0.9285714253783226,12.999999955296516,True
11,putting_dishes_away_after_cleaning,14.0,2226,10146,3,2,0,1,2,True,False,0.9285714253783226,12.999999955296516,True
11,putting_dishes_away_after_cleaning,14.0,2227,8254,3,1,0,1,0,True,False,0.9285714253783226,12.999999955296516,False
11,putting_dishes_away_after_cleaning,14.0,2228,9667,2,1,0,1,1,True,False,0.9285714253783226,12.999999955296516,True
11,putting_dishes_away_after_cleaning,14.0,2229,8659,2,1,0,1,1,True,False,0.9285714253783226,12.999999955296516,True
11,putting_dishes_away_after_cleaning,14.0,2230,13586,2,1,0,1,1,True,False,0.9285714253783226,12.999999955296516,True
11,putting_dishes_away_after_cleaning,14.0,2231,11288,2,1,0,1,1,True,False,0.9285714253783226,12.999999955296516,True
11,putting_dishes_away_after_cleaning,14.0,2232,9290,2,1,0,1,1,True,False,0.9285714253783226,12.999999955296516,True
11,putting_dishes_away_after_cleaning,14.0,2233,9076,2,1,0,1,1,True,False,0.9285714253783226,12.999999955296516,True
11,putting_dishes_away_after_cleaning,14.0,2234,9238,2,1,0,1,1,True,False,0.9285714253783226,12.999999955296516,True
11,putting_dishes_away_after_cleaning,14.0,2235,9250,2,1,0,1,1,True,False,0.9285714253783226,12.999999955296516,True
11,putting_dishes_away_after_cleaning,14.0,2236,14160,2,1,0,1,1,True,False,0.9285714253783226,12.999999955296516,True
11,putting_dishes_away_after_cleaning,14.0,2237,9616,2,1,0,1,1,True,False,0.9285714253783226,12.999999955296516,True
11,putting_dishes_away_after_cleaning,14.0,2238,9829,2,1,0,1,1,True,False,0.9285714253783226,12.999999955296516,True
11,putting_dishes_away_after_cleaning,14.0,2239,13253,2,1,0,1,1,True,False,0.9285714253783226,12.999999955296516,True
11,putting_dishes_away_after_cleaning,14.0,2240,10006,4,2,0,1,1,True,False,0.9285714253783226,12.999999955296516,False
12,preparing_lunch_box,6.0,2400,7982,8,2,0,1,1,True,False,0.166666641831398,0.9999998509883881,True
12,preparing_lunch_box,6.0,2401,7325,9,2,0,1,0,True,False,0.166666641831398,0.9999998509883881,True
12,preparing_lunch_box,6.0,2402,7171,8,1,0,1,0,True,False,0.0,0.0,True
12,preparing_lunch_box,6.0,2403,7757,10,4,0,1,2,True,False,0.3333333134651184,1.9999998807907104,True
12,preparing_lunch_box,6.0,2404,8949,7,1,0,1,0,True,False,0.166666641831398,0.9999998509883881,True
12,preparing_lunch_box,6.0,2405,7954,7,1,0,1,0,True,False,0.166666641831398,0.9999998509883881,True
12,preparing_lunch_box,6.0,2406,8034,9,2,0,1,0,True,False,0.166666641831398,0.9999998509883881,True
12,preparing_lunch_box,6.0,2407,6373,8,1,0,1,0,True,False,0.0,0.0,True
12,preparing_lunch_box,6.0,2408,9079,8,1,0,1,0,True,False,0.0,0.0,True
12,preparing_lunch_box,6.0,2409,9574,10,3,0,1,0,True,False,0.3333333134651184,1.9999998807907104,True
12,preparing_lunch_box,6.0,2410,8000,10,4,0,1,1,True,False,0.4999999850988388,2.999999910593033,False
12,preparing_lunch_box,6.0,2411,9086,7,1,0,1,0,True,False,0.166666641831398,0.9999998509883881,True
12,preparing_lunch_box,6.0,2412,9571,12,4,0,1,0,True,False,0.3333333134651184,1.9999998807907104,True
12,preparing_lunch_box,6.0,2413,9511,9,3,0,1,1,True,False,0.3333333134651184,1.9999998807907104,False
12,preparing_lunch_box,6.0,2414,11476,11,4,0,1,1,True,False,0.3333333134651184,1.9999998807907104,True
12,preparing_lunch_box,6.0,2415,8373,9,3,0,1,0,True,False,0.4999999850988388,2.999999910593033,True
12,preparing_lunch_box,6.0,2416,9227,7,1,0,1,0,True,False,0.166666641831398,0.9999998509883881,True
12,preparing_lunch_box,6.0,2417,7595,13,6,1,2,0,True,False,0.6666666567325592,3.9999999403953552,False
12,preparing_lunch_box,6.0,2418,8751,8,2,0,1,0,True,False,0.3333333134651184,1.9999998807907104,True
12,preparing_lunch_box,6.0,2419,7054,12,4,0,1,1,True,False,0.166666641831398,0.9999998509883881,True
12,preparing_lunch_box,6.0,2420,8811,8,2,0,1,0,True,False,0.3333333134651184,1.9999998807907104,True
12,preparing_lunch_box,6.0,2421,7794,9,2,0,1,0,True,False,0.166666641831398,0.9999998509883881,True
12,preparing_lunch_box,6.0,2422,9530,15,5,0,1,0,True,False,0.166666641831398,0.9999998509883881,True
12,preparing_lunch_box,6.0,2423,17730,7,1,0,1,0,True,False,0.166666641831398,0.9999998509883881,True
12,preparing_lunch_box,6.0,2424,12843,9,2,0,1,0,True,False,0.166666641831398,0.9999998509883881,True
12,preparing_lunch_box,6.0,2425,7151,11,4,0,1,1,True,False,0.3333333134651184,1.9999998807907104,True
12,preparing_lunch_box,6.0,2426,5950,9,3,0,1,0,True,False,0.4999999850988388,2.999999910593033,False
12,preparing_lunch_box,6.0,2427,14506,7,1,0,1,0,True,False,0.166666641831398,0.9999998509883881,True
12,preparing_lunch_box,6.0,2428,11531,7,1,0,1,0,True,False,0.166666641831398,0.9999998509883881,True
12,preparing_lunch_box,6.0,2429,13745,8,2,0,1,1,True,False,0.166666641831398,0.9999998509883881,True
12,preparing_lunch_box,6.0,2430,11524,8,1,0,1,0,True,False,0.0,0.0,True
12,preparing_lunch_box,6.0,2431,11764,8,1,0,1,0,True,False,0.0,0.0,True
12,preparing_lunch_box,6.0,2432,12502,8,2,0,1,0,True,False,0.3333333134651184,1.9999998807907104,True
12,preparing_lunch_box,6.0,2433,6492,9,3,0,1,0,True,False,0.4999999850988388,2.999999910593033,False
12,preparing_lunch_box,6.0,2434,14371,7,1,0,1,0,True,False,0.166666641831398,0.9999998509883881,True
12,preparing_lunch_box,6.0,2435,14846,9,3,0,1,1,True,False,0.3333333134651184,1.9999998807907104,False
12,preparing_lunch_box,6.0,2436,17271,8,2,0,1,0,True,False,0.3333333134651184,1.9999998807907104,False
12,preparing_lunch_box,6.0,2437,14697,8,2,0,1,0,True,False,0.3333333134651184,1.9999998807907104,False
12,preparing_lunch_box,6.0,2438,15267,7,1,0,1,0,True,False,0.166666641831398,0.9999998509883881,True
12,preparing_lunch_box,6.0,2439,6871,8,2,0,1,0,True,False,0.3333333134651184,1.9999998807907104,True
12,preparing_lunch_box,6.0,2440,6983,11,5,0,1,1,True,False,0.6666666567325592,3.9999999403953552,False
12,preparing_lunch_box,6.0,2441,17662,7,1,0,1,0,True,False,0.166666641831398,0.9999998509883881,True
12,preparing_lunch_box,6.0,2442,13872,7,1,0,1,0,True,False,0.166666641831398,0.9999998509883881,True
13,loading_the_car,3.0,2600,13720,3,0,0,1,0,True,False,0.0,0.0,True
13,loading_the_car,3.0,2601,13399,3,0,0,1,0,True,False,0.0,0.0,True
13,loading_the_car,3.0,2602,10241,3,0,0,1,0,True,False,0.0,0.0,True
13,loading_the_car,3.0,2603,9296,3,0,0,1,0,True,False,0.0,0.0,True
13,loading_the_car,3.0,2604,19998,3,0,0,1,0,True,False,0.0,0.0,True
13,loading_the_car,3.0,2605,20068,4,1,0,1,0,True,False,0.3333333134651184,0.9999999403953552,True
13,loading_the_car,3.0,2606,20813,4,1,0,1,0,True,False,0.3333333134651184,0.9999999403953552,False
13,loading_the_car,3.0,2607,14342,4,1,0,1,1,True,False,0.0,0.0,True
13,loading_the_car,3.0,2608,14095,3,0,0,1,0,True,False,0.0,0.0,True
13,loading_the_car,3.0,2609,12248,3,0,0,1,0,True,False,0.0,0.0,True
13,loading_the_car,3.0,2610,14042,5,1,0,1,0,True,False,0.0,0.0,True
13,loading_the_car,3.0,2611,14324,3,0,0,1,0,True,False,0.0,0.0,True
13,loading_the_car,3.0,2612,14280,3,0,0,1,0,True,False,0.0,0.0,True
13,loading_the_car,3.0,2613,13902,5,2,0,1,2,True,False,0.0,0.0,True
13,loading_the_car,3.0,2614,14653,4,1,0,1,1,True,False,0.0,0.0,True
13,loading_the_car,3.0,2615,13880,7,2,0,1,0,True,False,0.0,0.0,True
13,loading_the_car,3.0,2616,19976,3,0,0,1,0,True,False,0.0,0.0,True
13,loading_the_car,3.0,2617,14001,3,0,0,1,0,True,False,0.0,0.0,True
13,loading_the_car,3.0,2618,13468,3,0,0,1,0,True,False,0.0,0.0,True
13,loading_the_car,3.0,2619,14703,3,0,0,1,0,True,False,0.0,0.0,True
13,loading_the_car,3.0,2620,14226,3,0,0,1,0,True,False,0.0,0.0,True
13,loading_the_car,3.0,2621,14974,3,0,0,1,0,True,False,0.0,0.0,True
13,loading_the_car,3.0,2622,21504,3,0,0,1,0,True,False,0.0,0.0,True
13,loading_the_car,3.0,2623,19208,6,2,0,1,1,True,False,0.0,0.0,True
13,loading_the_car,3.0,2624,20404,3,0,0,1,0,True,False,0.0,0.0,True
13,loading_the_car,3.0,2625,21618,3,0,0,1,0,True,False,0.0,0.0,True
13,loading_the_car,3.0,2626,19416,3,0,0,1,0,True,False,0.0,0.0,True
13,loading_the_car,3.0,2627,19052,3,0,0,1,0,True,False,0.0,0.0,True
13,loading_the_car,3.0,2628,19802,3,0,0,1,0,True,False,0.0,0.0,True
13,loading_the_car,3.0,2629,17512,3,0,0,1,0,True,False,0.0,0.0,True
13,loading_the_car,3.0,2630,20622,5,1,0,1,0,True,False,0.0,0.0,True
13,loading_the_car,3.0,2631,19866,3,0,0,1,0,True,False,0.0,0.0,True
13,loading_the_car,3.0,2632,19619,3,0,0,1,0,True,False,0.0,0.0,True
13,loading_the_car,3.0,2633,21627,3,0,0,1,0,True,False,0.0,0.0,True
13,loading_the_car,3.0,2634,18979,4,1,0,1,1,True,False,0.0,0.0,True
13,loading_the_car,3.0,2635,22693,4,1,0,1,1,True,False,0.0,0.0,True
13,loading_the_car,3.0,2636,17611,4,1,0,1,1,True,False,0.0,0.0,True
13,loading_the_car,3.0,2637,17596,3,0,0,1,0,True,False,0.0,0.0,True
13,loading_the_car,3.0,2638,20498,3,0,0,1,0,True,False,0.0,0.0,True
13,loading_the_car,3.0,2639,18126,4,1,0,1,1,True,False,0.0,0.0,True
13,loading_the_car,3.0,2640,18987,3,0,0,1,0,True,False,0.0,0.0,True
13,loading_the_car,3.0,2641,16691,3,0,0,1,0,True,False,0.0,0.0,True
13,loading_the_car,3.0,2642,19962,6,2,0,1,1,True,False,0.0,0.0,True
13,loading_the_car,3.0,2643,21096,4,1,0,1,1,True,False,0.0,0.0,True
13,loading_the_car,3.0,2644,19787,3,0,0,1,0,True,False,0.0,0.0,True
13,loading_the_car,3.0,2645,17939,5,1,0,1,0,True,False,0.0,0.0,True
13,loading_the_car,3.0,2646,17531,3,0,0,1,0,True,False,0.0,0.0,True
13,loading_the_car,3.0,2647,17026,3,0,0,1,0,True,False,0.0,0.0,True
13,loading_the_car,3.0,2648,21265,3,0,0,1,0,True,False,0.0,0.0,True
14,carrying_in_groceries,4.0,2800,14627,5,1,0,1,0,True,False,0.25,1.0,True
14,carrying_in_groceries,4.0,2801,16344,6,2,0,1,1,True,False,0.25,1.0,True
14,carrying_in_groceries,4.0,2802,15865,5,1,0,1,0,True,False,0.25,1.0,True
14,carrying_in_groceries,4.0,2803,16027,5,1,0,1,0,True,False,0.25,1.0,True
14,carrying_in_groceries,4.0,2804,15889,5,1,0,1,0,True,False,0.25,1.0,True
14,carrying_in_groceries,4.0,2805,17747,5,1,0,1,0,True,False,0.25,1.0,True
14,carrying_in_groceries,4.0,2806,16564,7,2,0,1,1,True,False,0.0,0.0,True
14,carrying_in_groceries,4.0,2807,17384,6,2,0,1,1,True,False,0.25,1.0,True
14,carrying_in_groceries,4.0,2808,16366,6,2,0,1,1,True,False,0.25,1.0,True
14,carrying_in_groceries,4.0,2809,20170,7,2,0,1,0,True,False,0.25,1.0,True
14,carrying_in_groceries,4.0,2810,19592,5,1,0,1,0,True,False,0.25,1.0,True
14,carrying_in_groceries,4.0,2811,18355,5,1,0,1,0,True,False,0.25,1.0,True
14,carrying_in_groceries,4.0,2812,18156,6,1,0,1,0,True,False,0.0,0.0,True
14,carrying_in_groceries,4.0,2813,18263,6,2,0,1,0,True,False,0.5,2.0,True
14,carrying_in_groceries,4.0,2814,16089,5,1,0,1,0,True,False,0.25,1.0,True
14,carrying_in_groceries,4.0,2815,16700,5,1,0,1,0,True,False,0.25,1.0,True
14,carrying_in_groceries,4.0,2816,16369,5,1,0,1,0,True,False,0.25,1.0,True
14,carrying_in_groceries,4.0,2817,17449,5,1,0,1,0,True,False,0.25,1.0,True
14,carrying_in_groceries,4.0,2818,16044,6,1,0,1,0,True,False,0.0,0.0,True
14,carrying_in_groceries,4.0,2819,17482,5,1,0,1,0,True,False,0.25,1.0,True
14,carrying_in_groceries,4.0,2820,18747,5,1,0,1,0,True,False,0.25,1.0,True
14,carrying_in_groceries,4.0,2821,16991,5,1,0,1,0,True,False,0.25,1.0,True
14,carrying_in_groceries,4.0,2822,15938,5,1,0,1,0,True,False,0.25,1.0,True
14,carrying_in_groceries,4.0,2823,17201,6,2,0,1,0,True,False,0.5,2.0,False
14,carrying_in_groceries,4.0,2824,13224,6,1,0,1,0,True,False,0.0,0.0,True
14,carrying_in_groceries,4.0,2825,12132,5,1,0,1,0,True,False,0.25,1.0,True
14,carrying_in_groceries,4.0,2826,13226,6,2,0,1,0,True,False,0.5,2.0,False
14,carrying_in_groceries,4.0,2827,12611,5,1,0,1,0,True,False,0.25,1.0,True
14,carrying_in_groceries,4.0,2828,13089,5,1,0,1,0,True,False,0.25,1.0,True
14,carrying_in_groceries,4.0,2829,13146,5,1,0,1,0,True,False,0.25,1.0,True
14,carrying_in_groceries,4.0,2830,11571,5,1,0,1,0,True,False,0.25,1.0,True
14,carrying_in_groceries,4.0,2831,11779,6,2,0,1,0,True,False,0.5,2.0,True
14,carrying_in_groceries,4.0,2832,13623,6,1,0,1,0,True,False,0.0,0.0,True
14,carrying_in_groceries,4.0,2833,12502,6,1,0,1,0,True,False,0.0,0.0,True
14,carrying_in_groceries,4.0,2834,12141,6,2,0,1,0,True,False,0.5,2.0,False
14,carrying_in_groceries,4.0,2835,12787,6,2,0,1,1,True,False,0.25,1.0,True
14,carrying_in_groceries,4.0,2836,12454,6,2,0,1,0,True,False,0.5,2.0,False
14,carrying_in_groceries,4.0,2837,12174,5,1,0,1,0,True,False,0.25,1.0,True
14,carrying_in_groceries,4.0,2838,12354,5,1,0,1,0,True,False,0.25,1.0,True
14,carrying_in_groceries,4.0,2839,12586,7,2,0,1,0,True,False,0.25,1.0,False
14,carrying_in_groceries,4.0,2840,13266,5,1,0,1,0,True,False,0.25,1.0,True
14,carrying_in_groceries,4.0,2841,13198,6,2,0,1,0,True,False,0.5,2.0,False
14,carrying_in_groceries,4.0,2842,12140,5,1,0,1,0,True,False,0.25,1.0,True
14,carrying_in_groceries,4.0,2843,12274,5,1,0,1,0,True,False,0.25,1.0,True
14,carrying_in_groceries,4.0,2844,11179,6,1,0,1,0,True,False,0.0,0.0,True
15,bringing_in_wood,3.0,3000,11444,4,1,0,1,0,True,False,0.3333333134651184,0.9999999403953552,True
15,bringing_in_wood,3.0,3001,12674,3,0,0,1,0,True,False,0.0,0.0,True
15,bringing_in_wood,3.0,3002,17363,3,0,0,1,0,True,False,0.0,0.0,True
15,bringing_in_wood,3.0,3003,15204,7,2,0,1,0,True,False,0.0,0.0,True
15,bringing_in_wood,3.0,3004,14890,3,0,0,1,0,True,False,0.0,0.0,True
15,bringing_in_wood,3.0,3005,15312,3,0,0,1,0,True,False,0.0,0.0,True
15,bringing_in_wood,3.0,3006,15012,5,1,0,1,0,True,False,0.0,0.0,True
15,bringing_in_wood,3.0,3007,15428,5,1,0,1,0,True,False,0.0,0.0,True
15,bringing_in_wood,3.0,3008,16973,4,1,1,2,1,True,False,0.0,0.0,True
15,bringing_in_wood,3.0,3009,14710,3,0,0,1,0,True,False,0.0,0.0,True
15,bringing_in_wood,3.0,3010,13903,3,0,0,1,0,True,False,0.0,0.0,True
15,bringing_in_wood,3.0,3011,14060,5,1,0,1,0,True,False,0.0,0.0,True
15,bringing_in_wood,3.0,3012,14590,3,0,0,1,0,True,False,0.0,0.0,True
15,bringing_in_wood,3.0,3013,16533,3,0,0,1,0,True,False,0.0,0.0,True
15,bringing_in_wood,3.0,3014,15571,3,0,0,1,0,True,False,0.0,0.0,True
15,bringing_in_wood,3.0,3015,15541,5,1,0,1,0,True,False,0.0,0.0,True
15,bringing_in_wood,3.0,3016,14767,6,2,0,1,0,True,False,0.3333333134651184,0.9999999403953552,True
15,bringing_in_wood,3.0,3017,15272,5,1,0,1,0,True,False,0.0,0.0,True
15,bringing_in_wood,3.0,3018,14934,3,0,0,1,0,True,False,0.0,0.0,True
15,bringing_in_wood,3.0,3019,14845,3,0,0,1,0,True,False,0.0,0.0,True
15,bringing_in_wood,3.0,3020,15551,3,0,0,1,0,True,False,0.0,0.0,True
15,bringing_in_wood,3.0,3021,13825,3,0,0,1,0,True,False,0.0,0.0,True
15,bringing_in_wood,3.0,3022,12907,3,0,0,1,0,True,False,0.0,0.0,True
15,bringing_in_wood,3.0,3023,13158,3,0,0,1,0,True,False,0.0,0.0,True
15,bringing_in_wood,3.0,3024,13464,5,1,0,1,0,True,False,0.0,0.0,True
15,bringing_in_wood,3.0,3025,13894,3,0,0,1,0,True,False,0.0,0.0,True
15,bringing_in_wood,3.0,3026,15447,4,1,0,1,0,True,False,0.3333333134651184,0.9999999403953552,True
15,bringing_in_wood,3.0,3027,15239,3,0,0,1,0,True,False,0.0,0.0,True
15,bringing_in_wood,3.0,3028,13654,3,0,0,1,0,True,False,0.0,0.0,True
15,bringing_in_wood,3.0,3029,14288,3,0,0,1,0,True,False,0.0,0.0,True
15,bringing_in_wood,3.0,3030,15184,5,1,0,1,0,True,False,0.0,0.0,True
15,bringing_in_wood,3.0,3031,16287,3,0,0,1,0,True,False,0.0,0.0,True
15,bringing_in_wood,3.0,3032,15686,3,0,0,1,0,True,False,0.0,0.0,True
15,bringing_in_wood,3.0,3033,13956,3,0,0,1,0,True,False,0.0,0.0,True
15,bringing_in_wood,3.0,3034,13719,3,0,0,1,0,True,False,0.0,0.0,True
15,bringing_in_wood,3.0,3035,17719,3,0,0,1,0,True,False,0.0,0.0,True
15,bringing_in_wood,3.0,3036,9829,5,1,0,1,0,True,False,0.0,0.0,True
15,bringing_in_wood,3.0,3037,16316,3,0,0,1,0,True,False,0.0,0.0,True
15,bringing_in_wood,3.0,3038,15039,3,0,0,1,0,True,False,0.0,0.0,True
15,bringing_in_wood,3.0,3039,14529,3,0,0,1,0,True,False,0.0,0.0,True
15,bringing_in_wood,3.0,3040,14917,5,1,0,1,0,True,False,0.0,0.0,True
15,bringing_in_wood,3.0,3041,13839,3,0,0,1,0,True,False,0.0,0.0,True
15,bringing_in_wood,3.0,3042,14225,3,0,0,1,0,True,False,0.0,0.0,True
15,bringing_in_wood,3.0,3043,13543,3,0,0,1,0,True,False,0.0,0.0,True
15,bringing_in_wood,3.0,3044,9871,4,1,0,1,0,True,False,0.3333333134651184,0.9999999403953552,False
15,bringing_in_wood,3.0,3045,12273,7,2,0,1,0,True,False,0.0,0.0,True
16,moving_boxes_to_storage,2.0,3200,14988,4,1,0,1,0,True,False,0.0,0.0,True
16,moving_boxes_to_storage,2.0,3201,12249,3,1,0,1,0,True,False,0.5,1.0,False
16,moving_boxes_to_storage,2.0,3202,13183,2,0,0,1,0,True,False,0.0,0.0,True
16,moving_boxes_to_storage,2.0,3203,13135,7,3,0,1,1,True,False,0.0,0.0,True
16,moving_boxes_to_storage,2.0,3204,13034,2,0,0,1,0,True,False,0.0,0.0,True
16,moving_boxes_to_storage,2.0,3205,15587,2,0,0,1,0,True,False,0.0,0.0,True
16,moving_boxes_to_storage,2.0,3206,16025,0,0,0,0,0,True,False,1.0,2.0,False
16,moving_boxes_to_storage,2.0,3207,12526,2,0,0,1,0,True,False,0.0,0.0,True
16,moving_boxes_to_storage,2.0,3208,14927,0,0,0,0,0,True,False,1.0,2.0,False
16,moving_boxes_to_storage,2.0,3209,13847,4,1,0,1,0,True,False,0.0,0.0,True
16,moving_boxes_to_storage,2.0,3210,18662,4,1,0,1,0,True,False,0.0,0.0,True
16,moving_boxes_to_storage,2.0,3211,18185,3,1,0,1,1,True,False,0.0,0.0,True
16,moving_boxes_to_storage,2.0,3212,19700,0,0,0,0,0,True,False,1.0,2.0,False
16,moving_boxes_to_storage,2.0,3213,16401,0,0,0,0,0,True,False,1.0,2.0,False
16,moving_boxes_to_storage,2.0,3214,15451,2,0,0,1,0,True,False,0.0,0.0,True
16,moving_boxes_to_storage,2.0,3215,13795,2,0,0,1,0,True,False,0.0,0.0,True
16,moving_boxes_to_storage,2.0,3216,12954,0,0,0,0,0,True,False,1.0,2.0,False
16,moving_boxes_to_storage,2.0,3217,13829,0,0,0,0,0,True,False,1.0,2.0,False
16,moving_boxes_to_storage,2.0,3218,13416,4,1,0,1,0,True,False,0.0,0.0,True
16,moving_boxes_to_storage,2.0,3219,12804,2,0,0,1,0,True,False,0.0,0.0,True
16,moving_boxes_to_storage,2.0,3220,14746,3,1,0,1,1,True,False,0.0,0.0,True
16,moving_boxes_to_storage,2.0,3221,12445,0,0,0,0,0,True,False,1.0,2.0,False
16,moving_boxes_to_storage,2.0,3222,13590,0,0,0,0,0,True,False,1.0,2.0,False
16,moving_boxes_to_storage,2.0,3223,15334,0,0,0,0,0,True,False,1.0,2.0,False
16,moving_boxes_to_storage,2.0,3224,13361,0,0,0,0,0,True,False,1.0,2.0,False
16,moving_boxes_to_storage,2.0,3225,13569,0,0,0,0,0,True,False,1.0,2.0,False
16,moving_boxes_to_storage,2.0,3226,13070,2,0,0,1,0,True,False,0.0,0.0,True
16,moving_boxes_to_storage,2.0,3227,12159,0,0,0,0,0,True,False,1.0,2.0,False
16,moving_boxes_to_storage,2.0,3228,13627,2,0,0,1,0,True,False,0.0,0.0,True
16,moving_boxes_to_storage,2.0,3229,15700,0,0,0,0,0,True,False,1.0,2.0,False
16,moving_boxes_to_storage,2.0,3230,15034,4,1,0,1,0,True,False,0.0,0.0,True
16,moving_boxes_to_storage,2.0,3231,15397,3,1,0,1,1,True,False,0.0,0.0,True
16,moving_boxes_to_storage,2.0,3232,15308,6,2,0,1,0,True,False,0.0,0.0,True
16,moving_boxes_to_storage,2.0,3233,14397,0,0,0,0,0,True,False,1.0,2.0,False
16,moving_boxes_to_storage,2.0,3234,14034,0,0,0,0,0,True,False,1.0,2.0,False
16,moving_boxes_to_storage,2.0,3235,15113,0,0,0,0,0,True,False,1.0,2.0,False
16,moving_boxes_to_storage,2.0,3236,14704,0,0,0,0,0,True,False,1.0,2.0,False
16,moving_boxes_to_storage,2.0,3237,15911,2,0,0,1,0,True,False,0.0,0.0,True
16,moving_boxes_to_storage,2.0,3238,16825,2,0,0,1,0,True,False,0.0,0.0,True
16,moving_boxes_to_storage,2.0,3239,15922,0,0,0,0,0,True,False,1.0,2.0,False
16,moving_boxes_to_storage,2.0,3240,16857,0,0,0,0,0,True,False,1.0,2.0,False
16,moving_boxes_to_storage,2.0,3241,16318,0,0,0,0,0,True,False,1.0,2.0,False
16,moving_boxes_to_storage,2.0,3242,15462,0,0,0,0,0,True,False,1.0,2.0,False
16,moving_boxes_to_storage,2.0,3243,15632,2,0,0,1,0,True,False,0.0,0.0,True
16,moving_boxes_to_storage,2.0,3244,16915,0,0,0,0,0,True,False,1.0,2.0,False
17,bringing_water,3.0,3400,7170,11,4,0,1,0,True,False,0.0,0.0,True
17,bringing_water,3.0,3401,8898,4,1,0,1,1,True,False,0.0,0.0,True
17,bringing_water,3.0,3402,7742,8,3,0,1,1,True,False,0.0,0.0,True
17,bringing_water,3.0,3403,7069,11,4,0,1,0,True,False,0.0,0.0,True
17,bringing_water,3.0,3404,7741,4,1,0,1,1,True,False,0.0,0.0,True
17,bringing_water,3.0,3405,8254,9,3,0,1,0,True,False,0.0,0.0,True
17,bringing_water,3.0,3406,11345,12,5,0,1,1,True,False,0.0,0.0,True
17,bringing_water,3.0,3407,6561,5,1,0,1,0,True,False,0.0,0.0,True
17,bringing_water,3.0,3408,7949,10,4,0,1,1,True,False,0.0,0.0,True
17,bringing_water,3.0,3409,7706,8,3,0,1,1,True,False,0.0,0.0,True
17,bringing_water,3.0,3410,7427,6,2,0,1,1,True,False,0.0,0.0,True
17,bringing_water,3.0,3411,13701,6,2,0,1,1,True,False,0.0,0.0,True
17,bringing_water,3.0,3412,8762,8,3,0,1,1,True,False,0.0,0.0,True
17,bringing_water,3.0,3413,6265,7,3,0,1,1,True,False,0.3333333134651184,0.9999999403953552,False
17,bringing_water,3.0,3414,7096,7,2,0,1,0,True,False,0.0,0.0,True
17,bringing_water,3.0,3415,14035,4,1,0,1,1,True,False,0.0,0.0,True
17,bringing_water,3.0,3416,6802,13,5,0,1,0,True,False,0.0,0.0,False
17,bringing_water,3.0,3417,12345,7,3,0,1,1,True,False,0.3333333134651184,0.9999999403953552,False
17,bringing_water,3.0,3418,7716,6,2,0,1,1,True,False,0.0,0.0,True
17,bringing_water,3.0,3419,12659,9,3,0,1,0,True,False,0.0,0.0,True
17,bringing_water,3.0,3420,7320,6,2,0,1,1,True,False,0.0,0.0,True
17,bringing_water,3.0,3421,10513,4,1,0,1,1,True,False,0.0,0.0,True
17,bringing_water,3.0,3422,8355,7,2,0,1,0,True,False,0.0,0.0,True
17,bringing_water,3.0,3423,11060,4,1,0,1,1,True,False,0.0,0.0,True
17,bringing_water,3.0,3424,11949,7,2,0,1,0,True,False,0.0,0.0,True
17,bringing_water,3.0,3425,6478,11,5,0,1,1,True,False,0.3333333134651184,0.9999999403953552,False
17,bringing_water,3.0,3426,7029,7,3,0,1,1,True,False,0.3333333134651184,0.9999999403953552,False
17,bringing_water,3.0,3427,12157,4,1,0,1,1,True,False,0.0,0.0,True
17,bringing_water,3.0,3428,6595,7,2,0,1,0,True,False,0.0,0.0,True
17,bringing_water,3.0,3429,11321,4,1,0,1,1,True,False,0.0,0.0,True
17,bringing_water,3.0,3430,11203,10,4,0,1,1,True,False,0.0,0.0,True
17,bringing_water,3.0,3431,6908,4,1,0,1,1,True,False,0.0,0.0,True
17,bringing_water,3.0,3432,12114,9,3,0,1,0,True,False,0.0,0.0,True
17,bringing_water,3.0,3433,7767,7,2,0,1,0,True,False,0.0,0.0,True
17,bringing_water,3.0,3434,7150,4,1,0,1,1,True,False,0.0,0.0,True
17,bringing_water,3.0,3435,12221,6,2,0,1,1,True,False,0.0,0.0,True
17,bringing_water,3.0,3436,8878,14,6,0,1,1,True,False,0.0,0.0,True
17,bringing_water,3.0,3437,12863,10,4,0,1,1,True,False,0.0,0.0,True
17,bringing_water,3.0,3438,8058,6,2,0,1,1,True,False,0.0,0.0,True
17,bringing_water,3.0,3439,5779,6,2,0,1,1,True,False,0.0,0.0,True
17,bringing_water,3.0,3440,5878,6,2,0,1,1,True,False,0.0,0.0,True
17,bringing_water,3.0,3441,6993,7,3,0,1,2,True,False,0.0,0.0,True
17,bringing_water,3.0,3442,7493,6,2,0,1,1,True,False,0.0,0.0,True
17,bringing_water,3.0,3443,7441,4,1,0,1,1,True,False,0.0,0.0,True
17,bringing_water,3.0,3444,7252,11,5,0,1,1,True,False,0.3333333134651184,0.9999999403953552,False
17,bringing_water,3.0,3445,6661,7,3,0,1,1,True,False,0.3333333134651184,0.9999999403953552,False
17,bringing_water,3.0,3446,8093,9,4,1,2,2,True,False,0.0,0.0,True
17,bringing_water,3.0,3447,6169,14,6,0,1,1,True,False,0.0,0.0,True
17,bringing_water,3.0,3448,10367,4,1,0,1,1,True,False,0.0,0.0,True
17,bringing_water,3.0,3449,7396,12,5,0,1,0,True,False,0.3333333134651184,0.9999999403953552,False
17,bringing_water,3.0,3450,12177,4,1,0,1,1,True,False,0.0,0.0,True
18,tidying_bedroom,3.0,3600,10081,2,0,0,1,0,True,False,0.3333333134651184,0.9999999403953552,False
18,tidying_bedroom,3.0,3601,11605,2,0,0,1,0,True,False,0.3333333134651184,0.9999999403953552,False
18,tidying_bedroom,3.0,3602,7263,6,2,0,1,0,True,False,0.3333333134651184,0.9999999403953552,False
18,tidying_bedroom,3.0,3603,9971,2,0,0,1,0,True,False,0.3333333134651184,0.9999999403953552,False
18,tidying_bedroom,3.0,3604,17096,4,1,0,1,0,True,False,0.3333333134651184,0.9999999403953552,False
18,tidying_bedroom,3.0,3605,24817,12,6,0,1,1,True,False,0.6666666567325592,1.9999999701976776,False
18,tidying_bedroom,3.0,3606,7378,6,3,0,1,2,True,False,0.3333333134651184,0.9999999403953552,False
18,tidying_bedroom,3.0,3607,15885,4,1,0,1,0,True,False,0.3333333134651184,0.9999999403953552,False
18,tidying_bedroom,3.0,3608,11424,2,0,0,1,0,True,False,0.3333333134651184,0.9999999403953552,True
18,tidying_bedroom,3.0,3609,11167,4,1,0,1,0,True,False,0.3333333134651184,0.9999999403953552,True
18,tidying_bedroom,3.0,3610,8251,4,1,0,1,0,True,False,0.3333333134651184,0.9999999403953552,False
18,tidying_bedroom,3.0,3611,9863,11,5,0,1,1,True,False,0.3333333134651184,0.9999999403953552,False
18,tidying_bedroom,3.0,3612,5238,2,0,0,1,0,True,False,0.3333333134651184,0.9999999403953552,False
18,tidying_bedroom,3.0,3613,8911,2,0,0,1,0,True,False,0.3333333134651184,0.9999999403953552,False
18,tidying_bedroom,3.0,3614,7871,7,3,0,1,1,True,False,0.3333333134651184,0.9999999403953552,False
18,tidying_bedroom,3.0,3615,8959,6,2,0,1,0,True,False,0.3333333134651184,0.9999999403953552,False
18,tidying_bedroom,3.0,3616,9044,4,1,0,1,0,True,False,0.3333333134651184,0.9999999403953552,False
18,tidying_bedroom,3.0,3617,14322,3,1,0,1,0,True,False,0.6666666567325592,1.9999999701976776,False
18,tidying_bedroom,3.0,3618,4634,4,1,0,1,0,True,False,0.3333333134651184,0.9999999403953552,False
18,tidying_bedroom,3.0,3619,5827,6,2,0,1,0,True,False,0.3333333134651184,0.9999999403953552,False
18,tidying_bedroom,3.0,3620,10208,2,0,0,1,0,True,False,0.3333333134651184,0.9999999403953552,False
18,tidying_bedroom,3.0,3621,5639,6,2,0,1,0,True,False,0.3333333134651184,0.9999999403953552,False
18,tidying_bedroom,3.0,3622,18478,12,5,0,1,0,True,False,0.3333333134651184,0.9999999403953552,False
18,tidying_bedroom,3.0,3623,10791,4,1,0,1,0,True,False,0.3333333134651184,0.9999999403953552,False
18,tidying_bedroom,3.0,3624,6696,10,4,0,1,0,True,False,0.3333333134651184,0.9999999403953552,False
18,tidying_bedroom,3.0,3625,5673,2,0,0,1,0,True,False,0.3333333134651184,0.9999999403953552,False
18,tidying_bedroom,3.0,3626,8614,2,0,0,1,0,True,False,0.3333333134651184,0.9999999403953552,False
18,tidying_bedroom,3.0,3627,17139,12,5,0,1,0,True,False,0.3333333134651184,0.9999999403953552,False
18,tidying_bedroom,3.0,3628,10837,3,1,0,1,1,True,False,0.3333333134651184,0.9999999403953552,False
18,tidying_bedroom,3.0,3629,9304,2,0,0,1,0,True,False,0.3333333134651184,0.9999999403953552,False
18,tidying_bedroom,3.0,3630,18331,2,0,0,1,0,True,False,0.3333333134651184,0.9999999403953552,False
18,tidying_bedroom,3.0,3631,9557,2,0,0,1,0,True,False,0.3333333134651184,0.9999999403953552,False
18,tidying_bedroom,3.0,3632,14084,5,2,0,1,0,True,False,0.6666666567325592,1.9999999701976776,False
18,tidying_bedroom,3.0,3633,18983,8,3,0,1,0,True,False,0.3333333134651184,0.9999999403953552,False
18,tidying_bedroom,3.0,3634,11473,4,1,0,1,0,True,False,0.3333333134651184,0.9999999403953552,False
18,tidying_bedroom,3.0,3635,12930,3,1,0,1,1,True,False,0.3333333134651184,0.9999999403953552,False
18,tidying_bedroom,3.0,3636,14869,6,2,0,1,0,True,False,0.3333333134651184,0.9999999403953552,False
18,tidying_bedroom,3.0,3637,11860,2,0,0,1,0,True,False,0.3333333134651184,0.9999999403953552,False
18,tidying_bedroom,3.0,3638,17058,6,2,0,1,0,True,False,0.3333333134651184,0.9999999403953552,False
18,tidying_bedroom,3.0,3639,11066,2,0,0,1,0,True,False,0.3333333134651184,0.9999999403953552,False
19,outfit_a_basic_toolbox,7.0,3800,10178,7,1,0,1,1,True,False,0.14285710453987122,0.9999997317790985,True
19,outfit_a_basic_toolbox,7.0,3801,17022,16,6,0,1,3,True,False,0.0,0.0,True
19,outfit_a_basic_toolbox,7.0,3802,15256,9,2,1,2,2,True,False,0.0,0.0,True
19,outfit_a_basic_toolbox,7.0,3803,7604,7,1,0,1,1,True,False,0.14285710453987122,0.9999997317790985,True
19,outfit_a_basic_toolbox,7.0,3804,17416,11,3,0,1,1,True,False,0.14285710453987122,0.9999997317790985,True
19,outfit_a_basic_toolbox,7.0,3805,13342,11,3,0,1,1,True,False,0.14285710453987122,0.9999997317790985,True
19,outfit_a_basic_toolbox,7.0,3806,10605,9,3,0,1,2,True,False,0.285714253783226,1.999999776482582,True
19,outfit_a_basic_toolbox,7.0,3807,9231,8,2,0,1,2,True,False,0.14285710453987122,0.9999997317790985,True
19,outfit_a_basic_toolbox,7.0,3808,6884,7,1,0,1,1,True,False,0.14285710453987122,0.9999997317790985,True
19,outfit_a_basic_toolbox,7.0,3809,6075,13,4,0,1,1,True,False,0.14285710453987122,0.9999997317790985,True
19,outfit_a_basic_toolbox,7.0,3810,7497,9,2,0,1,2,True,False,0.0,0.0,True
19,outfit_a_basic_toolbox,7.0,3811,6804,9,3,1,2,2,True,False,0.285714253783226,1.999999776482582,True
19,outfit_a_basic_toolbox,7.0,3812,5992,10,3,0,1,1,True,False,0.285714253783226,1.999999776482582,True
19,outfit_a_basic_toolbox,7.0,3813,8827,16,6,0,1,1,True,False,0.285714253783226,1.999999776482582,True
19,outfit_a_basic_toolbox,7.0,3814,14519,13,4,0,1,2,True,False,0.0,0.0,True
19,outfit_a_basic_toolbox,7.0,3815,17756,11,3,0,1,2,True,False,0.0,0.0,True
19,outfit_a_basic_toolbox,7.0,3816,14762,10,2,0,1,0,True,False,0.14285710453987122,0.9999997317790985,True
19,outfit_a_basic_toolbox,7.0,3817,8275,13,4,0,1,2,True,False,0.0,0.0,True
19,outfit_a_basic_toolbox,7.0,3818,15709,11,3,0,1,1,True,False,0.14285710453987122,0.9999997317790985,True
19,outfit_a_basic_toolbox,7.0,3819,10269,10,3,1,2,1,True,False,0.285714253783226,1.999999776482582,True
19,outfit_a_basic_toolbox,7.0,3820,8040,7,1,0,1,1,True,False,0.14285710453987122,0.9999997317790985,True
19,outfit_a_basic_toolbox,7.0,3821,9342,10,3,0,1,2,True,False,0.14285710453987122,0.9999997317790985,True
19,outfit_a_basic_toolbox,7.0,3822,9295,10,2,0,1,0,True,False,0.14285710453987122,0.9999997317790985,True
19,outfit_a_basic_toolbox,7.0,3823,9620,10,3,0,1,2,True,False,0.14285710453987122,0.9999997317790985,True
19,outfit_a_basic_toolbox,7.0,3824,7776,9,2,0,1,0,True,False,0.285714253783226,1.999999776482582,True
19,outfit_a_basic_toolbox,7.0,3825,7052,7,1,0,1,1,True,False,0.14285710453987122,0.9999997317790985,True
19,outfit_a_basic_toolbox,7.0,3826,18383,11,2,0,1,0,True,False,0.0,0.0,True
19,outfit_a_basic_toolbox,7.0,3827,15517,10,3,0,1,2,True,False,0.14285710453987122,0.9999997317790985,True
19,outfit_a_basic_toolbox,7.0,3828,8968,9,2,0,1,2,True,False,0.0,0.0,True
19,outfit_a_basic_toolbox,7.0,3829,19604,7,1,0,1,1,True,False,0.14285710453987122,0.9999997317790985,True
19,outfit_a_basic_toolbox,7.0,3830,15248,10,3,0,1,2,True,False,0.14285710453987122,0.9999997317790985,True
19,outfit_a_basic_toolbox,7.0,3831,17373,7,1,0,1,1,True,False,0.14285710453987122,0.9999997317790985,True
19,outfit_a_basic_toolbox,7.0,3832,12759,10,2,0,1,0,True,False,0.14285710453987122,0.9999997317790985,True
19,outfit_a_basic_toolbox,7.0,3833,14301,9,3,0,1,1,True,False,0.4285714030265808,2.9999998211860657,True
19,outfit_a_basic_toolbox,7.0,3834,16181,11,3,0,1,2,True,False,0.0,0.0,True
19,outfit_a_basic_toolbox,7.0,3835,16078,11,3,0,1,2,True,False,0.0,0.0,True
19,outfit_a_basic_toolbox,7.0,3836,14687,10,3,0,1,1,True,False,0.285714253783226,1.999999776482582,True
19,outfit_a_basic_toolbox,7.0,3837,15016,10,3,2,2,1,True,False,0.4285714030265808,2.9999998211860657,True
19,outfit_a_basic_toolbox,7.0,3838,6051,7,1,0,1,1,True,False,0.14285710453987122,0.9999997317790985,True
19,outfit_a_basic_toolbox,7.0,3839,6731,7,1,0,1,1,True,False,0.14285710453987122,0.9999997317790985,True
19,outfit_a_basic_toolbox,7.0,3840,19216,9,2,0,1,1,True,False,0.14285710453987122,0.9999997317790985,True
19,outfit_a_basic_toolbox,7.0,3841,12828,10,2,0,1,0,True,False,0.14285710453987122,0.9999997317790985,True
19,outfit_a_basic_toolbox,7.0,3842,15962,14,4,1,2,1,True,False,0.0,0.0,True
19,outfit_a_basic_toolbox,7.0,3843,14991,8,2,0,1,1,True,False,0.285714253783226,1.999999776482582,True
19,outfit_a_basic_toolbox,7.0,3844,6480,7,1,0,1,1,True,False,0.14285710453987122,0.9999997317790985,True
19,outfit_a_basic_toolbox,7.0,3845,7469,7,1,0,1,1,True,False,0.14285710453987122,0.9999997317790985,True
19,outfit_a_basic_toolbox,7.0,3846,7068,7,1,0,1,1,True,False,0.14285710453987122,0.9999997317790985,True
19,outfit_a_basic_toolbox,7.0,3847,15949,9,2,0,1,1,True,False,0.14285710453987122,0.9999997317790985,True
19,outfit_a_basic_toolbox,7.0,3848,14243,7,1,0,1,1,True,False,0.14285710453987122,0.9999997317790985,True
19,outfit_a_basic_toolbox,7.0,3849,15385,8,1,0,1,0,True,False,0.14285710453987122,0.9999997317790985,True
19,outfit_a_basic_toolbox,7.0,3850,15043,9,2,0,1,1,True,False,0.14285710453987122,0.9999997317790985,True
19,outfit_a_basic_toolbox,7.0,3851,15233,7,1,0,1,1,True,False,0.14285710453987122,0.9999997317790985,True
19,outfit_a_basic_toolbox,7.0,3852,13457,10,3,0,1,3,True,False,0.0,0.0,True
19,outfit_a_basic_toolbox,7.0,3853,14769,10,2,0,1,0,True,False,0.14285710453987122,0.9999997317790985,True
20,sorting_vegetables,13.0,4000,12392,4,0,0,1,0,True,False,0.6923076808452606,8.999999850988388,False
20,sorting_vegetables,13.0,4001,11193,3,0,0,1,0,True,False,0.7692307606339455,9.999999888241291,False
20,sorting_vegetables,13.0,4002,12950,4,0,0,1,0,True,False,0.6923076808452606,8.999999850988388,False
20,sorting_vegetables,13.0,4003,11144,4,0,0,1,0,True,False,0.6923076808452606,8.999999850988388,False
20,sorting_vegetables,13.0,4004,13271,4,0,0,1,0,True,False,0.6923076808452606,8.999999850988388,False
20,sorting_vegetables,13.0,4005,11414,4,0,0,1,0,True,False,0.6923076808452606,8.999999850988388,True
20,sorting_vegetables,13.0,4006,14518,4,0,0,1,0,True,False,0.6923076808452606,8.999999850988388,True
20,sorting_vegetables,13.0,4007,12677,4,0,0,1,0,True,False,0.6923076808452606,8.999999850988388,False
20,sorting_vegetables,13.0,4008,7411,3,0,0,1,0,True,False,0.7692307606339455,9.999999888241291,False
20,sorting_vegetables,13.0,4009,8919,4,0,0,1,0,True,False,0.6923076808452606,8.999999850988388,False
20,sorting_vegetables,13.0,4010,11840,4,0,0,1,0,True,False,0.6923076808452606,8.999999850988388,False
20,sorting_vegetables,13.0,4011,11933,3,0,0,1,0,True,False,0.7692307606339455,9.999999888241291,True
20,sorting_vegetables,13.0,4012,6416,5,0,0,1,0,True,False,0.6153846010565758,7.999999813735485,True
20,sorting_vegetables,13.0,4013,11429,4,0,0,1,0,True,False,0.6923076808452606,8.999999850988388,False
20,sorting_vegetables,13.0,4014,6613,3,0,0,1,0,True,False,0.7692307606339455,9.999999888241291,True
20,sorting_vegetables,13.0,4015,6219,5,1,0,1,1,True,False,0.6923076808452606,8.999999850988388,True
20,sorting_vegetables,13.0,4016,11719,4,0,0,1,0,True,False,0.6923076808452606,8.999999850988388,False
20,sorting_vegetables,13.0,4017,12426,7,2,0,1,0,True,False,0.7692307606339455,9.999999888241291,True
20,sorting_vegetables,13.0,4018,11189,4,0,0,1,0,True,False,0.6923076808452606,8.999999850988388,False
20,sorting_vegetables,13.0,4019,11657,6,0,0,1,0,True,False,0.5384615212678909,6.999999776482582,True
20,sorting_vegetables,13.0,4020,11018,4,0,0,1,0,True,False,0.6923076808452606,8.999999850988388,False
20,sorting_vegetables,13.0,4021,14465,4,0,0,1,0,True,False,0.6923076808452606,8.999999850988388,True
20,sorting_vegetables,13.0,4022,12143,4,0,0,1,0,True,False,0.6923076808452606,8.999999850988388,True
20,sorting_vegetables,13.0,4023,11994,3,0,0,1,0,True,False,0.7692307606339455,9.999999888241291,True
20,sorting_vegetables,13.0,4024,13558,4,0,0,1,0,True,False,0.6923076808452606,8.999999850988388,False
20,sorting_vegetables,13.0,4025,14349,4,0,0,1,0,True,False,0.6923076808452606,8.999999850988388,True
20,sorting_vegetables,13.0,4026,14743,3,0,0,1,0,True,False,0.7692307606339455,9.999999888241291,False
20,sorting_vegetables,13.0,4027,13028,4,0,0,1,0,True,False,0.6923076808452606,8.999999850988388,False
20,sorting_vegetables,13.0,4028,13020,4,0,0,1,0,True,False,0.6923076808452606,8.999999850988388,False
20,sorting_vegetables,13.0,4029,11350,4,0,0,1,0,True,False,0.6923076808452606,8.999999850988388,False
20,sorting_vegetables,13.0,4030,15397,6,0,0,1,0,True,False,0.5384615212678909,6.999999776482582,False
20,sorting_vegetables,13.0,4031,16067,4,0,0,1,0,True,False,0.6923076808452606,8.999999850988388,False
20,sorting_vegetables,13.0,4032,13847,6,0,0,1,0,True,False,0.5384615212678909,6.999999776482582,False
20,sorting_vegetables,13.0,4033,11683,6,0,0,1,0,True,False,0.5384615212678909,6.999999776482582,False
20,sorting_vegetables,13.0,4034,11178,3,0,0,1,0,True,False,0.7692307606339455,9.999999888241291,True
20,sorting_vegetables,13.0,4035,12947,6,1,0,1,0,True,False,0.6923076808452606,8.999999850988388,True
20,sorting_vegetables,13.0,4036,13898,6,0,0,1,0,True,False,0.5384615212678909,6.999999776482582,False
20,sorting_vegetables,13.0,4037,13157,4,0,0,1,0,True,False,0.6923076808452606,8.999999850988388,True
20,sorting_vegetables,13.0,4038,12110,4,0,0,1,0,True,False,0.6923076808452606,8.999999850988388,True
20,sorting_vegetables,13.0,4039,11191,4,0,0,1,0,True,False,0.6923076808452606,8.999999850988388,True
20,sorting_vegetables,13.0,4040,11547,4,0,0,1,0,True,False,0.6923076808452606,8.999999850988388,False
20,sorting_vegetables,13.0,4041,11685,8,2,0,1,0,True,False,0.6923076808452606,8.999999850988388,True
20,sorting_vegetables,13.0,4042,13112,6,0,0,1,0,True,False,0.5384615212678909,6.999999776482582,False
20,sorting_vegetables,13.0,4043,11280,3,0,0,1,0,True,False,0.7692307606339455,9.999999888241291,False
20,sorting_vegetables,13.0,4044,12925,4,0,0,1,0,True,False,0.6923076808452606,8.999999850988388,True
20,sorting_vegetables,13.0,4045,11645,3,0,0,1,0,True,False,0.7692307606339455,9.999999888241291,False
20,sorting_vegetables,13.0,4046,10400,3,0,0,1,0,True,False,0.7692307606339455,9.999999888241291,True
20,sorting_vegetables,13.0,4047,10631,5,1,0,1,0,True,False,0.7692307606339455,9.999999888241291,False
20,sorting_vegetables,13.0,4048,12458,6,0,0,1,0,True,False,0.5384615212678909,6.999999776482582,False
20,sorting_vegetables,13.0,4049,13439,4,0,0,1,0,True,False,0.6923076808452606,8.999999850988388,False
20,sorting_vegetables,13.0,4050,13057,4,0,0,1,0,True,False,0.6923076808452606,8.999999850988388,False
20,sorting_vegetables,13.0,4051,16585,4,0,0,1,0,True,False,0.6923076808452606,8.999999850988388,True
20,sorting_vegetables,13.0,4052,10719,5,1,0,1,0,True,False,0.7692307606339455,9.999999888241291,False
20,sorting_vegetables,13.0,4053,10043,5,1,0,1,0,True,False,0.7692307606339455,9.999999888241291,False
20,sorting_vegetables,13.0,4054,11187,4,0,0,1,0,True,False,0.6923076808452606,8.999999850988388,False
21,collecting_childrens_toys,6.0,4200,36383,6,0,0,1,0,True,False,0.0,0.0,True
21,collecting_childrens_toys,6.0,4201,17313,6,0,0,1,0,True,False,0.0,0.0,True
21,collecting_childrens_toys,6.0,4202,20529,6,0,0,1,0,True,False,0.0,0.0,True
21,collecting_childrens_toys,6.0,4203,22939,6,0,0,1,0,True,False,0.0,0.0,True
21,collecting_childrens_toys,6.0,4204,20460,11,3,0,1,1,True,False,0.0,0.0,True
21,collecting_childrens_toys,6.0,4205,22194,7,0,1,2,0,True,False,-0.3333333730697632,-2.000000238418579,False
21,collecting_childrens_toys,6.0,4206,19703,13,5,0,1,1,True,False,0.3333333134651184,1.9999998807907104,True
21,collecting_childrens_toys,6.0,4207,20741,7,1,0,1,1,True,False,0.0,0.0,True
21,collecting_childrens_toys,6.0,4208,19425,9,2,0,1,0,True,False,0.166666641831398,0.9999998509883881,False
21,collecting_childrens_toys,6.0,4209,16516,8,1,0,1,0,True,False,0.0,0.0,True
21,collecting_childrens_toys,6.0,4210,21154,7,1,0,1,1,True,False,0.0,0.0,True
21,collecting_childrens_toys,6.0,4211,20976,7,1,0,1,0,True,False,0.166666641831398,0.9999998509883881,False
21,collecting_childrens_toys,6.0,4212,23496,8,1,0,1,0,True,False,0.0,0.0,True
21,collecting_childrens_toys,6.0,4213,21764,14,5,0,1,1,True,False,0.166666641831398,0.9999998509883881,True
21,collecting_childrens_toys,6.0,4214,30116,6,0,0,1,0,True,False,0.0,0.0,True
21,collecting_childrens_toys,6.0,4215,25588,7,1,0,1,0,True,False,0.166666641831398,0.9999998509883881,False
21,collecting_childrens_toys,6.0,4216,23696,10,2,0,1,0,True,False,0.0,0.0,True
21,collecting_childrens_toys,6.0,4217,20672,8,1,0,1,0,True,False,0.0,0.0,True
21,collecting_childrens_toys,6.0,4218,22131,8,1,0,1,0,True,False,0.0,0.0,True
21,collecting_childrens_toys,6.0,4219,23096,9,2,0,1,0,True,False,0.166666641831398,0.9999998509883881,True
21,collecting_childrens_toys,6.0,4220,23486,10,3,0,1,0,True,False,0.3333333134651184,1.9999998807907104,False
21,collecting_childrens_toys,6.0,4221,32459,9,2,0,1,0,True,False,0.166666641831398,0.9999998509883881,True
21,collecting_childrens_toys,6.0,4222,22656,17,7,0,1,1,True,False,0.3333333134651184,1.9999998807907104,False
21,collecting_childrens_toys,6.0,4223,25271,10,3,0,1,0,True,False,0.3333333134651184,1.9999998807907104,True
21,collecting_childrens_toys,6.0,4224,26586,9,2,0,1,0,True,False,0.166666641831398,0.9999998509883881,False
21,collecting_childrens_toys,6.0,4225,21915,10,3,0,1,0,True,False,0.3333333134651184,1.9999998807907104,True
21,collecting_childrens_toys,6.0,4226,24550,6,0,0,1,0,True,False,0.0,0.0,True
21,collecting_childrens_toys,6.0,4227,17507,7,1,0,1,1,True,False,0.0,0.0,True
21,collecting_childrens_toys,6.0,4228,27974,8,1,0,1,0,True,False,0.0,0.0,True
21,collecting_childrens_toys,6.0,4229,20212,7,1,0,1,0,True,False,0.166666641831398,0.9999998509883881,False
21,collecting_childrens_toys,6.0,4230,17452,6,0,0,1,0,True,False,0.0,0.0,True
21,collecting_childrens_toys,6.0,4231,24154,7,1,0,1,0,True,False,0.166666641831398,0.9999998509883881,False
21,collecting_childrens_toys,6.0,4232,19786,8,1,0,1,0,True,False,0.0,0.0,True
21,collecting_childrens_toys,6.0,4233,26326,7,0,0,1,0,True,False,-0.16666670143604279,-1.0000002086162567,False
21,collecting_childrens_toys,6.0,4234,21325,10,3,0,1,1,True,False,0.166666641831398,0.9999998509883881,False
21,collecting_childrens_toys,6.0,4235,20328,8,2,0,1,1,True,False,0.166666641831398,0.9999998509883881,False
21,collecting_childrens_toys,6.0,4236,20965,9,3,0,1,1,True,False,0.3333333134651184,1.9999998807907104,True
21,collecting_childrens_toys,6.0,4237,24714,8,2,0,1,1,True,False,0.166666641831398,0.9999998509883881,True
21,collecting_childrens_toys,6.0,4238,20908,8,1,0,1,0,True,False,0.0,0.0,False
21,collecting_childrens_toys,6.0,4239,19058,8,1,0,1,0,True,False,0.0,0.0,True
21,collecting_childrens_toys,6.0,4240,19192,7,1,0,1,0,True,False,0.166666641831398,0.9999998509883881,False
21,collecting_childrens_toys,6.0,4241,26161,6,0,0,1,0,True,False,0.0,0.0,True
21,collecting_childrens_toys,6.0,4242,21579,11,4,0,1,1,True,False,0.3333333134651184,1.9999998807907104,False
21,collecting_childrens_toys,6.0,4243,27424,9,2,0,1,0,True,False,0.166666641831398,0.9999998509883881,False
21,collecting_childrens_toys,6.0,4244,21109,7,1,0,1,1,True,False,0.0,0.0,True
21,collecting_childrens_toys,6.0,4245,24192,7,1,0,1,0,True,False,0.166666641831398,0.9999998509883881,False
21,collecting_childrens_toys,6.0,4246,21472,8,1,0,1,0,True,False,0.0,0.0,True
21,collecting_childrens_toys,6.0,4247,20539,6,0,0,1,0,True,False,0.0,0.0,True
22,putting_shoes_on_rack,10.0,4400,7076,10,0,0,1,0,True,False,0.0,0.0,True
22,putting_shoes_on_rack,10.0,4401,6983,13,2,0,1,0,True,False,0.09999998658895493,0.9999998658895493,True
22,putting_shoes_on_rack,10.0,4402,6127,10,0,0,1,0,True,False,0.0,0.0,True
22,putting_shoes_on_rack,10.0,4403,16564,36,13,0,1,0,True,False,0.0,0.0,True
22,putting_shoes_on_rack,10.0,4404,6837,10,0,0,1,0,True,False,0.0,0.0,True
22,putting_shoes_on_rack,10.0,4405,6434,10,1,1,2,0,True,False,0.09999998658895493,0.9999998658895493,True
22,putting_shoes_on_rack,10.0,4406,17266,15,3,0,1,0,True,False,0.09999998658895493,0.9999998658895493,True
22,putting_shoes_on_rack,10.0,4407,7599,13,2,0,1,0,True,False,0.09999998658895493,0.9999998658895493,True
22,putting_shoes_on_rack,10.0,4408,6051,18,5,0,1,0,True,False,0.19999998807907104,1.9999998807907104,True
22,putting_shoes_on_rack,10.0,4409,7410,17,4,0,1,0,True,False,0.09999998658895493,0.9999998658895493,True
22,putting_shoes_on_rack,10.0,4410,7543,13,2,1,2,0,True,False,0.19999998807907104,1.9999998807907104,False
22,putting_shoes_on_rack,10.0,4411,8503,10,0,0,1,0,True,False,0.0,0.0,True
22,putting_shoes_on_rack,10.0,4412,8318,15,3,0,1,0,True,False,0.09999998658895493,0.9999998658895493,True
22,putting_shoes_on_rack,10.0,4413,7619,11,1,0,1,0,True,False,0.09999998658895493,0.9999998658895493,True
22,putting_shoes_on_rack,10.0,4414,9133,17,3,0,1,0,True,False,-0.10000001639127731,-1.0000001639127731,False
22,putting_shoes_on_rack,10.0,4415,7930,20,6,1,2,0,True,False,0.09999998658895493,0.9999998658895493,True
22,putting_shoes_on_rack,10.0,4416,16515,20,6,0,1,0,True,False,0.19999998807907104,1.9999998807907104,True
22,putting_shoes_on_rack,10.0,4417,7245,14,3,1,2,0,True,False,0.29999998956918716,2.9999998956918716,False
22,putting_shoes_on_rack,10.0,4418,11907,17,4,0,1,0,True,False,0.09999998658895493,0.9999998658895493,True
22,putting_shoes_on_rack,10.0,4419,7247,11,1,0,1,0,True,False,0.09999998658895493,0.9999998658895493,True
22,putting_shoes_on_rack,10.0,4420,6286,13,2,0,1,0,True,False,0.09999998658895493,0.9999998658895493,False
22,putting_shoes_on_rack,10.0,4421,6986,12,1,0,1,0,True,False,0.0,0.0,True
22,putting_shoes_on_rack,10.0,4422,7507,20,7,1,2,1,True,False,0.3999999910593033,3.999999910593033,True
22,putting_shoes_on_rack,10.0,4423,6929,14,3,1,2,0,True,False,0.29999998956918716,2.9999998956918716,True
22,putting_shoes_on_rack,10.0,4424,8824,14,3,0,1,0,True,False,0.19999998807907104,1.9999998807907104,True
22,putting_shoes_on_rack,10.0,4425,8035,10,0,0,1,0,True,False,0.0,0.0,True
22,putting_shoes_on_rack,10.0,4426,7027,13,2,1,2,0,True,False,0.19999998807907104,1.9999998807907104,False
22,putting_shoes_on_rack,10.0,4427,8402,12,2,1,2,1,True,False,0.19999998807907104,1.9999998807907104,False
22,putting_shoes_on_rack,10.0,4428,7683,11,1,0,1,0,True,False,0.09999998658895493,0.9999998658895493,True
22,putting_shoes_on_rack,10.0,4429,7555,13,2,0,1,0,True,False,0.09999998658895493,0.9999998658895493,True
22,putting_shoes_on_rack,10.0,4430,9082,12,1,0,1,0,True,False,0.0,0.0,True
22,putting_shoes_on_rack,10.0,4431,8108,12,2,1,2,0,True,False,0.29999998956918716,2.9999998956918716,False
22,putting_shoes_on_rack,10.0,4432,7385,12,1,0,1,0,True,False,0.0,0.0,True
22,putting_shoes_on_rack,10.0,4433,5888,14,3,0,1,0,True,False,0.19999998807907104,1.9999998807907104,True
22,putting_shoes_on_rack,10.0,4434,7205,14,3,0,1,0,True,False,0.19999998807907104,1.9999998807907104,True
22,putting_shoes_on_rack,10.0,4435,10371,14,2,0,1,0,True,False,0.0,0.0,True
22,putting_shoes_on_rack,10.0,4436,7768,22,6,0,1,0,True,False,0.0,0.0,True
22,putting_shoes_on_rack,10.0,4437,6391,12,2,0,1,0,True,False,0.19999998807907104,1.9999998807907104,True
22,putting_shoes_on_rack,10.0,4438,16532,16,3,0,1,0,True,False,0.0,0.0,True
22,putting_shoes_on_rack,10.0,4439,17397,20,6,2,2,0,True,False,0.3999999910593033,3.999999910593033,True
22,putting_shoes_on_rack,10.0,4440,7307,12,2,0,1,0,True,False,0.19999998807907104,1.9999998807907104,True
22,putting_shoes_on_rack,10.0,4441,9624,14,3,1,2,0,True,False,0.29999998956918716,2.9999998956918716,False
22,putting_shoes_on_rack,10.0,4442,6462,15,3,0,1,0,True,False,0.09999998658895493,0.9999998658895493,True
22,putting_shoes_on_rack,10.0,4443,7529,11,1,0,1,0,True,False,0.09999998658895493,0.9999998658895493,True
22,putting_shoes_on_rack,10.0,4444,8539,13,2,0,1,0,True,False,0.09999998658895493,0.9999998658895493,True
22,putting_shoes_on_rack,10.0,4445,11906,17,4,1,2,0,True,False,0.19999998807907104,1.9999998807907104,True
22,putting_shoes_on_rack,10.0,4446,6614,10,0,0,1,0,True,False,0.0,0.0,True
22,putting_shoes_on_rack,10.0,4447,6397,24,7,0,1,0,True,False,0.0,0.0,True
22,putting_shoes_on_rack,10.0,4448,6451,10,0,0,1,0,True,False,0.0,0.0,True
22,putting_shoes_on_rack,10.0,4449,7022,22,6,1,2,0,True,False,0.09999998658895493,0.9999998658895493,False
22,putting_shoes_on_rack,10.0,4450,5618,13,2,0,1,0,True,False,0.09999998658895493,0.9999998658895493,True
22,putting_shoes_on_rack,10.0,4451,6746,13,2,0,1,0,True,False,0.09999998658895493,0.9999998658895493,True
22,putting_shoes_on_rack,10.0,4452,7121,14,4,1,2,0,True,False,0.4999999925494194,4.999999925494194,True
23,boxing_books_up_for_storage,6.0,4600,26007,8,2,0,1,0,True,False,0.3333333134651184,1.9999998807907104,False
23,boxing_books_up_for_storage,6.0,4601,28100,8,2,0,1,0,True,False,0.3333333134651184,1.9999998807907104,False
23,boxing_books_up_for_storage,6.0,4602,26260,9,2,0,1,1,True,False,0.0,0.0,True
23,boxing_books_up_for_storage,6.0,4603,28667,11,4,0,1,0,True,False,0.4999999850988388,2.999999910593033,False
23,boxing_books_up_for_storage,6.0,4604,30302,12,5,0,1,1,True,False,0.4999999850988388,2.999999910593033,True
23,boxing_books_up_for_storage,6.0,4605,27378,8,2,0,1,1,True,False,0.166666641831398,0.9999998509883881,True
23,boxing_books_up_for_storage,6.0,4606,31353,7,1,0,1,1,True,False,0.0,0.0,True
23,boxing_books_up_for_storage,6.0,4607,31526,6,0,0,1,0,True,False,0.0,0.0,True
23,boxing_books_up_for_storage,6.0,4608,28232,7,1,0,1,0,True,False,0.166666641831398,0.9999998509883881,True
23,boxing_books_up_for_storage,6.0,4609,29141,6,0,0,1,0,True,False,0.0,0.0,True
23,boxing_books_up_for_storage,6.0,4610,28797,13,6,0,1,1,True,False,0.6666666567325592,3.9999999403953552,False
23,boxing_books_up_for_storage,6.0,4611,27392,8,2,0,1,0,True,False,0.3333333134651184,1.9999998807907104,False
23,boxing_books_up_for_storage,6.0,4612,26231,7,1,0,1,1,True,False,0.0,0.0,True
23,boxing_books_up_for_storage,6.0,4613,19096,11,4,0,1,0,True,False,0.4999999850988388,2.999999910593033,False
23,boxing_books_up_for_storage,6.0,4614,27748,6,0,0,1,0,True,False,0.0,0.0,True
23,boxing_books_up_for_storage,6.0,4615,28730,9,3,0,1,2,True,False,0.166666641831398,0.9999998509883881,True
23,boxing_books_up_for_storage,6.0,4616,29136,9,3,0,1,0,True,False,0.4999999850988388,2.999999910593033,False
23,boxing_books_up_for_storage,6.0,4617,27015,9,3,0,1,2,True,False,0.166666641831398,0.9999998509883881,True
23,boxing_books_up_for_storage,6.0,4618,24979,10,3,0,1,0,True,False,0.3333333134651184,1.9999998807907104,True
23,boxing_books_up_for_storage,6.0,4619,27380,7,1,0,1,0,True,False,0.166666641831398,0.9999998509883881,True
23,boxing_books_up_for_storage,6.0,4620,28628,7,1,0,1,0,True,False,0.166666641831398,0.9999998509883881,True
23,boxing_books_up_for_storage,6.0,4621,27259,8,2,0,1,0,True,False,0.3333333134651184,1.9999998807907104,True
23,boxing_books_up_for_storage,6.0,4622,26644,6,0,0,1,0,True,False,0.0,0.0,True
23,boxing_books_up_for_storage,6.0,4623,26329,7,1,0,1,1,True,False,0.0,0.0,True
23,boxing_books_up_for_storage,6.0,4624,27683,8,2,0,1,0,True,False,0.3333333134651184,1.9999998807907104,True
23,boxing_books_up_for_storage,6.0,4625,27453,9,3,0,1,0,True,False,0.4999999850988388,2.999999910593033,True
23,boxing_books_up_for_storage,6.0,4626,28514,6,0,0,1,0,True,False,0.0,0.0,True
23,boxing_books_up_for_storage,6.0,4627,26942,6,0,0,1,0,True,False,0.0,0.0,True
23,boxing_books_up_for_storage,6.0,4628,14202,8,2,0,1,0,True,False,0.3333333134651184,1.9999998807907104,False
23,boxing_books_up_for_storage,6.0,4629,26082,8,2,0,1,0,True,False,0.3333333134651184,1.9999998807907104,True
23,boxing_books_up_for_storage,6.0,4630,25233,11,5,0,1,1,True,False,0.6666666567325592,3.9999999403953552,True
23,boxing_books_up_for_storage,6.0,4631,27277,8,1,0,1,0,True,False,0.0,0.0,True
23,boxing_books_up_for_storage,6.0,4632,27909,6,0,0,1,0,True,False,0.0,0.0,True
23,boxing_books_up_for_storage,6.0,4633,27683,9,2,0,1,0,True,False,0.166666641831398,0.9999998509883881,True
23,boxing_books_up_for_storage,6.0,4634,28806,8,2,0,1,0,True,False,0.3333333134651184,1.9999998807907104,True
23,boxing_books_up_for_storage,6.0,4635,29404,9,3,0,1,1,True,False,0.3333333134651184,1.9999998807907104,True
23,boxing_books_up_for_storage,6.0,4636,26871,7,1,0,1,1,True,False,0.0,0.0,True
23,boxing_books_up_for_storage,6.0,4637,29172,7,1,0,1,0,True,False,0.166666641831398,0.9999998509883881,True
23,boxing_books_up_for_storage,6.0,4638,27685,7,1,0,1,0,True,False,0.166666641831398,0.9999998509883881,True
23,boxing_books_up_for_storage,6.0,4639,25023,9,3,0,1,1,True,False,0.3333333134651184,1.9999998807907104,True
23,boxing_books_up_for_storage,6.0,4640,29869,8,2,0,1,0,True,False,0.3333333134651184,1.9999998807907104,True
23,boxing_books_up_for_storage,6.0,4641,30700,9,3,0,1,0,True,False,0.4999999850988388,2.999999910593033,True
23,boxing_books_up_for_storage,6.0,4642,29709,11,5,0,1,1,True,False,0.6666666567325592,3.9999999403953552,False
23,boxing_books_up_for_storage,6.0,4643,31651,6,0,0,1,0,True,False,0.0,0.0,True
23,boxing_books_up_for_storage,6.0,4644,28603,8,2,0,1,0,True,False,0.3333333134651184,1.9999998807907104,True
23,boxing_books_up_for_storage,6.0,4645,30053,10,3,0,1,1,True,False,0.166666641831398,0.9999998509883881,True
24,storing_food,,4800,22550,0,0,0,0,0,True,False,1.0,,False
24,storing_food,,4801,23977,0,0,0,0,0,True,False,1.0,,False
24,storing_food,,4802,22308,0,0,0,0,0,True,False,1.0,,False
24,storing_food,,4803,24250,0,0,0,0,0,True,False,1.0,,False
24,storing_food,,4804,22120,0,0,0,0,0,True,False,1.0,,False
24,storing_food,,4805,22919,0,0,0,0,0,True,False,1.0,,False
24,storing_food,,4806,21770,0,0,0,0,0,True,False,1.0,,False
24,storing_food,,4807,24783,0,0,0,0,0,True,False,1.0,,False
24,storing_food,,4808,24208,0,0,0,0,0,True,False,1.0,,False
24,storing_food,,4809,22483,0,0,0,0,0,True,False,1.0,,False
24,storing_food,,4810,22504,0,0,0,0,0,True,False,1.0,,False
24,storing_food,,4811,21256,0,0,0,0,0,True,False,1.0,,False
24,storing_food,,4812,21482,0,0,0,0,0,True,False,1.0,,False
24,storing_food,,4813,23037,0,0,0,0,0,True,False,1.0,,False
24,storing_food,,4814,19496,0,0,0,0,0,True,False,1.0,,False
24,storing_food,,4815,21673,0,0,0,0,0,True,False,1.0,,False
24,storing_food,,4816,18673,0,0,0,0,0,True,False,1.0,,False
24,storing_food,,4817,16464,0,0,0,0,0,True,False,1.0,,False
24,storing_food,,4818,17501,0,0,0,0,0,True,False,1.0,,False
24,storing_food,,4819,22321,0,0,0,0,0,True,False,1.0,,False
24,storing_food,,4820,22123,0,0,0,0,0,True,False,1.0,,False
24,storing_food,,4821,20652,0,0,0,0,0,True,False,1.0,,False
24,storing_food,,4822,21694,0,0,0,0,0,True,False,1.0,,False
24,storing_food,,4823,22498,0,0,0,0,0,True,False,1.0,,False
24,storing_food,,4824,22702,0,0,0,0,0,True,False,1.0,,False
24,storing_food,,4825,23990,0,0,0,0,0,True,False,1.0,,False
24,storing_food,,4826,23662,0,0,0,0,0,True,False,1.0,,False
24,storing_food,,4827,24794,0,0,0,0,0,True,False,1.0,,False
24,storing_food,,4828,22992,0,0,0,0,0,True,False,1.0,,False
24,storing_food,,4829,21380,0,0,0,0,0,True,False,1.0,,False
24,storing_food,,4830,25631,0,0,0,0,0,True,False,1.0,,False
24,storing_food,,4831,20797,0,0,0,0,0,True,False,1.0,,False
24,storing_food,,4832,23551,0,0,0,0,0,True,False,1.0,,False
24,storing_food,,4833,24984,0,0,0,0,0,True,False,1.0,,False
24,storing_food,,4834,19921,0,0,0,0,0,True,False,1.0,,False
24,storing_food,,4835,20336,0,0,0,0,0,True,False,1.0,,False
24,storing_food,,4836,21661,0,0,0,0,0,True,False,1.0,,False
24,storing_food,,4837,21360,0,0,0,0,0,True,False,1.0,,False
24,storing_food,,4838,24569,0,0,0,0,0,True,False,1.0,,False
24,storing_food,,4839,19994,0,0,0,0,0,True,False,1.0,,False
24,storing_food,,4840,19996,0,0,0,0,0,True,False,1.0,,False
24,storing_food,,4841,19251,0,0,0,0,0,True,False,1.0,,False
24,storing_food,,4842,22383,0,0,0,0,0,True,False,1.0,,False
24,storing_food,,4843,21714,0,0,0,0,0,True,False,1.0,,False
24,storing_food,,4844,23887,0,0,0,0,0,True,False,1.0,,False
24,storing_food,,4845,22740,0,0,0,0,0,True,False,1.0,,False
24,storing_food,,4846,21847,0,0,0,0,0,True,False,1.0,,False
24,storing_food,,4847,22596,0,0,0,0,0,True,False,1.0,,False
25,clearing_food_from_table_into_fridge,5.0,5000,13708,6,1,0,1,0,True,False,0.19999998807907104,0.9999999403953552,True
25,clearing_food_from_table_into_fridge,5.0,5001,14433,6,1,0,1,0,True,False,0.19999998807907104,0.9999999403953552,True
25,clearing_food_from_table_into_fridge,5.0,5002,13488,5,1,0,1,0,True,False,0.3999999910593033,1.9999999552965164,True
25,clearing_food_from_table_into_fridge,5.0,5003,11454,7,1,0,1,0,True,False,0.0,0.0,True
25,clearing_food_from_table_into_fridge,5.0,5004,14828,5,1,0,1,0,True,False,0.3999999910593033,1.9999999552965164,True
25,clearing_food_from_table_into_fridge,5.0,5005,13594,5,1,0,1,0,True,False,0.3999999910593033,1.9999999552965164,True
25,clearing_food_from_table_into_fridge,5.0,5006,14124,5,1,0,1,0,True,False,0.3999999910593033,1.9999999552965164,True
25,clearing_food_from_table_into_fridge,5.0,5007,15103,8,3,0,1,0,True,False,0.5999999940395355,2.9999999701976776,False
25,clearing_food_from_table_into_fridge,5.0,5008,10819,5,1,0,1,0,True,False,0.3999999910593033,1.9999999552965164,True
25,clearing_food_from_table_into_fridge,5.0,5009,14784,12,4,0,1,0,True,False,0.19999998807907104,0.9999999403953552,False
25,clearing_food_from_table_into_fridge,5.0,5010,15308,7,1,0,1,0,True,False,0.0,0.0,True
25,clearing_food_from_table_into_fridge,5.0,5011,13470,5,1,0,1,0,True,False,0.3999999910593033,1.9999999552965164,True
25,clearing_food_from_table_into_fridge,5.0,5012,16128,5,1,0,1,0,True,False,0.3999999910593033,1.9999999552965164,True
25,clearing_food_from_table_into_fridge,5.0,5013,15934,7,2,0,1,0,True,False,0.3999999910593033,1.9999999552965164,True
25,clearing_food_from_table_into_fridge,5.0,5014,14615,7,2,0,1,0,True,False,0.3999999910593033,1.9999999552965164,True
25,clearing_food_from_table_into_fridge,5.0,5015,14379,7,2,0,1,0,True,False,0.3999999910593033,1.9999999552965164,False
25,clearing_food_from_table_into_fridge,5.0,5016,15138,7,2,0,1,0,True,False,0.3999999910593033,1.9999999552965164,True
25,clearing_food_from_table_into_fridge,5.0,5017,12852,6,1,0,1,0,True,False,0.19999998807907104,0.9999999403953552,True
25,clearing_food_from_table_into_fridge,5.0,5018,14672,6,1,0,1,0,True,False,0.19999998807907104,0.9999999403953552,True
25,clearing_food_from_table_into_fridge,5.0,5019,14284,8,3,0,1,0,True,False,0.5999999940395355,2.9999999701976776,False
25,clearing_food_from_table_into_fridge,5.0,5020,14455,6,1,0,1,0,True,False,0.19999998807907104,0.9999999403953552,True
25,clearing_food_from_table_into_fridge,5.0,5021,14977,6,1,0,1,0,True,False,0.19999998807907104,0.9999999403953552,True
25,clearing_food_from_table_into_fridge,5.0,5022,12442,8,3,0,1,1,True,False,0.3999999910593033,1.9999999552965164,False
25,clearing_food_from_table_into_fridge,5.0,5023,14649,5,2,0,1,1,True,False,0.5999999940395355,2.9999999701976776,False
25,clearing_food_from_table_into_fridge,5.0,5024,12615,5,1,0,1,0,True,False,0.3999999910593033,1.9999999552965164,True
25,clearing_food_from_table_into_fridge,5.0,5025,14288,5,1,0,1,0,True,False,0.3999999910593033,1.9999999552965164,True
25,clearing_food_from_table_into_fridge,5.0,5026,15232,8,3,0,1,0,True,False,0.5999999940395355,2.9999999701976776,False
25,clearing_food_from_table_into_fridge,5.0,5027,15414,6,2,0,1,0,True,False,0.5999999940395355,2.9999999701976776,False
25,clearing_food_from_table_into_fridge,5.0,5028,13252,8,2,0,1,1,True,False,0.0,0.0,True
25,clearing_food_from_table_into_fridge,5.0,5029,15227,7,2,0,1,0,True,False,0.3999999910593033,1.9999999552965164,False
25,clearing_food_from_table_into_fridge,5.0,5030,14822,7,2,0,1,0,True,False,0.3999999910593033,1.9999999552965164,False
25,clearing_food_from_table_into_fridge,5.0,5031,14590,7,1,0,1,0,True,False,0.0,0.0,True
25,clearing_food_from_table_into_fridge,5.0,5032,11214,5,1,0,1,0,True,False,0.3999999910593033,1.9999999552965164,True
25,clearing_food_from_table_into_fridge,5.0,5033,15944,14,5,0,1,0,True,False,0.19999998807907104,0.9999999403953552,True
25,clearing_food_from_table_into_fridge,5.0,5034,12750,6,1,0,1,0,True,False,0.19999998807907104,0.9999999403953552,True
25,clearing_food_from_table_into_fridge,5.0,5035,14556,5,1,0,1,0,True,False,0.3999999910593033,1.9999999552965164,True
25,clearing_food_from_table_into_fridge,5.0,5036,14089,9,4,1,2,2,True,False,0.3999999910593033,1.9999999552965164,False
25,clearing_food_from_table_into_fridge,5.0,5037,12278,7,2,0,1,0,True,False,0.3999999910593033,1.9999999552965164,True
25,clearing_food_from_table_into_fridge,5.0,5038,12376,5,1,0,1,0,True,False,0.3999999910593033,1.9999999552965164,True
25,clearing_food_from_table_into_fridge,5.0,5039,15071,9,4,0,1,0,True,False,0.7999999970197678,3.999999985098839,False
25,clearing_food_from_table_into_fridge,5.0,5040,15110,11,3,0,1,0,True,False,0.0,0.0,True
25,clearing_food_from_table_into_fridge,5.0,5041,14842,8,4,0,1,2,True,False,0.5999999940395355,2.9999999701976776,False
25,clearing_food_from_table_into_fridge,5.0,5042,15033,7,1,0,1,0,True,False,0.0,0.0,True
25,clearing_food_from_table_into_fridge,5.0,5043,19252,5,1,0,1,0,True,False,0.3999999910593033,1.9999999552965164,True
25,clearing_food_from_table_into_fridge,5.0,5044,14158,6,2,0,1,0,True,False,0.5999999940395355,2.9999999701976776,False
25,clearing_food_from_table_into_fridge,5.0,5045,14988,12,4,0,1,0,True,False,0.19999998807907104,0.9999999403953552,True
26,assembling_gift_baskets,16.0,5200,21522,4,0,0,1,0,True,False,0.75,12.0,False
26,assembling_gift_baskets,16.0,5201,27552,6,0,0,1,0,True,False,0.625,10.0,False
26,assembling_gift_baskets,16.0,5202,22466,5,0,0,1,0,True,False,0.6875,11.0,False
26,assembling_gift_baskets,16.0,5203,22480,6,1,0,1,0,True,False,0.75,12.0,False
26,assembling_gift_baskets,16.0,5204,23297,3,1,0,1,0,True,False,0.9375,15.0,False
26,assembling_gift_baskets,16.0,5205,22477,4,0,0,1,0,True,False,0.75,12.0,True
26,assembling_gift_baskets,16.0,5206,22018,4,1,0,1,1,True,False,0.8125,13.0,False
26,assembling_gift_baskets,16.0,5207,30625,6,0,0,1,0,True,False,0.625,10.0,True
26,assembling_gift_baskets,16.0,5208,20425,6,0,0,1,0,True,False,0.625,10.0,False
26,assembling_gift_baskets,16.0,5209,22484,9,1,0,1,0,True,False,0.5625,9.0,False
26,assembling_gift_baskets,16.0,5210,24504,3,0,0,1,0,True,False,0.8125,13.0,False
26,assembling_gift_baskets,16.0,5211,27503,3,1,0,1,1,True,False,0.875,14.0,True
26,assembling_gift_baskets,16.0,5212,21162,2,0,0,1,0,True,False,0.875,14.0,False
26,assembling_gift_baskets,16.0,5213,26521,5,0,0,1,0,True,False,0.6875,11.0,True
26,assembling_gift_baskets,16.0,5214,24932,3,1,0,1,1,True,False,0.875,14.0,False
26,assembling_gift_baskets,16.0,5215,23220,7,2,0,1,0,True,False,0.8125,13.0,False
26,assembling_gift_baskets,16.0,5216,22058,6,1,0,1,0,True,False,0.75,12.0,True
26,assembling_gift_baskets,16.0,5217,25325,4,1,0,1,0,False,False,0.875,14.0,False
26,assembling_gift_baskets,16.0,5218,28988,5,1,0,1,1,True,False,0.75,12.0,False
26,assembling_gift_baskets,16.0,5219,27171,10,2,0,1,0,True,False,0.625,10.0,False
26,assembling_gift_baskets,16.0,5220,23251,9,2,0,1,0,True,False,0.6875,11.0,False
26,assembling_gift_baskets,16.0,5221,28029,4,0,0,1,0,True,False,0.75,12.0,True
26,assembling_gift_baskets,16.0,5222,27888,1,0,0,1,0,True,False,0.9375,15.0,False
26,assembling_gift_baskets,16.0,5223,23660,2,0,0,1,0,True,False,0.875,14.0,False
26,assembling_gift_baskets,16.0,5224,26789,3,0,0,1,0,True,False,0.8125,13.0,False
26,assembling_gift_baskets,16.0,5225,25108,2,0,0,1,0,True,False,0.875,14.0,False
26,assembling_gift_baskets,16.0,5226,23946,2,0,0,1,0,True,False,0.875,14.0,False
26,assembling_gift_baskets,16.0,5227,23285,6,1,1,2,1,True,False,0.6875,11.0,True
26,assembling_gift_baskets,16.0,5228,21088,13,3,0,1,0,True,False,0.5625,9.0,False
26,assembling_gift_baskets,16.0,5229,26842,4,1,0,1,0,True,False,0.875,14.0,False
26,assembling_gift_baskets,16.0,5230,24064,12,3,1,2,0,True,False,0.6875,11.0,False
26,assembling_gift_baskets,16.0,5231,24983,5,1,0,1,0,True,False,0.8125,13.0,False
26,assembling_gift_baskets,16.0,5232,30166,9,1,0,1,0,True,False,0.5625,9.0,True
26,assembling_gift_baskets,16.0,5233,26237,10,1,0,1,0,True,False,0.5,8.0,False
26,assembling_gift_baskets,16.0,5234,23608,2,0,0,1,0,True,False,0.875,14.0,False
26,assembling_gift_baskets,16.0,5235,23860,6,0,0,1,0,True,False,0.625,10.0,False
26,assembling_gift_baskets,16.0,5236,43064,3,0,0,1,0,True,False,0.8125,13.0,False
26,assembling_gift_baskets,16.0,5237,22922,4,0,0,1,0,True,False,0.75,12.0,False
26,assembling_gift_baskets,16.0,5238,25221,6,0,0,1,0,True,False,0.625,10.0,True
26,assembling_gift_baskets,16.0,5239,25333,3,0,0,1,0,True,False,0.8125,13.0,False
26,assembling_gift_baskets,16.0,5240,23832,3,0,0,1,0,True,False,0.8125,13.0,True
26,assembling_gift_baskets,16.0,5241,32923,7,0,0,1,0,True,False,0.5625,9.0,False
26,assembling_gift_baskets,16.0,5242,27700,11,2,0,1,0,True,False,0.5625,9.0,True
27,sorting_household_items,8.0,5400,11894,11,2,0,1,0,True,False,0.125,1.0,True
27,sorting_household_items,8.0,5401,21212,12,3,0,1,1,True,False,0.125,1.0,True
27,sorting_household_items,8.0,5402,17754,17,5,0,1,0,True,False,0.125,1.0,True
27,sorting_household_items,8.0,5403,27549,11,3,0,1,1,True,False,0.25,2.0,True
27,sorting_household_items,8.0,5404,16533,11,2,0,1,0,True,False,0.125,1.0,True
27,sorting_household_items,8.0,5405,20827,12,3,0,1,1,True,False,0.125,1.0,True
27,sorting_household_items,8.0,5406,18471,10,2,0,1,1,True,False,0.125,1.0,True
27,sorting_household_items,8.0,5407,17409,7,0,0,1,0,True,False,0.125,1.0,True
27,sorting_household_items,8.0,5408,16050,10,2,0,1,1,True,False,0.125,1.0,True
27,sorting_household_items,8.0,5409,16888,16,5,0,1,1,True,False,0.125,1.0,True
27,sorting_household_items,8.0,5410,16411,8,1,0,1,1,True,False,0.125,1.0,True
27,sorting_household_items,8.0,5411,17731,8,1,0,1,1,True,False,0.125,1.0,True
27,sorting_household_items,8.0,5412,14360,21,7,0,1,0,True,False,0.125,1.0,True
27,sorting_household_items,8.0,5413,19668,20,7,0,1,1,True,False,0.125,1.0,True
27,sorting_household_items,8.0,5414,19089,9,2,0,1,1,True,False,0.25,2.0,True
27,sorting_household_items,8.0,5415,20438,14,4,0,1,1,True,False,0.125,1.0,True
27,sorting_household_items,8.0,5416,14302,17,5,0,1,0,True,False,0.125,1.0,True
27,sorting_household_items,8.0,5417,15440,16,5,0,1,1,True,False,0.125,1.0,True
27,sorting_household_items,8.0,5418,15900,16,5,0,1,1,True,False,0.125,1.0,True
27,sorting_household_items,8.0,5419,15065,18,6,0,1,0,True,False,0.25,2.0,False
27,sorting_household_items,8.0,5420,15266,20,7,1,2,1,True,False,0.125,1.0,True
27,sorting_household_items,8.0,5421,17440,11,2,0,1,0,True,False,0.125,1.0,True
27,sorting_household_items,8.0,5422,14943,42,18,0,1,1,True,False,0.125,1.0,True
27,sorting_household_items,8.0,5423,13719,22,8,0,1,1,True,False,0.125,1.0,True
27,sorting_household_items,8.0,5424,16930,12,3,0,1,1,True,False,0.125,1.0,True
27,sorting_household_items,8.0,5425,18738,14,4,0,1,0,True,False,0.25,2.0,True
27,sorting_household_items,8.0,5426,15476,15,4,0,1,0,True,False,0.125,1.0,True
27,sorting_household_items,8.0,5427,15215,17,5,0,1,0,True,False,0.125,1.0,True
27,sorting_household_items,8.0,5428,16480,11,2,0,1,0,True,False,0.125,1.0,True
27,sorting_household_items,8.0,5429,23623,16,5,0,1,1,True,False,0.125,1.0,True
27,sorting_household_items,8.0,5430,15014,11,2,0,1,0,True,False,0.125,1.0,True
27,sorting_household_items,8.0,5431,11256,44,20,0,1,2,True,False,0.25,2.0,True
27,sorting_household_items,8.0,5432,19352,16,5,0,1,1,True,False,0.125,1.0,True
27,sorting_household_items,8.0,5433,18134,9,1,0,1,0,True,False,0.125,1.0,True
27,sorting_household_items,8.0,5434,18145,22,8,0,1,1,True,False,0.125,1.0,True
27,sorting_household_items,8.0,5435,31112,16,6,0,1,1,True,False,0.375,3.0,False
27,sorting_household_items,8.0,5436,13449,11,2,0,1,0,True,False,0.125,1.0,True
27,sorting_household_items,8.0,5437,20511,13,3,0,1,0,True,False,0.125,1.0,True
27,sorting_household_items,8.0,5438,22799,21,7,0,1,0,True,False,0.125,1.0,True
27,sorting_household_items,8.0,5439,15133,10,2,0,1,1,True,False,0.125,1.0,True
27,sorting_household_items,8.0,5440,18620,24,8,0,1,0,True,False,0.0,0.0,True
27,sorting_household_items,8.0,5441,13592,12,3,0,1,1,True,False,0.125,1.0,True
27,sorting_household_items,8.0,5442,19687,18,7,0,1,2,True,False,0.25,2.0,True
27,sorting_household_items,8.0,5443,16036,20,6,0,1,0,True,False,0.0,0.0,True
27,sorting_household_items,8.0,5444,15402,26,10,0,1,1,True,False,0.125,1.0,True
27,sorting_household_items,8.0,5445,15045,22,8,0,1,1,True,False,0.125,1.0,True
27,sorting_household_items,8.0,5446,14338,27,10,0,1,0,True,False,0.125,1.0,True
27,sorting_household_items,8.0,5447,17467,19,6,0,1,0,True,False,0.125,1.0,True
27,sorting_household_items,8.0,5448,17469,9,1,0,1,0,True,False,0.125,1.0,True
27,sorting_household_items,8.0,5449,19945,12,3,0,1,1,True,False,0.125,1.0,True
28,getting_organized_for_work,10.0,5600,18158,38,16,0,1,1,True,False,0.29999998956918716,2.9999998956918716,True
28,getting_organized_for_work,10.0,5601,13937,45,22,1,2,3,True,False,0.5999999940395355,5.999999940395355,True
28,getting_organized_for_work,10.0,5602,17774,26,12,1,2,3,True,False,0.4999999925494194,4.999999925494194,True
28,getting_organized_for_work,10.0,5603,13695,31,14,1,2,3,True,False,0.3999999910593033,3.999999910593033,True
28,getting_organized_for_work,10.0,5604,18769,32,15,1,2,3,True,False,0.3999999910593033,3.999999910593033,True
28,getting_organized_for_work,10.0,5605,16413,33,15,3,3,0,True,False,0.4999999850988388,4.999999850988388,False
28,getting_organized_for_work,10.0,5606,20298,38,17,1,2,1,True,False,0.3999999910593033,3.999999910593033,True
28,getting_organized_for_work,10.0,5607,15586,43,20,0,1,3,True,False,0.3999999910593033,3.999999910593033,True
28,getting_organized_for_work,10.0,5608,18803,57,28,2,2,3,True,False,0.4999999925494194,4.999999925494194,True
28,getting_organized_for_work,10.0,5609,17742,60,29,1,2,3,True,False,0.3999999910593033,3.999999910593033,True
28,getting_organized_for_work,10.0,5610,19902,42,21,2,2,4,True,False,0.4999999925494194,4.999999925494194,True
28,getting_organized_for_work,10.0,5611,16681,43,21,2,2,2,True,False,0.4999999925494194,4.999999925494194,True
28,getting_organized_for_work,10.0,5612,16132,55,26,0,1,2,True,False,0.4999999925494194,4.999999925494194,True
28,getting_organized_for_work,10.0,5613,18254,59,28,1,2,2,True,False,0.3999999910593033,3.999999910593033,True
28,getting_organized_for_work,10.0,5614,16691,35,16,1,2,1,True,False,0.4999999925494194,4.999999925494194,True
28,getting_organized_for_work,10.0,5615,13508,28,11,0,1,0,True,False,0.3999999910593033,3.999999910593033,True
28,getting_organized_for_work,10.0,5616,20969,119,60,3,2,4,True,False,0.4999999925494194,4.999999925494194,False
28,getting_organized_for_work,10.0,5617,15183,45,21,0,1,2,True,False,0.4999999925494194,4.999999925494194,True
28,getting_organized_for_work,10.0,5618,21614,56,26,3,2,2,True,False,0.4999999925494194,4.999999925494194,False
28,getting_organized_for_work,10.0,5619,16290,52,24,1,2,1,True,False,0.3999999910593033,3.999999910593033,True
28,getting_organized_for_work,10.0,5620,19330,54,24,3,3,0,True,False,0.0,0.0,True
28,getting_organized_for_work,10.0,5621,15138,47,23,2,2,4,True,False,0.3999999910593033,3.999999910593033,True
28,getting_organized_for_work,10.0,5622,14867,57,28,2,2,3,True,False,0.5999999940395355,5.999999940395355,False
28,getting_organized_for_work,10.0,5623,15451,37,17,1,2,2,True,False,0.3999999910593033,3.999999910593033,True
28,getting_organized_for_work,10.0,5624,17185,25,11,2,2,2,True,False,0.3999999910593033,3.999999910593033,True
28,getting_organized_for_work,10.0,5625,18825,33,15,1,2,2,True,False,0.3999999910593033,3.999999910593033,True
28,getting_organized_for_work,10.0,5626,19059,43,20,0,1,3,True,False,0.3999999910593033,3.999999910593033,True
28,getting_organized_for_work,10.0,5627,19719,47,21,3,2,2,True,False,0.29999998956918716,2.9999998956918716,True
28,getting_organized_for_work,10.0,5628,16284,37,18,1,2,2,True,False,0.5999999940395355,5.999999940395355,True
28,getting_organized_for_work,10.0,5629,20329,50,23,0,1,1,True,False,0.4999999925494194,4.999999925494194,True
28,getting_organized_for_work,10.0,5630,20581,60,28,1,2,2,True,False,0.29999998956918716,2.9999998956918716,True
28,getting_organized_for_work,10.0,5631,17530,34,15,3,2,2,True,False,0.3999999910593033,3.999999910593033,True
28,getting_organized_for_work,10.0,5632,17407,44,22,1,2,5,True,False,0.4999999925494194,4.999999925494194,False
28,getting_organized_for_work,10.0,5633,18280,56,27,1,2,3,True,False,0.3999999910593033,3.999999910593033,False
28,getting_organized_for_work,10.0,5634,13234,40,18,2,2,2,True,False,0.29999998956918716,2.9999998956918716,True
28,getting_organized_for_work,10.0,5635,17633,54,25,0,1,1,True,False,0.4999999925494194,4.999999925494194,True
28,getting_organized_for_work,10.0,5636,18571,38,17,1,2,2,True,False,0.29999998956918716,2.9999998956918716,True
28,getting_organized_for_work,10.0,5637,16568,41,19,1,2,0,True,False,0.5999999940395355,5.999999940395355,False
28,getting_organized_for_work,10.0,5638,24433,82,40,1,2,3,True,False,0.5999999940395355,5.999999940395355,True
28,getting_organized_for_work,10.0,5639,14224,26,12,1,2,3,True,False,0.3999999910593033,3.999999910593033,True
28,getting_organized_for_work,10.0,5640,15255,63,30,1,2,3,True,False,0.3999999910593033,3.999999910593033,True
28,getting_organized_for_work,10.0,5641,14755,41,20,1,2,3,True,False,0.4999999925494194,4.999999925494194,True
28,getting_organized_for_work,10.0,5642,15974,39,17,3,2,2,True,False,0.29999998956918716,2.9999998956918716,True
28,getting_organized_for_work,10.0,5643,19199,73,32,3,2,1,True,False,0.09999998658895493,0.9999998658895493,True
28,getting_organized_for_work,10.0,5644,23069,41,19,0,1,2,True,False,0.4999999925494194,4.999999925494194,True
28,getting_organized_for_work,10.0,5645,16705,22,8,0,1,1,True,False,0.29999998956918716,2.9999998956918716,True
28,getting_organized_for_work,10.0,5646,15935,61,29,2,2,3,True,False,0.4999999925494194,4.999999925494194,True
28,getting_organized_for_work,10.0,5647,16188,43,21,1,2,3,True,False,0.5999999940395355,5.999999940395355,True
28,getting_organized_for_work,10.0,5648,17774,45,20,0,1,1,True,False,0.3999999910593033,3.999999910593033,True
28,getting_organized_for_work,10.0,5649,13495,44,19,0,1,0,True,False,0.3999999910593033,3.999999910593033,True
29,clean_up_your_desk,11.0,5800,19489,16,4,0,1,0,True,False,0.27272725105285645,2.999999761581421,False
29,clean_up_your_desk,11.0,5801,29940,13,1,0,1,0,True,False,0.0,0.0,True
29,clean_up_your_desk,11.0,5802,19060,16,4,0,1,0,True,False,0.27272725105285645,2.999999761581421,True
29,clean_up_your_desk,11.0,5803,19499,16,3,0,1,0,True,False,0.09090906381607056,0.9999997019767761,True
29,clean_up_your_desk,11.0,5804,16166,20,5,0,1,0,True,False,0.09090906381607056,0.9999997019767761,True
29,clean_up_your_desk,11.0,5805,23762,14,3,0,1,1,True,False,0.1818181574344635,1.9999997317790985,True
29,clean_up_your_desk,11.0,5806,21893,12,1,0,1,0,True,False,0.09090906381607056,0.9999997019767761,True
29,clean_up_your_desk,11.0,5807,20248,21,5,1,2,1,True,False,-0.18181821703910828,-2.000000387430191,False
29,clean_up_your_desk,11.0,5808,18286,14,2,0,1,0,True,False,0.09090906381607056,0.9999997019767761,True
29,clean_up_your_desk,11.0,5809,27362,22,6,1,3,0,True,False,-0.09090912342071533,-1.0000003576278687,False
29,clean_up_your_desk,11.0,5810,22095,19,4,1,2,0,True,False,0.09090906381607056,0.9999997019767761,True
29,clean_up_your_desk,11.0,5811,16111,15,2,0,1,0,True,False,0.0,0.0,True
29,clean_up_your_desk,11.0,5812,31123,14,2,0,1,0,True,False,0.09090906381607056,0.9999997019767761,True
29,clean_up_your_desk,11.0,5813,31067,13,2,0,1,0,True,False,0.1818181574344635,1.9999997317790985,True
29,clean_up_your_desk,11.0,5814,21312,18,3,1,2,0,True,False,-0.18181821703910828,-2.000000387430191,False
29,clean_up_your_desk,11.0,5815,23118,14,3,0,1,0,True,False,0.27272725105285645,2.999999761581421,True
29,clean_up_your_desk,11.0,5816,16324,14,1,1,3,0,True,False,-0.2727273106575012,-3.0000004172325134,False
29,clean_up_your_desk,11.0,5817,15807,17,4,0,1,1,True,False,0.09090906381607056,0.9999997019767761,True
29,clean_up_your_desk,11.0,5818,20240,21,6,0,1,0,True,False,0.1818181574344635,1.9999997317790985,True
29,clean_up_your_desk,11.0,5819,25822,20,5,1,2,1,True,False,-0.09090912342071533,-1.0000003576278687,False
29,clean_up_your_desk,11.0,5820,16778,18,5,0,1,1,True,False,0.1818181574344635,1.9999997317790985,False
29,clean_up_your_desk,11.0,5821,24386,18,5,0,1,0,True,False,0.27272725105285645,2.999999761581421,True
29,clean_up_your_desk,11.0,5822,17313,15,3,0,1,0,True,False,0.1818181574344635,1.9999997317790985,True
29,clean_up_your_desk,11.0,5823,26753,23,8,2,3,1,True,False,0.27272725105285645,2.999999761581421,True
29,clean_up_your_desk,11.0,5824,23729,17,4,0,1,0,True,False,0.1818181574344635,1.9999997317790985,True
29,clean_up_your_desk,11.0,5825,27543,13,2,0,1,0,True,False,0.1818181574344635,1.9999997317790985,True
29,clean_up_your_desk,11.0,5826,15804,29,9,1,3,0,True,False,-0.18181821703910828,-2.000000387430191,False
29,clean_up_your_desk,11.0,5827,22253,15,3,0,1,0,True,False,0.1818181574344635,1.9999997317790985,False
29,clean_up_your_desk,11.0,5828,15419,18,4,1,2,0,True,False,0.0,0.0,True
29,clean_up_your_desk,11.0,5829,17734,27,9,1,2,1,True,False,0.0,0.0,True
29,clean_up_your_desk,11.0,5830,26559,16,4,1,3,0,True,False,0.09090906381607056,0.9999997019767761,False
29,clean_up_your_desk,11.0,5831,26104,22,7,0,1,0,True,False,0.27272725105285645,2.999999761581421,False
29,clean_up_your_desk,11.0,5832,21753,19,5,0,1,0,True,False,0.1818181574344635,1.9999997317790985,True
29,clean_up_your_desk,11.0,5833,21864,16,4,0,1,2,True,False,0.09090906381607056,0.9999997019767761,True
29,clean_up_your_desk,11.0,5834,16177,30,9,1,2,0,True,False,0.0,0.0,True
29,clean_up_your_desk,11.0,5835,18581,20,5,0,1,0,True,False,0.09090906381607056,0.9999997019767761,True
29,clean_up_your_desk,11.0,5836,23685,19,5,1,2,1,True,False,0.0,0.0,True
29,clean_up_your_desk,11.0,5837,22787,20,5,0,1,0,True,False,0.09090906381607056,0.9999997019767761,True
29,clean_up_your_desk,11.0,5838,18348,19,5,0,1,0,True,False,0.1818181574344635,1.9999997317790985,True
29,clean_up_your_desk,11.0,5839,18185,15,3,0,1,0,True,False,0.1818181574344635,1.9999997317790985,True
30,setting_the_fire,8.0,6000,9898,16,5,1,2,1,True,False,0.125,1.0,True
30,setting_the_fire,8.0,6001,9780,11,2,0,1,0,True,False,0.125,1.0,True
30,setting_the_fire,8.0,6002,8936,12,3,0,1,0,True,False,0.25,2.0,False
30,setting_the_fire,8.0,6003,7980,15,5,2,3,1,True,False,0.125,1.0,True
30,setting_the_fire,8.0,6004,7155,12,2,0,1,0,True,False,0.0,0.0,True
30,setting_the_fire,8.0,6005,9477,11,2,0,1,0,True,False,0.125,1.0,True
30,setting_the_fire,8.0,6006,11200,10,2,0,1,0,True,False,0.25,2.0,False
30,setting_the_fire,8.0,6007,8174,18,6,0,1,0,True,False,0.25,2.0,False
30,setting_the_fire,8.0,6008,7723,12,3,0,1,0,True,False,0.25,2.0,False
30,setting_the_fire,8.0,6009,9845,16,4,0,1,0,True,False,0.0,0.0,True
30,setting_the_fire,8.0,6010,9159,12,3,1,2,0,True,False,0.125,1.0,True
30,setting_the_fire,8.0,6011,8473,11,2,0,1,0,True,False,0.125,1.0,True
30,setting_the_fire,8.0,6012,10668,10,2,1,2,0,True,False,0.125,1.0,True
30,setting_the_fire,8.0,6013,12047,9,1,0,1,0,True,False,0.125,1.0,True
30,setting_the_fire,8.0,6014,9957,9,1,0,1,0,True,False,0.125,1.0,True
30,setting_the_fire,8.0,6015,10288,15,4,0,1,0,True,False,0.125,1.0,True
30,setting_the_fire,8.0,6016,9292,13,3,0,1,0,True,False,0.125,1.0,True
30,setting_the_fire,8.0,6017,14302,12,2,0,1,0,True,False,0.0,0.0,True
30,setting_the_fire,8.0,6018,10854,12,3,1,3,1,True,False,0.125,1.0,True
30,setting_the_fire,8.0,6019,12920,12,2,0,1,0,True,False,0.0,0.0,True
30,setting_the_fire,8.0,6020,13132,13,4,0,1,1,True,False,0.25,2.0,True
30,setting_the_fire,8.0,6021,9297,14,4,0,1,0,True,False,0.25,2.0,False
30,setting_the_fire,8.0,6022,12467,9,1,0,1,0,True,False,0.125,1.0,True
30,setting_the_fire,8.0,6023,9241,10,2,1,3,0,True,False,0.5,4.0,True
30,setting_the_fire,8.0,6024,14107,14,4,1,2,0,True,False,0.125,1.0,False
30,setting_the_fire,8.0,6025,11914,17,5,0,1,0,True,False,0.125,1.0,True
30,setting_the_fire,8.0,6026,9951,17,5,0,1,0,True,False,0.125,1.0,True
30,setting_the_fire,8.0,6027,6611,9,1,0,1,0,True,False,0.125,1.0,True
30,setting_the_fire,8.0,6028,15066,11,2,0,1,0,True,False,0.125,1.0,True
30,setting_the_fire,8.0,6029,9448,9,1,0,1,0,True,False,0.125,1.0,True
30,setting_the_fire,8.0,6030,12374,9,1,0,1,0,True,False,0.125,1.0,True
30,setting_the_fire,8.0,6031,10905,13,3,0,1,0,True,False,0.125,1.0,True
30,setting_the_fire,8.0,6032,12082,13,3,0,1,0,True,False,0.125,1.0,True
30,setting_the_fire,8.0,6033,12389,13,3,0,1,0,True,False,0.125,1.0,True
30,setting_the_fire,8.0,6034,10760,9,1,0,1,0,True,False,0.125,1.0,True
30,setting_the_fire,8.0,6035,10975,13,3,0,1,0,True,False,0.125,1.0,True
30,setting_the_fire,8.0,6036,11331,12,3,0,1,0,True,False,0.25,2.0,False
30,setting_the_fire,8.0,6037,11728,10,1,0,1,0,True,False,0.0,0.0,True
30,setting_the_fire,8.0,6038,11304,15,5,1,3,1,True,False,0.25,2.0,False
30,setting_the_fire,8.0,6039,10209,9,1,0,1,0,True,False,0.125,1.0,True
30,setting_the_fire,8.0,6040,10456,16,5,0,1,0,True,False,0.25,2.0,True
30,setting_the_fire,8.0,6041,10728,15,4,0,1,0,True,False,0.125,1.0,True
31,clean_boxing_gloves,1.0,6200,12983,1,0,0,1,0,True,False,0.0,0.0,True
31,clean_boxing_gloves,1.0,6201,7962,1,0,0,1,0,True,False,0.0,0.0,True
31,clean_boxing_gloves,1.0,6202,12042,1,0,0,1,0,True,False,0.0,0.0,True
31,clean_boxing_gloves,1.0,6203,12449,1,0,0,1,0,True,False,0.0,0.0,True
31,clean_boxing_gloves,1.0,6204,15103,1,0,0,1,0,True,False,0.0,0.0,True
31,clean_boxing_gloves,1.0,6205,6483,1,0,0,1,0,True,False,0.0,0.0,True
31,clean_boxing_gloves,1.0,6206,11670,1,0,0,1,0,True,False,0.0,0.0,True
31,clean_boxing_gloves,1.0,6207,12110,1,0,0,1,0,True,False,0.0,0.0,True
31,clean_boxing_gloves,1.0,6208,11201,2,1,0,1,1,True,False,0.0,0.0,True
31,clean_boxing_gloves,1.0,6209,12245,1,0,0,1,0,True,False,0.0,0.0,True
31,clean_boxing_gloves,1.0,6210,12787,1,0,0,1,0,True,False,0.0,0.0,True
31,clean_boxing_gloves,1.0,6211,14340,1,0,0,1,0,True,False,0.0,0.0,True
31,clean_boxing_gloves,1.0,6212,10955,1,0,0,1,0,True,False,0.0,0.0,True
31,clean_boxing_gloves,1.0,6213,12418,1,0,0,1,0,True,False,0.0,0.0,True
31,clean_boxing_gloves,1.0,6214,10786,1,0,0,1,0,True,False,0.0,0.0,True
31,clean_boxing_gloves,1.0,6215,7516,1,0,0,1,0,True,False,0.0,0.0,True
31,clean_boxing_gloves,1.0,6216,12584,2,1,0,1,1,True,False,0.0,0.0,True
31,clean_boxing_gloves,1.0,6217,12617,1,0,0,1,0,True,False,0.0,0.0,True
31,clean_boxing_gloves,1.0,6218,13472,2,1,0,1,1,True,False,0.0,0.0,True
31,clean_boxing_gloves,1.0,6219,7153,1,0,0,1,0,True,False,0.0,0.0,True
31,clean_boxing_gloves,1.0,6220,6845,1,0,0,1,0,True,False,0.0,0.0,True
31,clean_boxing_gloves,1.0,6221,13193,2,1,0,1,1,True,False,0.0,0.0,True
31,clean_boxing_gloves,1.0,6222,13239,1,0,0,1,0,True,False,0.0,0.0,True
31,clean_boxing_gloves,1.0,6223,12325,1,0,0,1,0,True,False,0.0,0.0,True
31,clean_boxing_gloves,1.0,6224,12559,2,1,0,1,1,True,False,0.0,0.0,True
31,clean_boxing_gloves,1.0,6225,11599,2,1,0,1,1,True,False,0.0,0.0,True
31,clean_boxing_gloves,1.0,6226,12776,1,0,0,1,0,True,False,0.0,0.0,True
31,clean_boxing_gloves,1.0,6227,13982,2,1,0,1,1,True,False,0.0,0.0,True
31,clean_boxing_gloves,1.0,6228,11307,2,1,0,1,1,True,False,0.0,0.0,True
31,clean_boxing_gloves,1.0,6229,13089,1,0,0,1,0,True,False,0.0,0.0,True
31,clean_boxing_gloves,1.0,6230,12504,2,1,0,1,1,True,False,0.0,0.0,True
31,clean_boxing_gloves,1.0,6231,11111,1,0,0,1,0,True,False,0.0,0.0,True
31,clean_boxing_gloves,1.0,6232,12739,1,0,0,1,0,True,False,0.0,0.0,True
31,clean_boxing_gloves,1.0,6233,11861,1,0,0,1,0,True,False,0.0,0.0,True
31,clean_boxing_gloves,1.0,6234,7551,1,0,0,1,0,True,False,0.0,0.0,True
31,clean_boxing_gloves,1.0,6235,10730,1,0,0,1,0,True,False,0.0,0.0,True
31,clean_boxing_gloves,1.0,6236,11116,1,0,0,1,0,True,False,0.0,0.0,True
31,clean_boxing_gloves,1.0,6237,7136,1,0,0,1,0,True,False,0.0,0.0,True
31,clean_boxing_gloves,1.0,6238,7494,1,0,0,1,0,True,False,0.0,0.0,True
31,clean_boxing_gloves,1.0,6239,7777,1,0,0,1,0,True,False,0.0,0.0,True
32,wash_a_baseball_cap,1.0,6400,7487,1,0,0,1,0,True,False,0.0,0.0,True
32,wash_a_baseball_cap,1.0,6401,9197,1,0,0,1,0,True,False,0.0,0.0,True
32,wash_a_baseball_cap,1.0,6402,9986,1,0,0,1,0,True,False,0.0,0.0,True
32,wash_a_baseball_cap,1.0,6403,9676,1,0,0,1,0,True,False,0.0,0.0,True
32,wash_a_baseball_cap,1.0,6404,9724,3,2,0,1,2,True,False,0.0,0.0,True
32,wash_a_baseball_cap,1.0,6405,10150,1,0,0,1,0,True,False,0.0,0.0,True
32,wash_a_baseball_cap,1.0,6406,10126,1,0,0,1,0,True,False,0.0,0.0,True
32,wash_a_baseball_cap,1.0,6407,7986,2,1,0,1,1,True,False,0.0,0.0,True
32,wash_a_baseball_cap,1.0,6408,8664,1,0,0,1,0,True,False,0.0,0.0,True
32,wash_a_baseball_cap,1.0,6409,9753,1,0,0,1,0,True,False,0.0,0.0,True
32,wash_a_baseball_cap,1.0,6410,9247,1,0,0,1,0,True,False,0.0,0.0,True
32,wash_a_baseball_cap,1.0,6411,10991,1,0,0,1,0,True,False,0.0,0.0,True
32,wash_a_baseball_cap,1.0,6412,8936,1,0,0,1,0,True,False,0.0,0.0,True
32,wash_a_baseball_cap,1.0,6413,9673,1,0,0,1,0,True,False,0.0,0.0,True
32,wash_a_baseball_cap,1.0,6414,10275,1,0,0,1,0,True,False,0.0,0.0,True
32,wash_a_baseball_cap,1.0,6415,8505,1,0,0,1,0,True,False,0.0,0.0,True
32,wash_a_baseball_cap,1.0,6416,10447,1,0,0,1,0,True,False,0.0,0.0,True
32,wash_a_baseball_cap,1.0,6417,9352,1,0,0,1,0,True,False,0.0,0.0,True
32,wash_a_baseball_cap,1.0,6418,9952,1,0,0,1,0,True,False,0.0,0.0,True
32,wash_a_baseball_cap,1.0,6419,7997,1,0,0,1,0,True,False,0.0,0.0,True
32,wash_a_baseball_cap,1.0,6420,8994,1,0,0,1,0,True,False,0.0,0.0,True
32,wash_a_baseball_cap,1.0,6421,8789,1,0,0,1,0,True,False,0.0,0.0,True
32,wash_a_baseball_cap,1.0,6422,10079,1,0,0,1,0,True,False,0.0,0.0,True
32,wash_a_baseball_cap,1.0,6423,8541,1,0,0,1,0,True,False,0.0,0.0,True
32,wash_a_baseball_cap,1.0,6424,9214,2,1,0,1,1,True,False,0.0,0.0,True
32,wash_a_baseball_cap,1.0,6425,9044,1,0,0,1,0,True,False,0.0,0.0,True
32,wash_a_baseball_cap,1.0,6426,9535,1,0,0,1,0,True,False,0.0,0.0,True
32,wash_a_baseball_cap,1.0,6427,10062,2,1,0,1,1,True,False,0.0,0.0,True
32,wash_a_baseball_cap,1.0,6428,9170,1,0,0,1,0,True,False,0.0,0.0,True
32,wash_a_baseball_cap,1.0,6429,8863,1,0,0,1,0,True,False,0.0,0.0,True
32,wash_a_baseball_cap,1.0,6430,11371,1,0,0,1,0,True,False,0.0,0.0,True
32,wash_a_baseball_cap,1.0,6431,9847,2,1,0,1,1,True,False,0.0,0.0,True
32,wash_a_baseball_cap,1.0,6432,9563,1,0,0,1,0,True,False,0.0,0.0,True
32,wash_a_baseball_cap,1.0,6433,8449,2,1,0,1,1,True,False,0.0,0.0,True
32,wash_a_baseball_cap,1.0,6434,10213,1,0,0,1,0,True,False,0.0,0.0,True
32,wash_a_baseball_cap,1.0,6435,10300,1,0,0,1,0,True,False,0.0,0.0,True
32,wash_a_baseball_cap,1.0,6436,9073,2,1,0,1,1,True,False,0.0,0.0,True
32,wash_a_baseball_cap,1.0,6437,8392,2,1,0,1,1,True,False,0.0,0.0,True
32,wash_a_baseball_cap,1.0,6438,8482,2,1,0,1,1,True,False,0.0,0.0,True
32,wash_a_baseball_cap,1.0,6439,7488,1,0,0,1,0,True,False,0.0,0.0,True
32,wash_a_baseball_cap,1.0,6440,10306,1,0,0,1,0,True,False,0.0,0.0,True
32,wash_a_baseball_cap,1.0,6441,9222,1,0,0,1,0,True,False,0.0,0.0,True
32,wash_a_baseball_cap,1.0,6442,9585,2,1,0,1,1,True,False,0.0,0.0,True
32,wash_a_baseball_cap,1.0,6443,6872,1,0,0,1,0,True,False,0.0,0.0,True
32,wash_a_baseball_cap,1.0,6444,8084,1,0,0,1,0,True,False,0.0,0.0,True
32,wash_a_baseball_cap,1.0,6445,9201,1,0,0,1,0,True,False,0.0,0.0,True
32,wash_a_baseball_cap,1.0,6446,9837,1,0,0,1,0,True,False,0.0,0.0,True
32,wash_a_baseball_cap,1.0,6447,9393,1,0,0,1,0,True,False,0.0,0.0,True
33,wash_dog_toys,3.0,6600,11112,2,0,0,1,0,True,False,0.3333333134651184,0.9999999403953552,True
33,wash_dog_toys,3.0,6601,12024,2,0,0,1,0,True,False,0.3333333134651184,0.9999999403953552,True
33,wash_dog_toys,3.0,6602,12239,2,0,0,1,0,True,False,0.3333333134651184,0.9999999403953552,True
33,wash_dog_toys,3.0,6603,10900,2,0,0,1,0,True,False,0.3333333134651184,0.9999999403953552,True
33,wash_dog_toys,3.0,6604,11696,2,0,0,1,0,True,False,0.3333333134651184,0.9999999403953552,True
33,wash_dog_toys,3.0,6605,12488,2,0,0,1,0,True,False,0.3333333134651184,0.9999999403953552,True
33,wash_dog_toys,3.0,6606,12148,2,0,0,1,0,True,False,0.3333333134651184,0.9999999403953552,True
33,wash_dog_toys,3.0,6607,10472,3,1,1,2,1,True,False,0.3333333134651184,0.9999999403953552,True
33,wash_dog_toys,3.0,6608,10666,4,2,2,2,2,True,False,0.3333333134651184,0.9999999403953552,True
33,wash_dog_toys,3.0,6609,10613,2,0,0,1,0,True,False,0.3333333134651184,0.9999999403953552,True
33,wash_dog_toys,3.0,6610,11744,2,0,0,1,0,True,False,0.3333333134651184,0.9999999403953552,True
33,wash_dog_toys,3.0,6611,10550,2,0,0,1,0,True,False,0.3333333134651184,0.9999999403953552,True
33,wash_dog_toys,3.0,6612,10393,2,0,0,1,0,True,False,0.3333333134651184,0.9999999403953552,True
33,wash_dog_toys,3.0,6613,10051,2,0,0,1,0,True,False,0.3333333134651184,0.9999999403953552,True
33,wash_dog_toys,3.0,6614,13958,2,0,0,1,0,True,False,0.3333333134651184,0.9999999403953552,True
33,wash_dog_toys,3.0,6615,11544,2,0,0,1,0,True,False,0.3333333134651184,0.9999999403953552,True
33,wash_dog_toys,3.0,6616,13033,2,0,0,1,0,True,False,0.3333333134651184,0.9999999403953552,True
33,wash_dog_toys,3.0,6617,12651,2,0,0,1,0,True,False,0.3333333134651184,0.9999999403953552,True
33,wash_dog_toys,3.0,6618,11339,2,0,0,1,0,True,False,0.3333333134651184,0.9999999403953552,True
33,wash_dog_toys,3.0,6619,11745,2,0,0,1,0,True,False,0.3333333134651184,0.9999999403953552,True
33,wash_dog_toys,3.0,6620,11627,2,0,0,1,0,True,False,0.3333333134651184,0.9999999403953552,True
33,wash_dog_toys,3.0,6621,12232,3,1,1,2,1,True,False,0.3333333134651184,0.9999999403953552,True
33,wash_dog_toys,3.0,6622,10869,2,0,0,1,0,True,False,0.3333333134651184,0.9999999403953552,True
33,wash_dog_toys,3.0,6623,11148,3,1,1,2,1,True,False,0.3333333134651184,0.9999999403953552,True
33,wash_dog_toys,3.0,6624,12188,2,0,0,1,0,True,False,0.3333333134651184,0.9999999403953552,True
33,wash_dog_toys,3.0,6625,12485,2,0,0,1,0,True,False,0.3333333134651184,0.9999999403953552,True
33,wash_dog_toys,3.0,6626,11746,2,0,0,1,0,True,False,0.3333333134651184,0.9999999403953552,True
33,wash_dog_toys,3.0,6627,12268,2,0,0,1,0,True,False,0.3333333134651184,0.9999999403953552,True
33,wash_dog_toys,3.0,6628,12757,2,0,0,1,0,True,False,0.3333333134651184,0.9999999403953552,True
33,wash_dog_toys,3.0,6629,11989,2,0,0,1,0,True,False,0.3333333134651184,0.9999999403953552,True
33,wash_dog_toys,3.0,6630,13952,2,0,0,1,0,True,False,0.3333333134651184,0.9999999403953552,True
33,wash_dog_toys,3.0,6631,13047,2,0,0,1,0,True,False,0.3333333134651184,0.9999999403953552,True
33,wash_dog_toys,3.0,6632,12035,2,0,0,1,0,True,False,0.3333333134651184,0.9999999403953552,True
33,wash_dog_toys,3.0,6633,12283,2,0,0,1,0,True,False,0.3333333134651184,0.9999999403953552,True
33,wash_dog_toys,3.0,6634,11594,2,0,0,1,0,True,False,0.3333333134651184,0.9999999403953552,True
33,wash_dog_toys,3.0,6635,11098,2,0,0,1,0,True,False,0.3333333134651184,0.9999999403953552,True
33,wash_dog_toys,3.0,6636,11347,3,1,1,2,1,True,False,0.3333333134651184,0.9999999403953552,True
33,wash_dog_toys,3.0,6637,12659,3,1,1,2,1,True,False,0.3333333134651184,0.9999999403953552,True
33,wash_dog_toys,3.0,6638,12448,2,0,0,1,0,True,False,0.3333333134651184,0.9999999403953552,True
33,wash_dog_toys,3.0,6639,13514,2,0,0,1,0,True,False,0.3333333134651184,0.9999999403953552,True
33,wash_dog_toys,3.0,6640,11706,2,0,0,1,0,True,False,0.3333333134651184,0.9999999403953552,True
33,wash_dog_toys,3.0,6641,11730,2,0,0,1,0,True,False,0.3333333134651184,0.9999999403953552,True
33,wash_dog_toys,3.0,6642,12671,2,0,0,1,0,True,False,0.3333333134651184,0.9999999403953552,True
33,wash_dog_toys,3.0,6643,12256,3,1,1,2,1,True,False,0.3333333134651184,0.9999999403953552,True
33,wash_dog_toys,3.0,6644,11689,2,0,0,1,0,True,False,0.3333333134651184,0.9999999403953552,True
33,wash_dog_toys,3.0,6645,13185,2,0,0,1,0,True,False,0.3333333134651184,0.9999999403953552,True
33,wash_dog_toys,3.0,6646,12435,2,0,0,1,0,True,False,0.3333333134651184,0.9999999403953552,True
33,wash_dog_toys,3.0,6647,11465,2,0,0,1,0,True,False,0.3333333134651184,0.9999999403953552,True
33,wash_dog_toys,3.0,6648,11833,2,0,0,1,0,True,False,0.3333333134651184,0.9999999403953552,True
33,wash_dog_toys,3.0,6649,11950,2,0,0,1,0,True,False,0.3333333134651184,0.9999999403953552,True
33,wash_dog_toys,3.0,6650,12440,4,2,2,2,2,True,False,0.3333333134651184,0.9999999403953552,True
33,wash_dog_toys,3.0,6651,25030,2,0,0,1,0,True,False,0.3333333134651184,0.9999999403953552,True
33,wash_dog_toys,3.0,6652,12083,3,1,1,2,1,True,False,0.3333333134651184,0.9999999403953552,True
33,wash_dog_toys,3.0,6653,12200,2,0,0,1,0,True,False,0.3333333134651184,0.9999999403953552,True
34,hanging_pictures,1.0,6800,993,1,0,0,1,0,True,False,0.0,0.0,True
34,hanging_pictures,1.0,6801,2917,2,1,0,1,1,True,False,0.0,0.0,True
34,hanging_pictures,1.0,6802,2816,2,1,0,1,1,True,False,0.0,0.0,True
34,hanging_pictures,1.0,6803,2538,2,1,0,1,1,True,False,0.0,0.0,True
34,hanging_pictures,1.0,6804,2340,1,0,0,1,0,True,False,0.0,0.0,True
34,hanging_pictures,1.0,6805,2588,1,0,0,1,0,True,False,0.0,0.0,True
34,hanging_pictures,1.0,6806,1655,3,2,0,1,2,True,False,0.0,0.0,True
34,hanging_pictures,1.0,6807,2797,2,1,0,1,1,True,False,0.0,0.0,True
34,hanging_pictures,1.0,6808,2549,2,1,0,1,1,True,False,0.0,0.0,True
34,hanging_pictures,1.0,6809,2361,2,1,0,1,1,True,False,0.0,0.0,True
34,hanging_pictures,1.0,6810,2118,2,1,0,1,1,True,False,0.0,0.0,True
34,hanging_pictures,1.0,6811,2025,3,2,0,1,2,True,False,0.0,0.0,True
34,hanging_pictures,1.0,6812,2270,2,1,0,1,1,True,False,0.0,0.0,True
34,hanging_pictures,1.0,6813,3711,1,0,0,1,0,True,False,0.0,0.0,True
34,hanging_pictures,1.0,6814,2355,3,2,0,1,2,True,False,0.0,0.0,True
34,hanging_pictures,1.0,6815,2404,2,1,0,1,1,True,False,0.0,0.0,True
34,hanging_pictures,1.0,6816,4650,2,1,0,1,1,True,False,0.0,0.0,True
34,hanging_pictures,1.0,6817,2218,2,1,0,1,1,True,False,0.0,0.0,True
34,hanging_pictures,1.0,6818,2019,2,1,0,1,1,True,False,0.0,0.0,True
34,hanging_pictures,1.0,6819,2580,2,1,0,1,1,True,False,0.0,0.0,True
34,hanging_pictures,1.0,6820,1515,2,1,0,1,1,True,False,0.0,0.0,True
34,hanging_pictures,1.0,6821,1478,1,0,0,1,0,True,False,0.0,0.0,True
34,hanging_pictures,1.0,6822,2487,2,1,0,1,1,True,False,0.0,0.0,True
34,hanging_pictures,1.0,6823,2930,2,1,0,1,1,True,False,0.0,0.0,True
34,hanging_pictures,1.0,6824,1517,2,1,0,1,1,True,False,0.0,0.0,True
34,hanging_pictures,1.0,6825,1720,2,1,0,1,1,True,False,0.0,0.0,True
34,hanging_pictures,1.0,6826,2390,2,1,0,1,1,True,False,0.0,0.0,True
34,hanging_pictures,1.0,6827,1783,1,0,0,1,0,True,False,0.0,0.0,True
34,hanging_pictures,1.0,6828,2541,2,1,0,1,1,True,False,0.0,0.0,True
34,hanging_pictures,1.0,6829,1670,1,0,0,1,0,True,False,0.0,0.0,True
34,hanging_pictures,1.0,6830,2005,2,1,0,1,1,True,False,0.0,0.0,True
34,hanging_pictures,1.0,6831,3321,2,1,0,1,1,True,False,0.0,0.0,True
34,hanging_pictures,1.0,6832,2145,2,1,0,1,1,True,False,0.0,0.0,True
34,hanging_pictures,1.0,6833,2954,2,1,0,1,1,True,False,0.0,0.0,True
34,hanging_pictures,1.0,6834,2089,2,1,0,1,1,True,False,0.0,0.0,True
34,hanging_pictures,1.0,6835,1553,2,1,0,1,1,True,False,0.0,0.0,True
34,hanging_pictures,1.0,6836,1723,1,0,0,1,0,True,False,0.0,0.0,True
34,hanging_pictures,1.0,6837,1815,1,0,0,1,0,True,False,0.0,0.0,True
34,hanging_pictures,1.0,6838,2700,2,1,0,1,1,True,False,0.0,0.0,True
34,hanging_pictures,1.0,6839,1567,3,2,0,1,2,True,False,0.0,0.0,True
34,hanging_pictures,1.0,6840,3050,1,0,0,1,0,True,False,0.0,0.0,True
34,hanging_pictures,1.0,6841,1972,1,0,0,1,0,True,False,0.0,0.0,True
34,hanging_pictures,1.0,6842,2969,2,1,0,1,1,True,False,0.0,0.0,True
34,hanging_pictures,1.0,6843,2699,1,0,0,1,0,True,False,0.0,0.0,True
34,hanging_pictures,1.0,6844,2514,2,1,0,1,1,True,False,0.0,0.0,True
34,hanging_pictures,1.0,6845,2898,2,1,0,1,1,True,False,0.0,0.0,True
34,hanging_pictures,1.0,6846,2116,2,1,0,1,1,True,False,0.0,0.0,True
34,hanging_pictures,1.0,6847,1551,2,1,0,1,1,True,False,0.0,0.0,True
34,hanging_pictures,1.0,6848,2354,1,0,0,1,0,True,False,0.0,0.0,True
34,hanging_pictures,1.0,6849,1643,1,0,0,1,0,True,False,0.0,0.0,True
34,hanging_pictures,1.0,6850,2234,2,1,0,1,1,True,False,0.0,0.0,True
34,hanging_pictures,1.0,6851,1679,2,1,0,1,1,True,False,0.0,0.0,True
34,hanging_pictures,1.0,6852,3022,2,1,0,1,1,True,False,0.0,0.0,True
34,hanging_pictures,1.0,6853,1848,2,1,0,1,1,True,False,0.0,0.0,True
34,hanging_pictures,1.0,6854,1950,2,1,0,1,1,True,False,0.0,0.0,True
34,hanging_pictures,1.0,6855,2722,2,1,0,1,1,True,False,0.0,0.0,True
34,hanging_pictures,1.0,6856,1806,1,0,0,1,0,True,False,0.0,0.0,True
34,hanging_pictures,1.0,6857,1697,1,0,0,1,0,True,False,0.0,0.0,True
34,hanging_pictures,1.0,6858,3106,1,0,0,1,0,True,False,0.0,0.0,True
34,hanging_pictures,1.0,6859,2178,2,1,0,1,1,True,False,0.0,0.0,True
34,hanging_pictures,1.0,6860,1652,2,1,0,1,1,True,False,0.0,0.0,True
34,hanging_pictures,1.0,6861,2277,1,0,0,1,0,True,False,0.0,0.0,True
34,hanging_pictures,1.0,6862,3254,1,0,0,1,0,True,False,0.0,0.0,True
34,hanging_pictures,1.0,6863,2129,2,1,0,1,1,True,False,0.0,0.0,True
34,hanging_pictures,1.0,6864,2415,3,2,0,1,2,True,False,0.0,0.0,True
34,hanging_pictures,1.0,6865,2929,2,1,0,1,1,True,False,0.0,0.0,True
34,hanging_pictures,1.0,6866,2414,1,0,0,1,0,True,False,0.0,0.0,True
34,hanging_pictures,1.0,6867,2799,2,1,0,1,1,True,False,0.0,0.0,True
34,hanging_pictures,1.0,6868,2403,4,3,0,1,3,True,False,0.0,0.0,True
34,hanging_pictures,1.0,6869,2559,2,1,0,1,1,True,False,0.0,0.0,True
34,hanging_pictures,1.0,6870,2669,2,1,0,1,1,True,False,0.0,0.0,True
34,hanging_pictures,1.0,6871,2398,3,2,0,1,2,True,False,0.0,0.0,True
34,hanging_pictures,1.0,6872,2170,4,3,0,1,3,True,False,0.0,0.0,True
34,hanging_pictures,1.0,6873,2356,3,2,0,1,2,True,False,0.0,0.0,True
34,hanging_pictures,1.0,6874,2264,3,2,0,1,2,True,False,0.0,0.0,True
34,hanging_pictures,1.0,6875,3101,4,3,0,1,3,True,False,0.0,0.0,True
34,hanging_pictures,1.0,6876,4057,2,1,0,1,1,True,False,0.0,0.0,True
34,hanging_pictures,1.0,6877,2450,3,2,0,1,2,True,False,0.0,0.0,True
34,hanging_pictures,1.0,6878,2735,3,2,0,1,2,True,False,0.0,0.0,True
34,hanging_pictures,1.0,6879,1734,3,2,0,1,2,True,False,0.0,0.0,True
34,hanging_pictures,1.0,6880,2268,2,1,0,1,1,True,False,0.0,0.0,True
34,hanging_pictures,1.0,6881,2707,2,1,0,1,1,True,False,0.0,0.0,True
34,hanging_pictures,1.0,6882,3556,3,2,0,1,2,True,False,0.0,0.0,True
34,hanging_pictures,1.0,6883,2365,3,2,0,1,2,True,False,0.0,0.0,True
34,hanging_pictures,1.0,6884,2816,1,0,0,1,0,True,False,0.0,0.0,True
34,hanging_pictures,1.0,6885,2601,3,2,0,1,2,True,False,0.0,0.0,True
34,hanging_pictures,1.0,6886,2614,2,1,0,1,1,True,False,0.0,0.0,True
34,hanging_pictures,1.0,6887,2836,2,1,0,1,1,True,False,0.0,0.0,True
34,hanging_pictures,1.0,6888,2285,2,1,0,1,1,True,False,0.0,0.0,True
34,hanging_pictures,1.0,6889,2184,2,1,0,1,1,True,False,0.0,0.0,True
34,hanging_pictures,1.0,6890,2643,2,1,0,1,1,True,False,0.0,0.0,True
34,hanging_pictures,1.0,6891,2497,2,1,0,1,1,True,False,0.0,0.0,True
34,hanging_pictures,1.0,6892,2777,1,0,0,1,0,True,False,0.0,0.0,True
34,hanging_pictures,1.0,6893,3544,3,2,0,1,2,True,False,0.0,0.0,True
35,attach_a_camera_to_a_tripod,1.0,7000,2666,1,0,0,1,0,True,False,0.0,0.0,True
35,attach_a_camera_to_a_tripod,1.0,7001,3780,1,0,0,1,0,True,False,0.0,0.0,True
35,attach_a_camera_to_a_tripod,1.0,7002,3323,1,0,0,1,0,True,False,0.0,0.0,True
35,attach_a_camera_to_a_tripod,1.0,7003,3551,1,0,0,1,0,True,False,0.0,0.0,True
35,attach_a_camera_to_a_tripod,1.0,7004,4301,1,0,0,1,0,True,False,0.0,0.0,True
35,attach_a_camera_to_a_tripod,1.0,7005,3425,1,0,0,1,0,True,False,0.0,0.0,True
35,attach_a_camera_to_a_tripod,1.0,7006,3036,1,0,0,1,0,True,False,0.0,0.0,True
35,attach_a_camera_to_a_tripod,1.0,7007,4242,1,0,0,1,0,True,False,0.0,0.0,True
35,attach_a_camera_to_a_tripod,1.0,7008,3320,1,0,0,1,0,True,False,0.0,0.0,True
35,attach_a_camera_to_a_tripod,1.0,7009,5257,1,0,0,1,0,True,False,0.0,0.0,True
35,attach_a_camera_to_a_tripod,1.0,7010,2490,1,0,0,1,0,True,False,0.0,0.0,True
35,attach_a_camera_to_a_tripod,1.0,7011,2456,2,1,0,1,1,True,False,0.0,0.0,True
35,attach_a_camera_to_a_tripod,1.0,7012,3172,1,0,0,1,0,True,False,0.0,0.0,True
35,attach_a_camera_to_a_tripod,1.0,7013,5432,2,1,0,1,1,True,False,0.0,0.0,True
35,attach_a_camera_to_a_tripod,1.0,7014,4208,2,1,0,1,1,True,False,0.0,0.0,True
35,attach_a_camera_to_a_tripod,1.0,7015,7042,1,0,0,1,0,True,False,0.0,0.0,True
35,attach_a_camera_to_a_tripod,1.0,7016,4257,2,1,0,1,1,True,False,0.0,0.0,True
35,attach_a_camera_to_a_tripod,1.0,7017,4416,1,0,0,1,0,True,False,0.0,0.0,True
35,attach_a_camera_to_a_tripod,1.0,7018,3616,1,0,0,1,0,True,False,0.0,0.0,True
35,attach_a_camera_to_a_tripod,1.0,7019,2925,1,0,0,1,0,True,False,0.0,0.0,True
35,attach_a_camera_to_a_tripod,1.0,7020,4680,2,1,0,1,1,True,False,0.0,0.0,True
35,attach_a_camera_to_a_tripod,1.0,7021,5062,1,0,0,1,0,True,False,0.0,0.0,True
35,attach_a_camera_to_a_tripod,1.0,7022,4953,2,1,0,1,1,True,False,0.0,0.0,True
35,attach_a_camera_to_a_tripod,1.0,7023,3956,3,2,0,1,2,True,False,0.0,0.0,True
35,attach_a_camera_to_a_tripod,1.0,7024,5356,1,0,0,1,0,True,False,0.0,0.0,True
35,attach_a_camera_to_a_tripod,1.0,7025,4085,1,0,0,1,0,True,False,0.0,0.0,True
35,attach_a_camera_to_a_tripod,1.0,7026,3101,1,0,0,1,0,True,False,0.0,0.0,True
35,attach_a_camera_to_a_tripod,1.0,7027,4992,1,0,0,1,0,True,False,0.0,0.0,True
35,attach_a_camera_to_a_tripod,1.0,7028,3914,1,0,0,1,0,True,False,0.0,0.0,True
35,attach_a_camera_to_a_tripod,1.0,7029,4079,1,0,0,1,0,True,False,0.0,0.0,True
35,attach_a_camera_to_a_tripod,1.0,7030,4167,2,1,0,1,1,True,False,0.0,0.0,True
35,attach_a_camera_to_a_tripod,1.0,7031,4076,1,0,0,1,0,True,False,0.0,0.0,True
35,attach_a_camera_to_a_tripod,1.0,7032,4414,2,1,0,1,1,True,False,0.0,0.0,True
35,attach_a_camera_to_a_tripod,1.0,7033,2939,1,0,0,1,0,True,False,0.0,0.0,True
35,attach_a_camera_to_a_tripod,1.0,7034,4669,2,1,0,1,1,True,False,0.0,0.0,True
35,attach_a_camera_to_a_tripod,1.0,7035,3143,1,0,0,1,0,True,False,0.0,0.0,True
35,attach_a_camera_to_a_tripod,1.0,7036,2751,1,0,0,1,0,True,False,0.0,0.0,True
35,attach_a_camera_to_a_tripod,1.0,7037,3293,1,0,0,1,0,True,False,0.0,0.0,True
35,attach_a_camera_to_a_tripod,1.0,7038,5469,1,0,0,1,0,True,False,0.0,0.0,True
35,attach_a_camera_to_a_tripod,1.0,7039,3123,1,0,0,1,0,True,False,0.0,0.0,True
35,attach_a_camera_to_a_tripod,1.0,7040,4415,2,1,0,1,1,True,False,0.0,0.0,True
35,attach_a_camera_to_a_tripod,1.0,7041,4724,1,0,0,1,0,True,False,0.0,0.0,True
35,attach_a_camera_to_a_tripod,1.0,7042,2179,1,0,0,1,0,True,False,0.0,0.0,True
35,attach_a_camera_to_a_tripod,1.0,7043,4899,1,0,0,1,0,True,False,0.0,0.0,True
35,attach_a_camera_to_a_tripod,1.0,7044,2613,1,0,0,1,0,True,False,0.0,0.0,True
35,attach_a_camera_to_a_tripod,1.0,7045,4946,1,0,0,1,0,True,False,0.0,0.0,True
35,attach_a_camera_to_a_tripod,1.0,7046,4868,1,0,0,1,0,True,False,0.0,0.0,True
35,attach_a_camera_to_a_tripod,1.0,7047,3713,1,0,0,1,0,True,False,0.0,0.0,True
35,attach_a_camera_to_a_tripod,1.0,7048,4020,1,0,0,1,0,True,False,0.0,0.0,True
35,attach_a_camera_to_a_tripod,1.0,7049,3653,1,0,0,1,0,True,False,0.0,0.0,True
35,attach_a_camera_to_a_tripod,1.0,7050,3445,1,0,0,1,0,True,False,0.0,0.0,True
35,attach_a_camera_to_a_tripod,1.0,7051,4149,1,0,0,1,0,True,False,0.0,0.0,True
35,attach_a_camera_to_a_tripod,1.0,7052,4530,1,0,0,1,0,True,False,0.0,0.0,True
35,attach_a_camera_to_a_tripod,1.0,7053,3791,1,0,0,1,0,True,False,0.0,0.0,True
35,attach_a_camera_to_a_tripod,1.0,7054,5238,1,0,0,1,0,True,False,0.0,0.0,True
35,attach_a_camera_to_a_tripod,1.0,7055,3244,1,0,0,1,0,True,False,0.0,0.0,True
35,attach_a_camera_to_a_tripod,1.0,7056,3688,1,0,0,1,0,True,False,0.0,0.0,True
36,clean_a_patio,1.0,7200,13762,1,0,0,1,0,True,False,0.0,0.0,True
36,clean_a_patio,1.0,7201,12375,1,0,0,1,0,True,False,0.0,0.0,True
36,clean_a_patio,1.0,7202,10326,1,0,0,1,0,True,False,0.0,0.0,True
36,clean_a_patio,1.0,7203,11697,1,0,0,1,0,True,False,0.0,0.0,True
36,clean_a_patio,1.0,7204,9904,1,0,0,1,0,True,False,0.0,0.0,True
36,clean_a_patio,1.0,7205,12072,1,0,0,1,0,True,False,0.0,0.0,True
36,clean_a_patio,1.0,7206,15130,1,0,0,1,0,True,False,0.0,0.0,True
36,clean_a_patio,1.0,7207,9157,1,0,0,1,0,True,False,0.0,0.0,True
36,clean_a_patio,1.0,7208,8712,1,0,0,1,0,True,False,0.0,0.0,True
36,clean_a_patio,1.0,7209,11039,1,0,0,1,0,True,False,0.0,0.0,True
36,clean_a_patio,1.0,7210,15038,1,0,0,1,0,True,False,0.0,0.0,True
36,clean_a_patio,1.0,7211,13598,1,0,0,1,0,True,False,0.0,0.0,True
36,clean_a_patio,1.0,7212,13488,1,0,0,1,0,True,False,0.0,0.0,True
36,clean_a_patio,1.0,7213,20919,1,0,0,1,0,True,False,0.0,0.0,True
36,clean_a_patio,1.0,7214,11918,1,0,0,1,0,True,False,0.0,0.0,True
36,clean_a_patio,1.0,7215,13120,1,0,0,1,0,True,False,0.0,0.0,True
36,clean_a_patio,1.0,7216,15605,1,0,0,1,0,True,False,0.0,0.0,True
36,clean_a_patio,1.0,7217,11826,1,0,0,1,0,True,False,0.0,0.0,True
36,clean_a_patio,1.0,7218,10887,1,0,0,1,0,True,False,0.0,0.0,True
36,clean_a_patio,1.0,7219,14059,1,0,0,1,0,True,False,0.0,0.0,True
36,clean_a_patio,1.0,7220,14324,1,0,0,1,0,True,False,0.0,0.0,True
36,clean_a_patio,1.0,7221,12046,1,0,0,1,0,True,False,0.0,0.0,True
36,clean_a_patio,1.0,7222,11389,1,0,0,1,0,True,False,0.0,0.0,True
36,clean_a_patio,1.0,7223,16274,1,0,0,1,0,True,False,0.0,0.0,True
36,clean_a_patio,1.0,7224,10572,1,0,0,1,0,True,False,0.0,0.0,True
36,clean_a_patio,1.0,7225,13555,1,0,0,1,0,True,False,0.0,0.0,True
36,clean_a_patio,1.0,7226,13503,1,0,0,1,0,True,False,0.0,0.0,True
36,clean_a_patio,1.0,7227,11049,1,0,0,1,0,True,False,0.0,0.0,True
36,clean_a_patio,1.0,7228,13704,1,0,0,1,0,True,False,0.0,0.0,True
36,clean_a_patio,1.0,7229,10502,1,0,0,1,0,True,False,0.0,0.0,True
36,clean_a_patio,1.0,7230,11766,1,0,0,1,0,True,False,0.0,0.0,True
36,clean_a_patio,1.0,7231,10863,1,0,0,1,0,True,False,0.0,0.0,True
36,clean_a_patio,1.0,7232,11703,1,0,0,1,0,True,False,0.0,0.0,True
36,clean_a_patio,1.0,7233,13641,1,0,0,1,0,True,False,0.0,0.0,True
36,clean_a_patio,1.0,7234,12587,1,0,0,1,0,True,False,0.0,0.0,True
36,clean_a_patio,1.0,7235,11615,1,0,0,1,0,True,False,0.0,0.0,True
36,clean_a_patio,1.0,7236,11311,1,0,0,1,0,True,False,0.0,0.0,True
36,clean_a_patio,1.0,7237,11441,1,0,0,1,0,True,False,0.0,0.0,True
36,clean_a_patio,1.0,7238,12335,1,0,0,1,0,True,False,0.0,0.0,True
36,clean_a_patio,1.0,7239,11367,1,0,0,1,0,True,False,0.0,0.0,True
36,clean_a_patio,1.0,7240,15005,2,1,0,1,1,True,False,0.0,0.0,True
36,clean_a_patio,1.0,7241,10113,1,0,0,1,0,True,False,0.0,0.0,True
36,clean_a_patio,1.0,7242,14427,1,0,0,1,0,True,False,0.0,0.0,True
36,clean_a_patio,1.0,7243,13709,1,0,0,1,0,True,False,0.0,0.0,True
36,clean_a_patio,1.0,7244,11389,1,0,0,1,0,True,False,0.0,0.0,True
36,clean_a_patio,1.0,7245,10566,1,0,0,1,0,True,False,0.0,0.0,True
36,clean_a_patio,1.0,7246,11776,1,0,0,1,0,True,False,0.0,0.0,True
36,clean_a_patio,1.0,7247,13334,1,0,0,1,0,True,False,0.0,0.0,True
36,clean_a_patio,1.0,7248,8833,1,0,0,1,0,True,False,0.0,0.0,True
36,clean_a_patio,1.0,7249,10954,1,0,0,1,0,True,False,0.0,0.0,True
36,clean_a_patio,1.0,7250,12445,1,0,0,1,0,True,False,0.0,0.0,True
36,clean_a_patio,1.0,7251,11184,1,0,0,1,0,True,False,0.0,0.0,True
36,clean_a_patio,1.0,7252,13414,1,0,0,1,0,True,False,0.0,0.0,True
37,clean_a_trumpet,1.0,7400,5910,1,0,0,1,0,True,False,0.0,0.0,True
37,clean_a_trumpet,1.0,7401,6047,1,0,0,1,0,True,False,0.0,0.0,True
37,clean_a_trumpet,1.0,7402,5724,1,0,0,1,0,True,False,0.0,0.0,True
37,clean_a_trumpet,1.0,7403,5249,2,1,0,1,1,True,False,0.0,0.0,True
37,clean_a_trumpet,1.0,7404,4872,1,0,0,1,0,True,False,0.0,0.0,True
37,clean_a_trumpet,1.0,7405,4974,1,0,0,1,0,True,False,0.0,0.0,True
37,clean_a_trumpet,1.0,7406,5566,1,0,0,1,0,True,False,0.0,0.0,True
37,clean_a_trumpet,1.0,7407,4906,1,0,0,1,0,True,False,0.0,0.0,True
37,clean_a_trumpet,1.0,7408,4268,0,0,0,0,0,False,False,1.0,1.0,False
37,clean_a_trumpet,1.0,7409,5708,1,0,0,1,0,True,False,0.0,0.0,True
37,clean_a_trumpet,1.0,7410,6691,1,0,0,1,0,True,False,0.0,0.0,True
37,clean_a_trumpet,1.0,7411,5717,1,0,0,1,0,True,False,0.0,0.0,True
37,clean_a_trumpet,1.0,7412,5633,1,0,0,1,0,True,False,0.0,0.0,True
37,clean_a_trumpet,1.0,7413,7100,1,0,0,1,0,True,False,0.0,0.0,True
37,clean_a_trumpet,1.0,7414,4787,2,1,0,1,1,True,False,0.0,0.0,True
37,clean_a_trumpet,1.0,7415,5189,1,0,0,1,0,True,False,0.0,0.0,True
37,clean_a_trumpet,1.0,7416,4577,1,0,0,1,0,True,False,0.0,0.0,True
37,clean_a_trumpet,1.0,7417,6700,1,0,0,1,0,True,False,0.0,0.0,True
37,clean_a_trumpet,1.0,7418,4361,1,0,0,1,0,True,False,0.0,0.0,True
37,clean_a_trumpet,1.0,7419,6057,1,0,0,1,0,True,False,0.0,0.0,True
37,clean_a_trumpet,1.0,7420,6472,1,0,0,1,0,True,False,0.0,0.0,True
37,clean_a_trumpet,1.0,7421,4779,1,0,0,1,0,True,False,0.0,0.0,True
37,clean_a_trumpet,1.0,7422,5154,1,0,0,1,0,True,False,0.0,0.0,True
37,clean_a_trumpet,1.0,7423,4532,1,0,0,1,0,True,False,0.0,0.0,True
37,clean_a_trumpet,1.0,7424,6658,1,0,0,1,0,True,False,0.0,0.0,True
37,clean_a_trumpet,1.0,7425,5713,1,0,0,1,0,True,False,0.0,0.0,True
37,clean_a_trumpet,1.0,7426,6243,3,2,0,1,2,True,False,0.0,0.0,True
37,clean_a_trumpet,1.0,7427,5711,1,0,0,1,0,True,False,0.0,0.0,True
37,clean_a_trumpet,1.0,7428,7194,2,1,0,1,1,True,False,0.0,0.0,True
37,clean_a_trumpet,1.0,7429,6036,1,0,0,1,0,True,False,0.0,0.0,True
37,clean_a_trumpet,1.0,7430,6156,1,0,0,1,0,True,False,0.0,0.0,True
37,clean_a_trumpet,1.0,7431,6067,1,0,0,1,0,True,False,0.0,0.0,True
37,clean_a_trumpet,1.0,7432,6580,1,0,0,1,0,True,False,0.0,0.0,True
37,clean_a_trumpet,1.0,7433,5747,1,0,0,1,0,True,False,0.0,0.0,True
37,clean_a_trumpet,1.0,7434,5651,1,0,0,1,0,True,False,0.0,0.0,True
37,clean_a_trumpet,1.0,7435,6360,1,0,0,1,0,True,False,0.0,0.0,True
37,clean_a_trumpet,1.0,7436,6902,1,0,0,1,0,True,False,0.0,0.0,True
37,clean_a_trumpet,1.0,7437,5256,1,0,0,1,0,True,False,0.0,0.0,True
37,clean_a_trumpet,1.0,7438,5636,1,0,0,1,0,True,False,0.0,0.0,True
37,clean_a_trumpet,1.0,7439,4913,1,0,0,1,0,True,False,0.0,0.0,True
38,spraying_for_bugs,2.0,7600,7433,2,0,0,1,0,True,False,0.0,0.0,True
38,spraying_for_bugs,2.0,7601,5414,2,0,0,1,0,True,False,0.0,0.0,True
38,spraying_for_bugs,2.0,7602,6940,2,0,0,1,0,True,False,0.0,0.0,True
38,spraying_for_bugs,2.0,7603,5845,2,0,0,1,0,True,False,0.0,0.0,True
38,spraying_for_bugs,2.0,7604,7350,2,0,0,1,0,True,False,0.0,0.0,True
38,spraying_for_bugs,2.0,7605,5938,2,0,0,1,0,True,False,0.0,0.0,True
38,spraying_for_bugs,2.0,7606,6806,2,0,0,1,0,True,False,0.0,0.0,True
38,spraying_for_bugs,2.0,7607,6595,2,0,0,1,0,True,False,0.0,0.0,True
38,spraying_for_bugs,2.0,7608,5683,2,0,0,1,0,True,False,0.0,0.0,True
38,spraying_for_bugs,2.0,7609,6020,2,0,0,1,0,True,False,0.0,0.0,True
38,spraying_for_bugs,2.0,7610,6242,2,0,0,1,0,True,False,0.0,0.0,True
38,spraying_for_bugs,2.0,7611,5601,2,0,0,1,0,True,False,0.0,0.0,True
38,spraying_for_bugs,2.0,7612,5339,3,1,0,1,1,True,False,0.0,0.0,True
38,spraying_for_bugs,2.0,7613,8354,2,0,0,1,0,True,False,0.0,0.0,True
38,spraying_for_bugs,2.0,7614,6486,2,0,0,1,0,True,False,0.0,0.0,True
38,spraying_for_bugs,2.0,7615,5836,2,0,0,1,0,True,False,0.0,0.0,True
38,spraying_for_bugs,2.0,7616,5885,2,0,0,1,0,True,False,0.0,0.0,True
38,spraying_for_bugs,2.0,7617,6134,2,0,0,1,0,True,False,0.0,0.0,True
38,spraying_for_bugs,2.0,7618,5562,2,0,0,1,0,True,False,0.0,0.0,True
38,spraying_for_bugs,2.0,7619,7579,2,0,0,1,0,True,False,0.0,0.0,True
38,spraying_for_bugs,2.0,7620,5064,2,0,0,1,0,True,False,0.0,0.0,True
38,spraying_for_bugs,2.0,7621,6061,2,0,0,1,0,True,False,0.0,0.0,True
38,spraying_for_bugs,2.0,7622,7108,2,0,0,1,0,True,False,0.0,0.0,True
38,spraying_for_bugs,2.0,7623,6643,2,0,0,1,0,True,False,0.0,0.0,True
38,spraying_for_bugs,2.0,7624,5702,2,0,0,1,0,True,False,0.0,0.0,True
38,spraying_for_bugs,2.0,7625,5212,2,0,0,1,0,True,False,0.0,0.0,True
38,spraying_for_bugs,2.0,7626,5720,2,0,0,1,0,True,False,0.0,0.0,True
38,spraying_for_bugs,2.0,7627,11966,2,0,0,1,0,True,False,0.0,0.0,True
38,spraying_for_bugs,2.0,7628,5233,2,0,0,1,0,True,False,0.0,0.0,True
38,spraying_for_bugs,2.0,7629,6278,2,0,0,1,0,True,False,0.0,0.0,True
38,spraying_for_bugs,2.0,7630,11755,2,0,0,1,0,True,False,0.0,0.0,True
38,spraying_for_bugs,2.0,7631,6940,2,0,0,1,0,True,False,0.0,0.0,True
38,spraying_for_bugs,2.0,7632,7821,2,0,0,1,0,True,False,0.0,0.0,True
38,spraying_for_bugs,2.0,7633,7403,2,0,0,1,0,True,False,0.0,0.0,True
38,spraying_for_bugs,2.0,7634,9242,2,0,0,1,0,True,False,0.0,0.0,True
38,spraying_for_bugs,2.0,7635,6271,2,0,0,1,0,True,False,0.0,0.0,True
38,spraying_for_bugs,2.0,7636,7601,2,0,0,1,0,True,False,0.0,0.0,True
38,spraying_for_bugs,2.0,7637,6256,2,0,0,1,0,True,False,0.0,0.0,True
38,spraying_for_bugs,2.0,7638,8346,2,0,0,1,0,True,False,0.0,0.0,True
38,spraying_for_bugs,2.0,7639,7033,2,0,0,1,0,True,False,0.0,0.0,True
38,spraying_for_bugs,2.0,7640,6248,2,0,0,1,0,True,False,0.0,0.0,True
38,spraying_for_bugs,2.0,7641,5828,2,0,0,1,0,True,False,0.0,0.0,True
38,spraying_for_bugs,2.0,7642,6121,2,0,0,1,0,True,False,0.0,0.0,True
38,spraying_for_bugs,2.0,7643,7744,2,0,0,1,0,True,False,0.0,0.0,True
38,spraying_for_bugs,2.0,7644,6572,2,0,0,1,0,True,False,0.0,0.0,True
38,spraying_for_bugs,2.0,7645,7875,2,0,0,1,0,True,False,0.0,0.0,True
38,spraying_for_bugs,2.0,7646,6336,2,0,0,1,0,True,False,0.0,0.0,True
38,spraying_for_bugs,2.0,7647,6098,2,0,0,1,0,True,False,0.0,0.0,True
38,spraying_for_bugs,2.0,7648,9010,2,0,0,1,0,True,False,0.0,0.0,True
38,spraying_for_bugs,2.0,7649,7101,2,0,0,1,0,True,False,0.0,0.0,True
38,spraying_for_bugs,2.0,7650,6919,2,0,0,1,0,True,False,0.0,0.0,True
38,spraying_for_bugs,2.0,7651,7500,2,0,0,1,0,True,False,0.0,0.0,True
38,spraying_for_bugs,2.0,7652,8607,2,0,0,1,0,True,False,0.0,0.0,True
38,spraying_for_bugs,2.0,7653,11735,2,0,0,1,0,True,False,0.0,0.0,True
38,spraying_for_bugs,2.0,7654,7859,3,1,0,1,0,True,False,0.5,1.0,False
38,spraying_for_bugs,2.0,7655,8538,3,1,0,1,1,True,False,0.0,0.0,True
38,spraying_for_bugs,2.0,7656,7816,2,0,0,1,0,True,False,0.0,0.0,True
38,spraying_for_bugs,2.0,7657,7301,2,0,0,1,0,True,False,0.0,0.0,True
38,spraying_for_bugs,2.0,7658,8241,2,0,0,1,0,True,False,0.0,0.0,True
38,spraying_for_bugs,2.0,7659,7053,2,0,0,1,0,True,False,0.0,0.0,True
38,spraying_for_bugs,2.0,7660,8559,2,0,0,1,0,True,False,0.0,0.0,True
38,spraying_for_bugs,2.0,7661,6133,2,0,0,1,0,True,False,0.0,0.0,True
38,spraying_for_bugs,2.0,7662,7966,2,0,0,1,0,True,False,0.0,0.0,True
38,spraying_for_bugs,2.0,7663,5857,2,0,0,1,0,True,False,0.0,0.0,True
39,spraying_fruit_trees,2.0,7800,10545,2,0,0,1,0,True,False,0.0,0.0,True
39,spraying_fruit_trees,2.0,7801,10640,3,1,0,1,0,True,False,0.5,1.0,False
39,spraying_fruit_trees,2.0,7802,11363,2,0,0,1,0,True,False,0.0,0.0,True
39,spraying_fruit_trees,2.0,7803,8344,2,0,0,1,0,True,False,0.0,0.0,True
39,spraying_fruit_trees,2.0,7804,8605,2,0,0,1,0,True,False,0.0,0.0,True
39,spraying_fruit_trees,2.0,7805,8949,2,0,0,1,0,True,False,0.0,0.0,True
39,spraying_fruit_trees,2.0,7806,10064,2,0,0,1,0,True,False,0.0,0.0,True
39,spraying_fruit_trees,2.0,7807,10881,3,1,0,1,1,True,False,0.0,0.0,True
39,spraying_fruit_trees,2.0,7808,8226,2,0,0,1,0,True,False,0.0,0.0,True
39,spraying_fruit_trees,2.0,7809,10913,3,1,0,1,0,True,False,0.5,1.0,False
39,spraying_fruit_trees,2.0,7810,10672,3,1,0,1,0,True,False,0.5,1.0,False
39,spraying_fruit_trees,2.0,7811,8784,2,0,0,1,0,True,False,0.0,0.0,True
39,spraying_fruit_trees,2.0,7812,9313,2,0,0,1,0,True,False,0.0,0.0,True
39,spraying_fruit_trees,2.0,7813,10976,2,0,0,1,0,True,False,0.0,0.0,True
39,spraying_fruit_trees,2.0,7814,7996,2,0,0,1,0,True,False,0.0,0.0,True
39,spraying_fruit_trees,2.0,7815,9584,2,0,0,1,0,True,False,0.0,0.0,True
39,spraying_fruit_trees,2.0,7816,8170,2,0,0,1,0,True,False,0.0,0.0,True
39,spraying_fruit_trees,2.0,7817,9936,2,0,0,1,0,True,False,0.0,0.0,True
39,spraying_fruit_trees,2.0,7818,8703,2,0,0,1,0,True,False,0.0,0.0,True
39,spraying_fruit_trees,2.0,7819,11294,2,0,0,1,0,True,False,0.0,0.0,True
39,spraying_fruit_trees,2.0,7820,11265,3,1,0,1,1,True,False,0.0,0.0,True
39,spraying_fruit_trees,2.0,7821,10670,2,0,0,1,0,True,False,0.0,0.0,True
39,spraying_fruit_trees,2.0,7822,8746,2,0,0,1,0,True,False,0.0,0.0,True
39,spraying_fruit_trees,2.0,7823,10016,2,0,0,1,0,True,False,0.0,0.0,True
39,spraying_fruit_trees,2.0,7824,8466,3,1,0,1,1,True,False,0.0,0.0,True
39,spraying_fruit_trees,2.0,7825,10061,2,0,0,1,0,True,False,0.0,0.0,True
39,spraying_fruit_trees,2.0,7826,9058,2,0,0,1,0,True,False,0.0,0.0,True
39,spraying_fruit_trees,2.0,7827,8665,2,0,0,1,0,True,False,0.0,0.0,True
39,spraying_fruit_trees,2.0,7828,8799,3,1,0,1,1,True,False,0.0,0.0,True
39,spraying_fruit_trees,2.0,7829,9089,2,0,0,1,0,True,False,0.0,0.0,True
39,spraying_fruit_trees,2.0,7830,10874,2,0,0,1,0,True,False,0.0,0.0,True
39,spraying_fruit_trees,2.0,7831,10108,3,1,0,1,1,True,False,0.0,0.0,True
39,spraying_fruit_trees,2.0,7832,8350,2,0,0,1,0,True,False,0.0,0.0,True
39,spraying_fruit_trees,2.0,7833,9776,3,1,1,2,1,True,False,0.0,0.0,True
39,spraying_fruit_trees,2.0,7834,11897,2,0,0,1,0,True,False,0.0,0.0,True
39,spraying_fruit_trees,2.0,7835,10855,2,0,0,1,0,True,False,0.0,0.0,True
39,spraying_fruit_trees,2.0,7836,8648,2,0,0,1,0,True,False,0.0,0.0,True
39,spraying_fruit_trees,2.0,7837,8319,2,0,0,1,0,True,False,0.0,0.0,True
39,spraying_fruit_trees,2.0,7838,7088,3,1,1,2,1,True,False,0.0,0.0,True
39,spraying_fruit_trees,2.0,7839,7784,2,0,0,1,0,True,False,0.0,0.0,True
39,spraying_fruit_trees,2.0,7840,8408,2,0,0,1,0,True,False,0.0,0.0,True
39,spraying_fruit_trees,2.0,7841,8186,2,0,0,1,0,True,False,0.0,0.0,True
39,spraying_fruit_trees,2.0,7842,8323,2,0,0,1,0,True,False,0.0,0.0,True
39,spraying_fruit_trees,2.0,7843,8195,2,0,0,1,0,True,False,0.0,0.0,True
39,spraying_fruit_trees,2.0,7844,8502,2,0,0,1,0,True,False,0.0,0.0,True
39,spraying_fruit_trees,2.0,7845,9762,2,0,0,1,0,True,False,0.0,0.0,True
39,spraying_fruit_trees,2.0,7846,9081,2,0,0,1,0,True,False,0.0,0.0,True
39,spraying_fruit_trees,2.0,7847,8556,2,0,0,1,0,True,False,0.0,0.0,True
39,spraying_fruit_trees,2.0,7848,9075,2,0,0,1,0,True,False,0.0,0.0,True
39,spraying_fruit_trees,2.0,7849,8721,2,0,0,1,0,True,False,0.0,0.0,True
39,spraying_fruit_trees,2.0,7850,8353,2,0,0,1,0,True,False,0.0,0.0,True
39,spraying_fruit_trees,2.0,7851,6807,2,0,0,1,0,True,False,0.0,0.0,True
39,spraying_fruit_trees,2.0,7852,8793,2,0,0,1,0,True,False,0.0,0.0,True
39,spraying_fruit_trees,2.0,7853,8441,2,0,0,1,0,True,False,0.0,0.0,True
39,spraying_fruit_trees,2.0,7854,8540,2,0,0,1,0,True,False,0.0,0.0,True
39,spraying_fruit_trees,2.0,7855,8468,2,0,0,1,0,True,False,0.0,0.0,True
39,spraying_fruit_trees,2.0,7856,8677,2,0,0,1,0,True,False,0.0,0.0,True
39,spraying_fruit_trees,2.0,7857,8773,2,0,0,1,0,True,False,0.0,0.0,True
39,spraying_fruit_trees,2.0,7858,8334,2,0,0,1,0,True,False,0.0,0.0,True
39,spraying_fruit_trees,2.0,7859,9258,2,0,0,1,0,True,False,0.0,0.0,True
39,spraying_fruit_trees,2.0,7860,9436,2,0,0,1,0,True,False,0.0,0.0,True
39,spraying_fruit_trees,2.0,7861,9575,2,0,0,1,0,True,False,0.0,0.0,True
39,spraying_fruit_trees,2.0,7862,12946,2,0,0,1,0,True,False,0.0,0.0,True
39,spraying_fruit_trees,2.0,7863,8754,2,0,0,1,0,True,False,0.0,0.0,True
39,spraying_fruit_trees,2.0,7864,7219,2,0,0,1,0,True,False,0.0,0.0,True
39,spraying_fruit_trees,2.0,7865,7877,2,0,0,1,0,True,False,0.0,0.0,True
39,spraying_fruit_trees,2.0,7866,9301,2,0,0,1,0,True,False,0.0,0.0,True
39,spraying_fruit_trees,2.0,7867,8228,2,0,0,1,0,True,False,0.0,0.0,True
39,spraying_fruit_trees,2.0,7868,7814,2,0,0,1,0,True,False,0.0,0.0,True
39,spraying_fruit_trees,2.0,7869,8769,2,0,0,1,0,True,False,0.0,0.0,True
39,spraying_fruit_trees,2.0,7870,7429,2,0,0,1,0,True,False,0.0,0.0,True
39,spraying_fruit_trees,2.0,7871,8252,2,0,0,1,0,True,False,0.0,0.0,True
39,spraying_fruit_trees,2.0,7872,7272,2,0,0,1,0,True,False,0.0,0.0,True
39,spraying_fruit_trees,2.0,7873,8197,3,1,0,1,1,True,False,0.0,0.0,True
39,spraying_fruit_trees,2.0,7874,8433,2,0,0,1,0,True,False,0.0,0.0,True
39,spraying_fruit_trees,2.0,7875,7028,2,0,0,1,0,True,False,0.0,0.0,True
39,spraying_fruit_trees,2.0,7876,6787,2,0,0,1,0,True,False,0.0,0.0,True
39,spraying_fruit_trees,2.0,7877,7609,2,0,0,1,0,True,False,0.0,0.0,True
39,spraying_fruit_trees,2.0,7878,7463,2,0,0,1,0,True,False,0.0,0.0,True
39,spraying_fruit_trees,2.0,7879,7458,2,0,0,1,0,True,False,0.0,0.0,True
39,spraying_fruit_trees,2.0,7880,7372,2,0,0,1,0,True,False,0.0,0.0,True
39,spraying_fruit_trees,2.0,7881,7573,2,0,0,1,0,True,False,0.0,0.0,True
39,spraying_fruit_trees,2.0,7882,8273,2,0,0,1,0,True,False,0.0,0.0,True
39,spraying_fruit_trees,2.0,7883,7251,2,0,0,1,0,True,False,0.0,0.0,True
39,spraying_fruit_trees,2.0,7884,7541,2,0,0,1,0,True,False,0.0,0.0,True
39,spraying_fruit_trees,2.0,7885,9267,2,0,0,1,0,True,False,0.0,0.0,True
39,spraying_fruit_trees,2.0,7886,8099,2,0,0,1,0,True,False,0.0,0.0,True
39,spraying_fruit_trees,2.0,7887,8218,2,0,0,1,0,True,False,0.0,0.0,True
39,spraying_fruit_trees,2.0,7888,8715,2,0,0,1,0,True,False,0.0,0.0,True
39,spraying_fruit_trees,2.0,7889,7372,2,0,0,1,0,True,False,0.0,0.0,True
39,spraying_fruit_trees,2.0,7890,8099,2,0,0,1,0,True,False,0.0,0.0,True
39,spraying_fruit_trees,2.0,7891,9230,2,0,0,1,0,True,False,0.0,0.0,True
39,spraying_fruit_trees,2.0,7892,8232,2,0,0,1,0,True,False,0.0,0.0,True
39,spraying_fruit_trees,2.0,7893,8666,2,0,0,1,0,True,False,0.0,0.0,True
39,spraying_fruit_trees,2.0,7894,7452,2,0,0,1,0,True,False,0.0,0.0,True
39,spraying_fruit_trees,2.0,7895,7943,2,0,0,1,0,True,False,0.0,0.0,True
39,spraying_fruit_trees,2.0,7896,7222,2,0,0,1,0,True,False,0.0,0.0,True
39,spraying_fruit_trees,2.0,7897,7627,2,0,0,1,0,True,False,0.0,0.0,True
39,spraying_fruit_trees,2.0,7898,8505,2,0,0,1,0,True,False,0.0,0.0,True
39,spraying_fruit_trees,2.0,7899,8035,2,0,0,1,0,True,False,0.0,0.0,True
39,spraying_fruit_trees,2.0,7900,8014,2,0,0,1,0,True,False,0.0,0.0,True
39,spraying_fruit_trees,2.0,7901,7124,2,0,0,1,0,True,False,0.0,0.0,True
39,spraying_fruit_trees,2.0,7902,7510,2,0,0,1,0,True,False,0.0,0.0,True
39,spraying_fruit_trees,2.0,7903,7828,2,0,0,1,0,True,False,0.0,0.0,True
39,spraying_fruit_trees,2.0,7904,7844,2,0,0,1,0,True,False,0.0,0.0,True
39,spraying_fruit_trees,2.0,7905,7728,2,0,0,1,0,True,False,0.0,0.0,True
39,spraying_fruit_trees,2.0,7906,9306,2,0,0,1,0,True,False,0.0,0.0,True
39,spraying_fruit_trees,2.0,7907,8003,2,0,0,1,0,True,False,0.0,0.0,True
39,spraying_fruit_trees,2.0,7908,7312,2,0,0,1,0,True,False,0.0,0.0,True
39,spraying_fruit_trees,2.0,7909,7486,2,0,0,1,0,True,False,0.0,0.0,True
39,spraying_fruit_trees,2.0,7910,7476,2,0,0,1,0,True,False,0.0,0.0,True
39,spraying_fruit_trees,2.0,7911,7488,2,0,0,1,0,True,False,0.0,0.0,True
39,spraying_fruit_trees,2.0,7912,7320,2,0,0,1,0,True,False,0.0,0.0,True
39,spraying_fruit_trees,2.0,7913,7816,2,0,0,1,0,True,False,0.0,0.0,True
39,spraying_fruit_trees,2.0,7914,8126,2,0,0,1,0,True,False,0.0,0.0,True
39,spraying_fruit_trees,2.0,7915,7853,2,0,0,1,0,True,False,0.0,0.0,True
39,spraying_fruit_trees,2.0,7916,7713,2,0,0,1,0,True,False,0.0,0.0,True
39,spraying_fruit_trees,2.0,7917,7924,2,0,0,1,0,True,False,0.0,0.0,True
39,spraying_fruit_trees,2.0,7918,7514,2,0,0,1,0,True,False,0.0,0.0,True
39,spraying_fruit_trees,2.0,7919,8254,2,0,0,1,0,True,False,0.0,0.0,True
39,spraying_fruit_trees,2.0,7920,7646,2,0,0,1,0,True,False,0.0,0.0,True
39,spraying_fruit_trees,2.0,7921,7596,2,0,0,1,0,True,False,0.0,0.0,True
39,spraying_fruit_trees,2.0,7922,7537,2,0,0,1,0,True,False,0.0,0.0,True
39,spraying_fruit_trees,2.0,7923,7363,2,0,0,1,0,True,False,0.0,0.0,True
39,spraying_fruit_trees,2.0,7924,8673,2,0,0,1,0,True,False,0.0,0.0,True
39,spraying_fruit_trees,2.0,7925,8332,2,0,0,1,0,True,False,0.0,0.0,True
39,spraying_fruit_trees,2.0,7926,9572,2,0,0,1,0,True,False,0.0,0.0,True
39,spraying_fruit_trees,2.0,7927,8640,2,0,0,1,0,True,False,0.0,0.0,True
39,spraying_fruit_trees,2.0,7928,7247,2,0,0,1,0,True,False,0.0,0.0,True
39,spraying_fruit_trees,2.0,7929,7835,2,0,0,1,0,True,False,0.0,0.0,True
39,spraying_fruit_trees,2.0,7930,7679,2,0,0,1,0,True,False,0.0,0.0,True
39,spraying_fruit_trees,2.0,7931,8142,2,0,0,1,0,True,False,0.0,0.0,True
39,spraying_fruit_trees,2.0,7932,8475,2,0,0,1,0,True,False,0.0,0.0,True
39,spraying_fruit_trees,2.0,7933,8279,2,0,0,1,0,True,False,0.0,0.0,True
39,spraying_fruit_trees,2.0,7934,8104,2,0,0,1,0,True,False,0.0,0.0,True
39,spraying_fruit_trees,2.0,7935,7940,2,0,0,1,0,True,False,0.0,0.0,True
39,spraying_fruit_trees,2.0,7936,8676,2,0,0,1,0,True,False,0.0,0.0,True
39,spraying_fruit_trees,2.0,7937,8408,2,0,0,1,0,True,False,0.0,0.0,True
39,spraying_fruit_trees,2.0,7938,6917,2,0,0,1,0,True,False,0.0,0.0,True
39,spraying_fruit_trees,2.0,7939,7452,2,0,0,1,0,True,False,0.0,0.0,True
39,spraying_fruit_trees,2.0,7940,8654,2,0,0,1,0,True,False,0.0,0.0,True
39,spraying_fruit_trees,2.0,7941,7524,2,0,0,1,0,True,False,0.0,0.0,True
39,spraying_fruit_trees,2.0,7942,8211,2,0,0,1,0,True,False,0.0,0.0,True
39,spraying_fruit_trees,2.0,7943,6754,2,0,0,1,0,True,False,0.0,0.0,True
39,spraying_fruit_trees,2.0,7944,8373,2,0,0,1,0,True,False,0.0,0.0,True
39,spraying_fruit_trees,2.0,7945,8670,2,0,0,1,0,True,False,0.0,0.0,True
39,spraying_fruit_trees,2.0,7946,8437,2,0,0,1,0,True,False,0.0,0.0,True
39,spraying_fruit_trees,2.0,7947,8271,2,0,0,1,0,True,False,0.0,0.0,True
39,spraying_fruit_trees,2.0,7948,7724,2,0,0,1,0,True,False,0.0,0.0,True
39,spraying_fruit_trees,2.0,7949,7835,2,0,0,1,0,True,False,0.0,0.0,True
39,spraying_fruit_trees,2.0,7950,8353,2,0,0,1,0,True,False,0.0,0.0,True
39,spraying_fruit_trees,2.0,7951,8493,2,0,0,1,0,True,False,0.0,0.0,True
39,spraying_fruit_trees,2.0,7952,8450,2,0,0,1,0,True,False,0.0,0.0,True
39,spraying_fruit_trees,2.0,7953,8326,2,0,0,1,0,True,False,0.0,0.0,True
39,spraying_fruit_trees,2.0,7954,9194,2,0,0,1,0,True,False,0.0,0.0,True
39,spraying_fruit_trees,2.0,7955,9091,2,0,0,1,0,True,False,0.0,0.0,True
39,spraying_fruit_trees,2.0,7956,8489,2,0,0,1,0,True,False,0.0,0.0,True
39,spraying_fruit_trees,2.0,7957,10085,2,0,0,1,0,True,False,0.0,0.0,True
39,spraying_fruit_trees,2.0,7958,8746,2,0,0,1,0,True,False,0.0,0.0,True
39,spraying_fruit_trees,2.0,7959,8129,2,0,0,1,0,True,False,0.0,0.0,True
39,spraying_fruit_trees,2.0,7960,8060,2,0,0,1,0,True,False,0.0,0.0,True
39,spraying_fruit_trees,2.0,7961,8246,2,0,0,1,0,True,False,0.0,0.0,True
39,spraying_fruit_trees,2.0,7962,8794,2,0,0,1,0,True,False,0.0,0.0,True
39,spraying_fruit_trees,2.0,7963,8575,2,0,0,1,0,True,False,0.0,0.0,True
39,spraying_fruit_trees,2.0,7964,6825,2,0,0,1,0,True,False,0.0,0.0,True
39,spraying_fruit_trees,2.0,7965,7066,2,0,0,1,0,True,False,0.0,0.0,True
39,spraying_fruit_trees,2.0,7966,8235,2,0,0,1,0,True,False,0.0,0.0,True
39,spraying_fruit_trees,2.0,7967,7260,2,0,0,1,0,True,False,0.0,0.0,True
39,spraying_fruit_trees,2.0,7968,7949,2,0,0,1,0,True,False,0.0,0.0,True
39,spraying_fruit_trees,2.0,7969,6912,2,0,0,1,0,True,False,0.0,0.0,True
39,spraying_fruit_trees,2.0,7970,7074,2,0,0,1,0,True,False,0.0,0.0,True
39,spraying_fruit_trees,2.0,7971,7297,2,0,0,1,0,True,False,0.0,0.0,True
39,spraying_fruit_trees,2.0,7972,8207,2,0,0,1,0,True,False,0.0,0.0,True
39,spraying_fruit_trees,2.0,7973,8832,2,0,0,1,0,True,False,0.0,0.0,True
39,spraying_fruit_trees,2.0,7974,6961,2,0,0,1,0,True,False,0.0,0.0,True
39,spraying_fruit_trees,2.0,7975,7965,2,0,0,1,0,True,False,0.0,0.0,True
39,spraying_fruit_trees,2.0,7976,7419,2,0,0,1,0,True,False,0.0,0.0,True
39,spraying_fruit_trees,2.0,7977,7421,2,0,0,1,0,True,False,0.0,0.0,True
39,spraying_fruit_trees,2.0,7978,6582,2,0,0,1,0,True,False,0.0,0.0,True
39,spraying_fruit_trees,2.0,7979,7159,2,0,0,1,0,True,False,0.0,0.0,True
39,spraying_fruit_trees,2.0,7980,7158,2,0,0,1,0,True,False,0.0,0.0,True
39,spraying_fruit_trees,2.0,7981,8144,2,0,0,1,0,True,False,0.0,0.0,True
39,spraying_fruit_trees,2.0,7982,8566,2,0,0,1,0,True,False,0.0,0.0,True
39,spraying_fruit_trees,2.0,7983,7598,2,0,0,1,0,True,False,0.0,0.0,True
39,spraying_fruit_trees,2.0,7984,7365,2,0,0,1,0,True,False,0.0,0.0,True
39,spraying_fruit_trees,2.0,7985,7584,2,0,0,1,0,True,False,0.0,0.0,True
39,spraying_fruit_trees,2.0,7986,7503,2,0,0,1,0,True,False,0.0,0.0,True
39,spraying_fruit_trees,2.0,7987,8069,2,0,0,1,0,True,False,0.0,0.0,True
39,spraying_fruit_trees,2.0,7988,7791,2,0,0,1,0,True,False,0.0,0.0,True
39,spraying_fruit_trees,2.0,7989,7965,2,0,0,1,0,True,False,0.0,0.0,True
39,spraying_fruit_trees,2.0,7990,8120,2,0,0,1,0,True,False,0.0,0.0,True
39,spraying_fruit_trees,2.0,7991,7477,2,0,0,1,0,True,False,0.0,0.0,True
39,spraying_fruit_trees,2.0,7992,7303,2,0,0,1,0,True,False,0.0,0.0,True
39,spraying_fruit_trees,2.0,7993,6780,2,0,0,1,0,True,False,0.0,0.0,True
39,spraying_fruit_trees,2.0,7994,6500,2,0,0,1,0,True,False,0.0,0.0,True
39,spraying_fruit_trees,2.0,7995,7198,2,0,0,1,0,True,False,0.0,0.0,True
39,spraying_fruit_trees,2.0,7996,7803,2,0,0,1,0,True,False,0.0,0.0,True
39,spraying_fruit_trees,2.0,7997,7895,2,0,0,1,0,True,False,0.0,0.0,True
39,spraying_fruit_trees,2.0,7998,7385,2,0,0,1,0,True,False,0.0,0.0,True
39,spraying_fruit_trees,2.0,7999,7886,2,0,0,1,0,True,False,0.0,0.0,True
40,make_microwave_popcorn,1.0,8000,3879,1,0,0,1,0,True,False,0.0,0.0,True
40,make_microwave_popcorn,1.0,8001,4398,1,0,0,1,0,True,False,0.0,0.0,True
40,make_microwave_popcorn,1.0,8002,3464,1,0,0,1,0,True,False,0.0,0.0,True
40,make_microwave_popcorn,1.0,8003,3541,2,1,0,1,1,True,False,0.0,0.0,True
40,make_microwave_popcorn,1.0,8004,3822,1,0,0,1,0,True,False,0.0,0.0,True
40,make_microwave_popcorn,1.0,8005,3340,1,0,0,1,0,True,False,0.0,0.0,True
40,make_microwave_popcorn,1.0,8006,2937,1,0,0,1,0,True,False,0.0,0.0,True
40,make_microwave_popcorn,1.0,8007,3785,1,0,0,1,0,True,False,0.0,0.0,True
40,make_microwave_popcorn,1.0,8008,2976,2,1,0,1,1,True,False,0.0,0.0,True
40,make_microwave_popcorn,1.0,8009,4853,1,0,0,1,0,True,False,0.0,0.0,True
40,make_microwave_popcorn,1.0,8010,3731,1,0,0,1,0,True,False,0.0,0.0,True
40,make_microwave_popcorn,1.0,8011,3391,1,0,0,1,0,True,False,0.0,0.0,True
40,make_microwave_popcorn,1.0,8012,3285,1,0,0,1,0,True,False,0.0,0.0,True
40,make_microwave_popcorn,1.0,8013,4050,1,0,0,1,0,True,False,0.0,0.0,True
40,make_microwave_popcorn,1.0,8014,3456,1,0,0,1,0,True,False,0.0,0.0,True
40,make_microwave_popcorn,1.0,8015,2810,1,0,0,1,0,True,False,0.0,0.0,True
40,make_microwave_popcorn,1.0,8016,3262,2,1,0,1,1,True,False,0.0,0.0,True
40,make_microwave_popcorn,1.0,8017,3135,1,0,0,1,0,True,False,0.0,0.0,True
40,make_microwave_popcorn,1.0,8018,3625,1,0,0,1,0,True,False,0.0,0.0,True
40,make_microwave_popcorn,1.0,8019,2727,1,0,0,1,0,True,False,0.0,0.0,True
40,make_microwave_popcorn,1.0,8020,3670,1,0,0,1,0,True,False,0.0,0.0,True
40,make_microwave_popcorn,1.0,8021,3200,1,0,0,1,0,True,False,0.0,0.0,True
40,make_microwave_popcorn,1.0,8022,3051,1,0,0,1,0,True,False,0.0,0.0,True
40,make_microwave_popcorn,1.0,8023,2879,1,0,0,1,0,True,False,0.0,0.0,True
40,make_microwave_popcorn,1.0,8024,3979,1,0,0,1,0,True,False,0.0,0.0,True
40,make_microwave_popcorn,1.0,8025,3425,1,0,0,1,0,True,False,0.0,0.0,True
40,make_microwave_popcorn,1.0,8026,2737,1,0,0,1,0,True,False,0.0,0.0,True
40,make_microwave_popcorn,1.0,8027,2917,2,1,0,1,1,True,False,0.0,0.0,True
40,make_microwave_popcorn,1.0,8028,3775,1,0,0,1,0,True,False,0.0,0.0,True
40,make_microwave_popcorn,1.0,8029,3370,1,0,0,1,0,True,False,0.0,0.0,True
40,make_microwave_popcorn,1.0,8030,4314,1,0,0,1,0,True,False,0.0,0.0,True
40,make_microwave_popcorn,1.0,8031,3175,2,1,0,1,1,True,False,0.0,0.0,True
40,make_microwave_popcorn,1.0,8032,3808,1,0,0,1,0,True,False,0.0,0.0,True
40,make_microwave_popcorn,1.0,8033,2990,1,0,0,1,0,True,False,0.0,0.0,True
40,make_microwave_popcorn,1.0,8034,3480,1,0,0,1,0,True,False,0.0,0.0,True
40,make_microwave_popcorn,1.0,8035,2935,1,0,0,1,0,True,False,0.0,0.0,True
40,make_microwave_popcorn,1.0,8036,3140,1,0,0,1,0,True,False,0.0,0.0,True
40,make_microwave_popcorn,1.0,8037,3896,1,0,0,1,0,True,False,0.0,0.0,True
40,make_microwave_popcorn,1.0,8038,4129,1,0,0,1,0,True,False,0.0,0.0,True
40,make_microwave_popcorn,1.0,8039,3632,1,0,0,1,0,True,False,0.0,0.0,True
40,make_microwave_popcorn,1.0,8040,2713,1,0,0,1,0,True,False,0.0,0.0,True
40,make_microwave_popcorn,1.0,8041,3895,1,0,0,1,0,True,False,0.0,0.0,True
40,make_microwave_popcorn,1.0,8042,2929,1,0,0,1,0,True,False,0.0,0.0,True
40,make_microwave_popcorn,1.0,8043,2378,1,0,0,1,0,True,False,0.0,0.0,True
40,make_microwave_popcorn,1.0,8044,3537,1,0,0,1,0,True,False,0.0,0.0,True
40,make_microwave_popcorn,1.0,8045,3384,2,1,0,1,1,True,False,0.0,0.0,True
40,make_microwave_popcorn,1.0,8046,3083,1,0,0,1,0,True,False,0.0,0.0,True
40,make_microwave_popcorn,1.0,8047,3467,1,0,0,1,0,True,False,0.0,0.0,True
40,make_microwave_popcorn,1.0,8048,3177,1,0,0,1,0,True,False,0.0,0.0,True
40,make_microwave_popcorn,1.0,8049,3027,1,0,0,1,0,True,False,0.0,0.0,True
40,make_microwave_popcorn,1.0,8050,3295,1,0,0,1,0,True,False,0.0,0.0,True
40,make_microwave_popcorn,1.0,8051,4221,1,0,0,1,0,True,False,0.0,0.0,True
40,make_microwave_popcorn,1.0,8052,3547,1,0,0,1,0,True,False,0.0,0.0,True
40,make_microwave_popcorn,1.0,8053,3086,1,0,0,1,0,True,False,0.0,0.0,True
40,make_microwave_popcorn,1.0,8054,3488,1,0,0,1,0,True,False,0.0,0.0,True
40,make_microwave_popcorn,1.0,8055,3264,1,0,0,1,0,True,False,0.0,0.0,True
40,make_microwave_popcorn,1.0,8056,3149,1,0,0,1,0,True,False,0.0,0.0,True
40,make_microwave_popcorn,1.0,8057,3259,1,0,0,1,0,True,False,0.0,0.0,True
40,make_microwave_popcorn,1.0,8058,3158,1,0,0,1,0,True,False,0.0,0.0,True
40,make_microwave_popcorn,1.0,8059,2171,1,0,0,1,0,True,False,0.0,0.0,True
40,make_microwave_popcorn,1.0,8060,3080,2,1,0,1,1,True,False,0.0,0.0,True
40,make_microwave_popcorn,1.0,8061,3466,1,0,0,1,0,True,False,0.0,0.0,True
40,make_microwave_popcorn,1.0,8062,3378,2,1,0,1,1,True,False,0.0,0.0,True
40,make_microwave_popcorn,1.0,8063,2932,1,0,0,1,0,True,False,0.0,0.0,True
40,make_microwave_popcorn,1.0,8064,3089,1,0,0,1,0,True,False,0.0,0.0,True
40,make_microwave_popcorn,1.0,8065,3553,1,0,0,1,0,True,False,0.0,0.0,True
40,make_microwave_popcorn,1.0,8066,3020,1,0,0,1,0,True,False,0.0,0.0,True
40,make_microwave_popcorn,1.0,8067,3710,1,0,0,1,0,True,False,0.0,0.0,True
41,cook_cabbage,2.0,8200,14650,3,1,0,1,1,True,False,0.0,0.0,True
41,cook_cabbage,2.0,8201,18836,2,0,0,1,0,True,False,0.0,0.0,True
41,cook_cabbage,2.0,8202,14893,2,0,0,1,0,True,False,0.0,0.0,True
41,cook_cabbage,2.0,8203,13558,2,0,0,1,0,True,False,0.0,0.0,True
41,cook_cabbage,2.0,8204,16616,2,0,0,1,0,True,False,0.0,0.0,True
41,cook_cabbage,2.0,8205,16762,2,0,0,1,0,True,False,0.0,0.0,True
41,cook_cabbage,2.0,8206,9431,3,1,1,2,1,True,False,0.0,0.0,True
41,cook_cabbage,2.0,8207,8762,2,0,0,1,0,True,False,0.0,0.0,True
41,cook_cabbage,2.0,8208,13825,2,0,0,1,0,True,False,0.0,0.0,True
41,cook_cabbage,2.0,8209,15221,2,0,0,1,0,True,False,0.0,0.0,True
41,cook_cabbage,2.0,8210,15013,2,0,0,1,0,True,False,0.0,0.0,True
41,cook_cabbage,2.0,8211,15306,2,0,0,1,0,True,False,0.0,0.0,True
41,cook_cabbage,2.0,8212,13146,2,0,0,1,0,True,False,0.0,0.0,True
41,cook_cabbage,2.0,8213,16726,2,0,0,1,0,True,False,0.0,0.0,True
41,cook_cabbage,2.0,8214,14772,2,0,0,1,0,True,False,0.0,0.0,True
41,cook_cabbage,2.0,8215,16301,2,0,0,1,0,True,False,0.0,0.0,True
41,cook_cabbage,2.0,8216,10579,2,0,0,1,0,True,False,0.0,0.0,True
41,cook_cabbage,2.0,8217,15961,2,0,0,1,0,True,False,0.0,0.0,True
41,cook_cabbage,2.0,8218,14300,3,1,1,2,1,True,False,0.0,0.0,True
41,cook_cabbage,2.0,8219,16730,2,0,0,1,0,True,False,0.0,0.0,True
41,cook_cabbage,2.0,8220,12889,2,0,0,1,0,True,False,0.0,0.0,True
41,cook_cabbage,2.0,8221,9470,2,0,0,1,0,True,False,0.0,0.0,True
41,cook_cabbage,2.0,8222,14145,2,0,0,1,0,True,False,0.0,0.0,True
41,cook_cabbage,2.0,8223,9680,2,0,0,1,0,True,False,0.0,0.0,True
41,cook_cabbage,2.0,8224,12588,2,0,0,1,0,True,False,0.0,0.0,True
41,cook_cabbage,2.0,8225,9497,2,0,0,1,0,True,False,0.0,0.0,True
41,cook_cabbage,2.0,8226,13429,2,0,0,1,0,True,False,0.0,0.0,True
41,cook_cabbage,2.0,8227,14617,3,1,1,2,1,True,False,0.0,0.0,True
41,cook_cabbage,2.0,8228,18033,2,0,0,1,0,True,False,0.0,0.0,True
41,cook_cabbage,2.0,8229,13971,2,0,0,1,0,True,False,0.0,0.0,True
41,cook_cabbage,2.0,8230,15197,2,0,0,1,0,True,False,0.0,0.0,True
41,cook_cabbage,2.0,8231,13408,2,0,0,1,0,True,False,0.0,0.0,True
41,cook_cabbage,2.0,8232,16136,2,0,0,1,0,True,False,0.0,0.0,True
41,cook_cabbage,2.0,8233,17040,3,1,1,2,1,True,False,0.0,0.0,True
41,cook_cabbage,2.0,8234,16994,2,0,0,1,0,True,False,0.0,0.0,True
41,cook_cabbage,2.0,8235,12264,2,0,0,1,0,True,False,0.0,0.0,True
41,cook_cabbage,2.0,8236,14553,2,0,0,1,0,True,False,0.0,0.0,True
41,cook_cabbage,2.0,8237,15167,2,0,0,1,0,True,False,0.0,0.0,True
41,cook_cabbage,2.0,8238,17457,2,0,0,1,0,True,False,0.0,0.0,True
41,cook_cabbage,2.0,8239,16927,2,0,0,1,0,True,False,0.0,0.0,True
41,cook_cabbage,2.0,8240,12412,2,0,0,1,0,True,False,0.0,0.0,True
41,cook_cabbage,2.0,8241,16204,2,0,0,1,0,True,False,0.0,0.0,True
41,cook_cabbage,2.0,8242,12913,2,0,0,1,0,True,False,0.0,0.0,True
41,cook_cabbage,2.0,8243,14155,2,0,0,1,0,True,False,0.0,0.0,True
41,cook_cabbage,2.0,8244,11090,2,0,0,1,0,True,False,0.0,0.0,True
41,cook_cabbage,2.0,8245,16539,2,0,0,1,0,True,False,0.0,0.0,True
42,chop_an_onion,4.0,8400,6583,18,8,0,1,2,True,False,0.0,0.0,True
42,chop_an_onion,4.0,8401,6021,16,6,0,1,0,True,False,0.0,0.0,True
42,chop_an_onion,4.0,8402,6533,8,3,0,1,1,True,False,0.25,1.0,True
42,chop_an_onion,4.0,8403,7075,8,2,0,1,0,True,False,0.0,0.0,True
42,chop_an_onion,4.0,8404,6627,4,0,0,1,0,True,False,0.0,0.0,True
42,chop_an_onion,4.0,8405,6209,9,3,0,1,0,True,False,0.25,1.0,False
42,chop_an_onion,4.0,8406,6757,6,1,0,1,0,True,False,0.0,0.0,True
42,chop_an_onion,4.0,8407,6211,10,3,0,1,0,True,False,0.0,0.0,True
42,chop_an_onion,4.0,8408,7147,4,0,0,1,0,True,False,0.0,0.0,True
42,chop_an_onion,4.0,8409,9432,5,1,0,1,1,True,False,0.0,0.0,True
42,chop_an_onion,4.0,8410,7066,4,0,0,1,0,True,False,0.0,0.0,True
42,chop_an_onion,4.0,8411,7699,8,2,0,1,0,True,False,0.0,0.0,True
42,chop_an_onion,4.0,8412,5192,4,0,0,1,0,True,False,0.0,0.0,True
42,chop_an_onion,4.0,8413,6098,4,0,0,1,0,True,False,0.0,0.0,True
42,chop_an_onion,4.0,8414,5441,4,0,0,1,0,True,False,0.0,0.0,True
42,chop_an_onion,4.0,8415,5926,5,1,0,1,0,True,False,0.25,1.0,True
42,chop_an_onion,4.0,8416,6367,9,3,0,1,0,True,False,0.25,1.0,True
42,chop_an_onion,4.0,8417,6975,11,4,0,1,0,True,False,0.25,1.0,False
42,chop_an_onion,4.0,8418,6778,15,6,0,1,0,True,False,0.25,1.0,True
42,chop_an_onion,4.0,8419,7118,4,0,0,1,0,True,False,0.0,0.0,True
42,chop_an_onion,4.0,8420,6144,6,1,0,1,0,True,False,0.0,0.0,True
42,chop_an_onion,4.0,8421,4641,6,1,0,1,0,True,False,0.0,0.0,True
42,chop_an_onion,4.0,8422,4158,7,2,0,1,1,True,False,0.0,0.0,True
42,chop_an_onion,4.0,8423,5819,8,2,0,1,0,True,False,0.0,0.0,True
42,chop_an_onion,4.0,8424,6004,6,1,0,1,0,True,False,0.0,0.0,True
42,chop_an_onion,4.0,8425,4996,4,0,0,1,0,True,False,0.0,0.0,True
42,chop_an_onion,4.0,8426,4447,4,0,0,1,0,True,False,0.0,0.0,True
42,chop_an_onion,4.0,8427,6884,7,2,0,1,0,True,False,0.25,1.0,True
42,chop_an_onion,4.0,8428,5936,12,4,0,1,0,True,False,0.0,0.0,True
42,chop_an_onion,4.0,8429,7412,6,2,0,1,2,True,False,0.0,0.0,True
42,chop_an_onion,4.0,8430,5852,6,1,0,1,0,True,False,0.0,0.0,True
42,chop_an_onion,4.0,8431,6338,10,3,0,1,0,True,False,0.0,0.0,True
42,chop_an_onion,4.0,8432,4515,5,1,0,1,0,True,False,0.25,1.0,True
42,chop_an_onion,4.0,8433,5624,4,0,0,1,0,True,False,0.0,0.0,True
42,chop_an_onion,4.0,8434,5500,4,0,0,1,0,True,False,0.0,0.0,True
42,chop_an_onion,4.0,8435,6290,9,3,0,1,0,True,False,0.25,1.0,True
42,chop_an_onion,4.0,8436,7066,4,0,0,1,0,True,False,0.0,0.0,True
42,chop_an_onion,4.0,8437,5815,6,1,0,1,0,True,False,0.0,0.0,True
42,chop_an_onion,4.0,8438,4879,6,1,0,1,0,True,False,0.0,0.0,True
42,chop_an_onion,4.0,8439,5962,6,1,0,1,0,True,False,0.0,0.0,True
42,chop_an_onion,4.0,8440,5035,4,0,0,1,0,True,False,0.0,0.0,True
42,chop_an_onion,4.0,8441,4194,10,3,0,1,0,True,False,0.0,0.0,True
42,chop_an_onion,4.0,8442,5067,6,1,0,1,0,True,False,0.0,0.0,True
42,chop_an_onion,4.0,8443,7401,6,1,0,1,0,True,False,0.0,0.0,True
42,chop_an_onion,4.0,8444,4714,6,1,0,1,0,True,False,0.0,0.0,True
42,chop_an_onion,4.0,8445,11856,10,4,0,1,1,True,False,0.25,1.0,True
42,chop_an_onion,4.0,8446,8438,6,2,0,1,0,True,False,0.5,2.0,False
42,chop_an_onion,4.0,8447,5269,5,1,0,1,0,True,False,0.25,1.0,True
42,chop_an_onion,4.0,8448,5364,6,1,0,1,0,True,False,0.0,0.0,True
42,chop_an_onion,4.0,8449,5346,4,0,0,1,0,True,False,0.0,0.0,True
42,chop_an_onion,4.0,8450,9087,7,2,0,1,1,True,False,0.0,0.0,True
42,chop_an_onion,4.0,8451,5532,6,1,0,1,0,True,False,0.0,0.0,True
42,chop_an_onion,4.0,8452,5539,4,0,0,1,0,True,False,0.0,0.0,True
42,chop_an_onion,4.0,8453,6443,19,8,0,1,0,True,False,0.25,1.0,True
42,chop_an_onion,4.0,8454,7915,7,2,0,1,0,True,False,0.25,1.0,True
42,chop_an_onion,4.0,8455,7972,4,0,0,1,0,True,False,0.0,0.0,True
42,chop_an_onion,4.0,8456,5373,6,1,0,1,0,True,False,0.0,0.0,True
42,chop_an_onion,4.0,8457,8531,5,1,0,1,0,True,False,0.25,1.0,True
42,chop_an_onion,4.0,8458,8522,5,1,0,1,0,True,False,0.25,1.0,True
42,chop_an_onion,4.0,8459,7088,5,1,0,1,1,True,False,0.0,0.0,True
42,chop_an_onion,4.0,8460,8044,9,3,0,1,0,True,False,0.25,1.0,False
42,chop_an_onion,4.0,8461,6533,5,1,0,1,1,True,False,0.0,0.0,True
42,chop_an_onion,4.0,8462,5698,6,1,0,1,0,True,False,0.0,0.0,True
42,chop_an_onion,4.0,8463,5018,16,6,0,1,0,True,False,0.0,0.0,True
42,chop_an_onion,4.0,8464,7279,7,2,0,1,0,True,False,0.25,1.0,True
42,chop_an_onion,4.0,8465,6653,9,3,0,1,0,True,False,0.25,1.0,True
42,chop_an_onion,4.0,8466,6672,4,0,0,1,0,True,False,0.0,0.0,True
42,chop_an_onion,4.0,8467,4849,5,1,0,1,1,True,False,0.0,0.0,True
42,chop_an_onion,4.0,8468,7500,9,3,0,1,1,True,False,0.0,0.0,True
42,chop_an_onion,4.0,8469,6497,12,4,0,1,0,True,False,0.0,0.0,True
43,slicing_vegetables,9.0,8600,17416,12,2,0,1,0,True,False,0.1111111044883728,0.9999999403953552,True
43,slicing_vegetables,9.0,8601,15461,11,2,0,1,1,True,False,0.1111111044883728,0.9999999403953552,True
43,slicing_vegetables,9.0,8602,16314,10,1,0,1,1,True,False,0.0,0.0,True
43,slicing_vegetables,9.0,8603,12631,11,2,1,3,1,True,False,0.3333333358168602,3.000000022351742,False
43,slicing_vegetables,9.0,8604,14706,10,1,0,1,1,True,False,0.0,0.0,True
43,slicing_vegetables,9.0,8605,17674,12,3,0,1,1,True,False,0.2222222164273262,1.9999999478459358,True
43,slicing_vegetables,9.0,8606,18014,14,5,1,2,1,True,False,0.5555555522441864,4.999999970197678,False
43,slicing_vegetables,9.0,8607,13153,11,2,1,2,1,True,False,0.2222222164273262,1.9999999478459358,False
43,slicing_vegetables,9.0,8608,14633,13,4,1,5,4,True,False,0.0,0.0,True
43,slicing_vegetables,9.0,8609,13492,12,2,0,1,1,True,False,0.0,0.0,True
43,slicing_vegetables,9.0,8610,16387,10,1,0,1,1,True,False,0.0,0.0,True
43,slicing_vegetables,9.0,8611,17850,10,1,0,1,1,True,False,0.0,0.0,True
43,slicing_vegetables,9.0,8612,15886,11,1,0,1,0,True,False,0.0,0.0,True
43,slicing_vegetables,9.0,8613,10031,11,2,1,2,1,True,False,0.2222222164273262,1.9999999478459358,True
43,slicing_vegetables,9.0,8614,17561,10,1,0,1,1,True,False,0.0,0.0,True
43,slicing_vegetables,9.0,8615,16782,10,1,0,1,1,True,False,0.0,0.0,True
43,slicing_vegetables,9.0,8616,17407,10,1,0,1,1,True,False,0.0,0.0,True
43,slicing_vegetables,9.0,8617,12852,12,3,1,5,2,True,False,0.1111111044883728,0.9999999403953552,False
43,slicing_vegetables,9.0,8618,16010,10,1,0,1,1,True,False,0.0,0.0,True
43,slicing_vegetables,9.0,8619,17858,10,1,0,1,1,True,False,0.0,0.0,True
43,slicing_vegetables,9.0,8620,14084,10,1,0,1,1,True,False,0.0,0.0,True
43,slicing_vegetables,9.0,8621,15259,10,1,0,1,1,True,False,0.0,0.0,True
43,slicing_vegetables,9.0,8622,11750,10,1,0,1,1,True,False,0.0,0.0,True
43,slicing_vegetables,9.0,8623,15446,10,1,0,1,1,True,False,0.0,0.0,True
43,slicing_vegetables,9.0,8624,16378,10,1,0,1,1,True,False,0.0,0.0,True
43,slicing_vegetables,9.0,8625,16892,11,1,0,1,0,True,False,0.0,0.0,True
43,slicing_vegetables,9.0,8626,16195,10,1,0,1,1,True,False,0.0,0.0,True
43,slicing_vegetables,9.0,8627,15298,11,2,1,5,2,True,False,0.0,0.0,True
43,slicing_vegetables,9.0,8628,16931,11,2,0,1,1,True,False,0.1111111044883728,0.9999999403953552,True
43,slicing_vegetables,9.0,8629,16941,11,2,1,3,1,True,False,0.3333333358168602,3.000000022351742,False
43,slicing_vegetables,9.0,8630,14379,10,1,0,1,1,True,False,0.0,0.0,True
43,slicing_vegetables,9.0,8631,15890,11,2,1,2,2,True,False,0.0,0.0,True
43,slicing_vegetables,9.0,8632,12848,11,1,0,1,0,True,False,0.0,0.0,True
43,slicing_vegetables,9.0,8633,17454,11,2,0,1,1,True,False,0.1111111044883728,0.9999999403953552,True
43,slicing_vegetables,9.0,8634,7358,10,1,0,1,1,True,False,0.0,0.0,True
43,slicing_vegetables,9.0,8635,19534,10,1,0,1,1,True,False,0.0,0.0,True
43,slicing_vegetables,9.0,8636,13311,12,3,0,1,1,True,False,0.2222222164273262,1.9999999478459358,False
43,slicing_vegetables,9.0,8637,14170,10,1,0,1,1,True,False,0.0,0.0,True
43,slicing_vegetables,9.0,8638,13329,11,1,0,1,0,True,False,0.0,0.0,True
43,slicing_vegetables,9.0,8639,16730,10,1,0,1,1,True,False,0.0,0.0,True
43,slicing_vegetables,9.0,8640,15098,13,4,1,2,2,True,False,0.2222222164273262,1.9999999478459358,False
43,slicing_vegetables,9.0,8641,11236,10,1,0,1,1,True,False,0.0,0.0,True
43,slicing_vegetables,9.0,8642,9909,10,1,0,1,1,True,False,0.0,0.0,True
43,slicing_vegetables,9.0,8643,9884,15,6,1,2,2,True,False,0.444444440305233,3.999999962747097,True
44,chopping_wood,4.0,8800,13446,4,0,0,1,0,True,False,0.0,0.0,True
44,chopping_wood,4.0,8801,9841,6,2,0,1,0,True,False,0.5,2.0,True
44,chopping_wood,4.0,8802,11353,4,0,0,1,0,True,False,0.0,0.0,True
44,chopping_wood,4.0,8803,9940,4,0,0,1,0,True,False,0.0,0.0,True
44,chopping_wood,4.0,8804,8126,4,0,0,1,0,True,False,0.0,0.0,True
44,chopping_wood,4.0,8805,12503,4,0,0,1,0,True,False,0.0,0.0,True
44,chopping_wood,4.0,8806,11774,4,0,0,1,0,True,False,0.0,0.0,True
44,chopping_wood,4.0,8807,10585,4,0,0,1,0,True,False,0.0,0.0,True
44,chopping_wood,4.0,8808,12807,4,0,0,1,0,True,False,0.0,0.0,True
44,chopping_wood,4.0,8809,13225,4,0,0,1,0,True,False,0.0,0.0,True
44,chopping_wood,4.0,8810,18689,4,0,0,1,0,True,False,0.0,0.0,True
44,chopping_wood,4.0,8811,14844,4,0,0,1,0,True,False,0.0,0.0,True
44,chopping_wood,4.0,8812,9172,5,1,0,1,0,True,False,0.25,1.0,False
44,chopping_wood,4.0,8813,14639,4,0,0,1,0,True,False,0.0,0.0,True
44,chopping_wood,4.0,8814,14752,4,0,0,1,0,True,False,0.0,0.0,True
44,chopping_wood,4.0,8815,9479,5,1,0,1,1,True,False,0.0,0.0,True
44,chopping_wood,4.0,8816,10978,4,0,0,1,0,True,False,0.0,0.0,True
44,chopping_wood,4.0,8817,10522,4,0,0,1,0,True,False,0.0,0.0,True
44,chopping_wood,4.0,8818,10848,4,0,0,1,0,True,False,0.0,0.0,True
44,chopping_wood,4.0,8819,13269,4,0,0,1,0,True,False,0.0,0.0,True
44,chopping_wood,4.0,8820,9990,4,0,0,1,0,True,False,0.0,0.0,True
44,chopping_wood,4.0,8821,12257,4,0,0,1,0,True,False,0.0,0.0,True
44,chopping_wood,4.0,8822,8462,5,1,0,1,0,True,False,0.25,1.0,True
44,chopping_wood,4.0,8823,10191,4,0,0,1,0,True,False,0.0,0.0,True
44,chopping_wood,4.0,8824,9099,4,0,0,1,0,True,False,0.0,0.0,True
44,chopping_wood,4.0,8825,14744,4,0,0,1,0,True,False,0.0,0.0,True
44,chopping_wood,4.0,8826,10675,4,0,0,1,0,True,False,0.0,0.0,True
44,chopping_wood,4.0,8827,10689,5,1,0,1,1,True,False,0.0,0.0,True
44,chopping_wood,4.0,8828,10993,4,0,0,1,0,True,False,0.0,0.0,True
44,chopping_wood,4.0,8829,9553,5,1,0,1,0,True,False,0.25,1.0,True
44,chopping_wood,4.0,8830,10560,4,0,0,1,0,True,False,0.0,0.0,True
44,chopping_wood,4.0,8831,12448,4,0,0,1,0,True,False,0.0,0.0,True
44,chopping_wood,4.0,8832,6557,6,2,0,1,1,True,False,0.25,1.0,False
44,chopping_wood,4.0,8833,9499,8,4,0,1,1,True,False,0.75,3.0,False
44,chopping_wood,4.0,8834,13310,4,0,0,1,0,True,False,0.0,0.0,True
44,chopping_wood,4.0,8835,14307,4,0,0,1,0,True,False,0.0,0.0,True
44,chopping_wood,4.0,8836,7744,7,3,0,1,0,True,False,0.75,3.0,False
44,chopping_wood,4.0,8837,11364,4,0,0,1,0,True,False,0.0,0.0,True
44,chopping_wood,4.0,8838,11833,4,0,0,1,0,True,False,0.0,0.0,True
44,chopping_wood,4.0,8839,9316,4,0,0,1,0,True,False,0.0,0.0,True
44,chopping_wood,4.0,8840,16697,4,0,0,1,0,True,False,0.0,0.0,True
44,chopping_wood,4.0,8841,8457,7,3,0,1,1,True,False,0.5,2.0,False
44,chopping_wood,4.0,8842,15374,4,0,0,1,0,True,False,0.0,0.0,True
44,chopping_wood,4.0,8843,15398,4,0,0,1,0,True,False,0.0,0.0,True
44,chopping_wood,4.0,8844,11810,4,0,0,1,0,True,False,0.0,0.0,True
44,chopping_wood,4.0,8845,12874,4,0,0,1,0,True,False,0.0,0.0,True
44,chopping_wood,4.0,8846,15079,4,0,0,1,0,True,False,0.0,0.0,True
44,chopping_wood,4.0,8847,14964,4,0,0,1,0,True,False,0.0,0.0,True
44,chopping_wood,4.0,8848,15429,4,0,0,1,0,True,False,0.0,0.0,True
44,chopping_wood,4.0,8849,11115,4,0,0,1,0,True,False,0.0,0.0,True
44,chopping_wood,4.0,8850,9126,5,1,0,1,0,True,False,0.25,1.0,False
44,chopping_wood,4.0,8851,15206,4,0,0,1,0,True,False,0.0,0.0,True
44,chopping_wood,4.0,8852,11865,4,0,0,1,0,True,False,0.0,0.0,True
44,chopping_wood,4.0,8853,16390,4,0,0,1,0,True,False,0.0,0.0,True
44,chopping_wood,4.0,8854,8442,4,0,0,1,0,True,False,0.0,0.0,True
45,cook_hot_dogs,1.0,9000,6805,1,0,0,1,0,True,False,0.0,0.0,True
45,cook_hot_dogs,1.0,9001,8379,1,0,0,1,0,True,False,0.0,0.0,True
45,cook_hot_dogs,1.0,9002,8092,1,0,0,1,0,True,False,0.0,0.0,True
45,cook_hot_dogs,1.0,9003,8654,1,0,0,1,0,True,False,0.0,0.0,True
45,cook_hot_dogs,1.0,9004,7541,1,0,0,1,0,True,False,0.0,0.0,True
45,cook_hot_dogs,1.0,9005,8774,1,0,0,1,0,True,False,0.0,0.0,True
45,cook_hot_dogs,1.0,9006,7427,1,0,0,1,0,True,False,0.0,0.0,True
45,cook_hot_dogs,1.0,9007,7414,1,0,0,1,0,True,False,0.0,0.0,True
45,cook_hot_dogs,1.0,9008,8439,1,0,0,1,0,True,False,0.0,0.0,True
45,cook_hot_dogs,1.0,9009,8033,1,0,0,1,0,True,False,0.0,0.0,True
45,cook_hot_dogs,1.0,9010,8487,1,0,0,1,0,True,False,0.0,0.0,True
45,cook_hot_dogs,1.0,9011,6897,1,0,0,1,0,True,False,0.0,0.0,True
45,cook_hot_dogs,1.0,9012,8113,1,0,0,1,0,True,False,0.0,0.0,True
45,cook_hot_dogs,1.0,9013,6876,1,0,0,1,0,True,False,0.0,0.0,True
45,cook_hot_dogs,1.0,9014,8345,1,0,0,1,0,True,False,0.0,0.0,True
45,cook_hot_dogs,1.0,9015,7759,1,0,0,1,0,True,False,0.0,0.0,True
45,cook_hot_dogs,1.0,9016,7607,1,0,0,1,0,True,False,0.0,0.0,True
45,cook_hot_dogs,1.0,9017,8434,1,0,0,1,0,True,False,0.0,0.0,True
45,cook_hot_dogs,1.0,9018,7858,1,0,0,1,0,True,False,0.0,0.0,True
45,cook_hot_dogs,1.0,9019,7906,1,0,0,1,0,True,False,0.0,0.0,True
45,cook_hot_dogs,1.0,9020,8571,1,0,0,1,0,True,False,0.0,0.0,True
45,cook_hot_dogs,1.0,9021,8342,1,0,0,1,0,True,False,0.0,0.0,True
45,cook_hot_dogs,1.0,9022,8395,1,0,0,1,0,True,False,0.0,0.0,True
45,cook_hot_dogs,1.0,9023,8839,1,0,0,1,0,True,False,0.0,0.0,True
45,cook_hot_dogs,1.0,9024,8565,1,0,0,1,0,True,False,0.0,0.0,True
45,cook_hot_dogs,1.0,9025,10520,1,0,0,1,0,True,False,0.0,0.0,True
45,cook_hot_dogs,1.0,9026,8598,1,0,0,1,0,True,False,0.0,0.0,True
45,cook_hot_dogs,1.0,9027,8963,1,0,0,1,0,True,False,0.0,0.0,True
45,cook_hot_dogs,1.0,9028,7320,1,0,0,1,0,True,False,0.0,0.0,True
45,cook_hot_dogs,1.0,9029,7845,1,0,0,1,0,True,False,0.0,0.0,True
45,cook_hot_dogs,1.0,9030,8047,1,0,0,1,0,True,False,0.0,0.0,True
45,cook_hot_dogs,1.0,9031,8366,1,0,0,1,0,True,False,0.0,0.0,True
45,cook_hot_dogs,1.0,9032,7456,1,0,0,1,0,True,False,0.0,0.0,True
45,cook_hot_dogs,1.0,9033,7306,1,0,0,1,0,True,False,0.0,0.0,True
45,cook_hot_dogs,1.0,9034,7447,1,0,0,1,0,True,False,0.0,0.0,True
45,cook_hot_dogs,1.0,9035,7568,1,0,0,1,0,True,False,0.0,0.0,True
45,cook_hot_dogs,1.0,9036,7904,1,0,0,1,0,True,False,0.0,0.0,True
45,cook_hot_dogs,1.0,9037,8489,1,0,0,1,0,True,False,0.0,0.0,True
45,cook_hot_dogs,1.0,9038,8270,1,0,0,1,0,True,False,0.0,0.0,True
45,cook_hot_dogs,1.0,9039,6833,1,0,0,1,0,True,False,0.0,0.0,True
45,cook_hot_dogs,1.0,9040,8622,1,0,0,1,0,True,False,0.0,0.0,True
45,cook_hot_dogs,1.0,9041,8087,1,0,0,1,0,True,False,0.0,0.0,True
45,cook_hot_dogs,1.0,9042,9350,1,0,0,1,0,True,False,0.0,0.0,True
45,cook_hot_dogs,1.0,9043,8524,1,0,0,1,0,True,False,0.0,0.0,True
45,cook_hot_dogs,1.0,9044,9059,1,0,0,1,0,True,False,0.0,0.0,True
45,cook_hot_dogs,1.0,9045,7336,1,0,0,1,0,True,False,0.0,0.0,True
45,cook_hot_dogs,1.0,9046,8681,1,0,0,1,0,True,False,0.0,0.0,True
45,cook_hot_dogs,1.0,9047,8236,1,0,0,1,0,True,False,0.0,0.0,True
45,cook_hot_dogs,1.0,9048,8052,1,0,0,1,0,True,False,0.0,0.0,True
45,cook_hot_dogs,1.0,9049,6767,1,0,0,1,0,True,False,0.0,0.0,True
45,cook_hot_dogs,1.0,9050,7551,1,0,0,1,0,True,False,0.0,0.0,True
45,cook_hot_dogs,1.0,9051,7956,1,0,0,1,0,True,False,0.0,0.0,True
45,cook_hot_dogs,1.0,9052,7896,1,0,0,1,0,True,False,0.0,0.0,True
45,cook_hot_dogs,1.0,9053,9595,1,0,0,1,0,True,False,0.0,0.0,True
45,cook_hot_dogs,1.0,9054,8698,1,0,0,1,0,True,False,0.0,0.0,True
46,cook_bacon,7.0,9200,8484,3,1,1,6,1,True,False,0.0,0.0,True
46,cook_bacon,7.0,9201,7239,3,1,1,6,1,True,False,0.0,0.0,True
46,cook_bacon,7.0,9202,7438,3,1,1,6,1,True,False,0.0,0.0,True
46,cook_bacon,7.0,9203,7572,6,2,2,6,1,True,False,-0.142857164144516,-1.000000149011612,False
46,cook_bacon,7.0,9204,8812,3,1,1,6,1,True,False,0.0,0.0,True
46,cook_bacon,7.0,9205,7014,3,1,1,6,1,True,False,0.0,0.0,True
46,cook_bacon,7.0,9206,10651,3,1,1,6,1,True,False,0.0,0.0,True
46,cook_bacon,7.0,9207,9028,5,1,1,6,0,True,False,-0.142857164144516,-1.000000149011612,False
46,cook_bacon,7.0,9208,8761,3,1,1,6,1,True,False,0.0,0.0,True
46,cook_bacon,7.0,9209,8136,3,1,1,6,1,True,False,0.0,0.0,True
46,cook_bacon,7.0,9210,8774,3,1,1,6,1,True,False,0.0,0.0,True
46,cook_bacon,7.0,9211,7689,4,1,1,6,0,True,False,0.0,0.0,True
46,cook_bacon,7.0,9212,8444,3,1,1,6,1,True,False,0.0,0.0,True
46,cook_bacon,7.0,9213,7722,3,1,1,6,1,True,False,0.0,0.0,True
46,cook_bacon,7.0,9214,7583,3,1,1,6,1,True,False,0.0,0.0,True
46,cook_bacon,7.0,9215,7629,3,1,1,6,1,True,False,0.0,0.0,True
46,cook_bacon,7.0,9216,7441,4,1,1,6,0,True,False,0.0,0.0,True
46,cook_bacon,7.0,9217,7797,3,1,1,6,1,True,False,0.0,0.0,True
46,cook_bacon,7.0,9218,7846,4,1,1,6,0,True,False,0.0,0.0,True
46,cook_bacon,7.0,9219,7340,3,1,1,6,1,True,False,0.0,0.0,True
46,cook_bacon,7.0,9220,7536,4,1,1,6,0,True,False,0.0,0.0,True
46,cook_bacon,7.0,9221,10535,4,2,1,6,2,True,False,0.0,0.0,True
46,cook_bacon,7.0,9222,7913,3,1,1,6,1,True,False,0.0,0.0,True
46,cook_bacon,7.0,9223,7479,3,1,1,6,1,True,False,0.0,0.0,True
46,cook_bacon,7.0,9224,6154,3,1,1,6,1,True,False,0.0,0.0,True
46,cook_bacon,7.0,9225,9761,3,1,1,6,1,True,False,0.0,0.0,True
46,cook_bacon,7.0,9226,10658,4,2,2,6,2,True,False,0.0,0.0,True
46,cook_bacon,7.0,9227,9610,3,1,1,6,1,True,False,0.0,0.0,True
46,cook_bacon,7.0,9228,11487,4,2,2,6,2,True,False,0.0,0.0,True
46,cook_bacon,7.0,9229,9495,3,1,1,6,1,True,False,0.0,0.0,True
46,cook_bacon,7.0,9230,9222,3,1,1,6,1,True,False,0.0,0.0,True
46,cook_bacon,7.0,9231,9871,3,1,1,6,1,True,False,0.0,0.0,True
46,cook_bacon,7.0,9232,9276,3,1,1,6,1,True,False,0.0,0.0,True
46,cook_bacon,7.0,9233,10188,5,2,1,6,1,True,False,0.0,0.0,True
46,cook_bacon,7.0,9234,9668,4,2,2,6,2,True,False,0.0,0.0,True
46,cook_bacon,7.0,9235,10108,3,1,1,6,1,True,False,0.0,0.0,True
46,cook_bacon,7.0,9236,8872,3,1,1,6,1,True,False,0.0,0.0,True
46,cook_bacon,7.0,9237,6120,3,1,1,6,1,True,False,0.0,0.0,True
46,cook_bacon,7.0,9238,8816,3,1,1,6,1,True,False,0.0,0.0,True
46,cook_bacon,7.0,9239,7696,3,1,1,6,1,True,False,0.0,0.0,True
46,cook_bacon,7.0,9240,6831,3,1,1,6,1,True,False,0.0,0.0,True
46,cook_bacon,7.0,9241,9783,4,2,1,6,2,True,False,0.0,0.0,True
46,cook_bacon,7.0,9242,9556,3,1,1,6,1,True,False,0.0,0.0,True
46,cook_bacon,7.0,9243,6677,4,2,2,6,2,True,False,0.0,0.0,True
46,cook_bacon,7.0,9244,9297,3,1,1,6,1,True,False,0.0,0.0,True
46,cook_bacon,7.0,9245,9074,3,1,1,6,1,True,False,0.0,0.0,True
46,cook_bacon,7.0,9246,7956,3,1,1,6,1,True,False,0.0,0.0,True
46,cook_bacon,7.0,9247,8922,3,1,1,6,1,True,False,0.0,0.0,True
46,cook_bacon,7.0,9248,7643,3,1,1,6,1,True,False,0.0,0.0,True
46,cook_bacon,7.0,9249,9315,3,1,1,6,1,True,False,0.0,0.0,True
46,cook_bacon,7.0,9250,8268,4,1,1,6,0,True,False,0.0,0.0,True
46,cook_bacon,7.0,9251,9236,4,1,1,6,0,True,False,0.0,0.0,True
47,freeze_pies,7.0,9400,13943,7,2,1,2,1,True,False,0.285714253783226,1.999999776482582,True
47,freeze_pies,7.0,9401,17300,8,1,1,2,0,True,False,0.0,0.0,True
47,freeze_pies,7.0,9402,10937,5,1,1,2,1,True,False,0.285714253783226,1.999999776482582,True
47,freeze_pies,7.0,9403,19584,7,2,1,2,1,True,False,0.285714253783226,1.999999776482582,True
47,freeze_pies,7.0,9404,17050,7,2,1,2,1,True,False,0.285714253783226,1.999999776482582,True
47,freeze_pies,7.0,9405,10778,7,1,1,2,0,True,False,0.14285710453987122,0.9999997317790985,True
47,freeze_pies,7.0,9406,29741,5,1,1,2,1,True,False,0.285714253783226,1.999999776482582,True
47,freeze_pies,7.0,9407,13867,8,2,1,2,0,True,False,0.285714253783226,1.999999776482582,True
47,freeze_pies,7.0,9408,14547,8,2,1,2,0,True,False,0.285714253783226,1.999999776482582,True
47,freeze_pies,7.0,9409,13667,5,1,1,2,1,True,False,0.285714253783226,1.999999776482582,True
47,freeze_pies,7.0,9410,12486,5,1,1,2,1,True,False,0.285714253783226,1.999999776482582,True
47,freeze_pies,7.0,9411,27266,11,3,1,2,1,True,False,0.0,0.0,True
47,freeze_pies,7.0,9412,16408,8,2,1,2,1,True,False,0.14285710453987122,0.9999997317790985,True
47,freeze_pies,7.0,9413,12377,6,2,1,2,1,True,False,0.4285714030265808,2.9999998211860657,True
47,freeze_pies,7.0,9414,11919,9,3,1,2,0,True,False,0.4285714030265808,2.9999998211860657,True
47,freeze_pies,7.0,9415,10651,8,2,1,2,1,True,False,0.14285710453987122,0.9999997317790985,True
47,freeze_pies,7.0,9416,10292,5,1,1,2,1,True,False,0.285714253783226,1.999999776482582,True
47,freeze_pies,7.0,9417,12405,8,2,1,2,1,True,False,0.14285710453987122,0.9999997317790985,True
47,freeze_pies,7.0,9418,10557,7,1,1,2,0,True,False,0.14285710453987122,0.9999997317790985,True
47,freeze_pies,7.0,9419,11882,11,5,1,2,3,True,False,0.285714253783226,1.999999776482582,True
47,freeze_pies,7.0,9420,14141,8,2,1,2,0,True,False,0.285714253783226,1.999999776482582,True
47,freeze_pies,7.0,9421,12092,8,1,1,2,0,True,False,0.0,0.0,True
47,freeze_pies,7.0,9422,15732,8,2,1,2,0,True,False,0.285714253783226,1.999999776482582,True
47,freeze_pies,7.0,9423,13010,8,2,1,2,0,True,False,0.285714253783226,1.999999776482582,True
47,freeze_pies,7.0,9424,14437,5,1,1,2,1,True,False,0.285714253783226,1.999999776482582,True
47,freeze_pies,7.0,9425,12798,6,1,1,2,0,True,False,0.285714253783226,1.999999776482582,True
47,freeze_pies,7.0,9426,12313,10,3,1,2,1,True,False,0.14285710453987122,0.9999997317790985,True
47,freeze_pies,7.0,9427,11236,9,2,1,2,0,True,False,0.14285710453987122,0.9999997317790985,True
47,freeze_pies,7.0,9428,11632,10,3,1,2,0,True,False,0.285714253783226,1.999999776482582,True
47,freeze_pies,7.0,9429,13907,7,2,1,2,1,True,False,0.285714253783226,1.999999776482582,True
47,freeze_pies,7.0,9430,12107,7,1,1,2,0,True,False,0.14285710453987122,0.9999997317790985,True
47,freeze_pies,7.0,9431,11493,5,1,1,2,1,True,False,0.285714253783226,1.999999776482582,True
47,freeze_pies,7.0,9432,14906,9,2,1,2,0,True,False,0.14285710453987122,0.9999997317790985,True
47,freeze_pies,7.0,9433,11917,5,1,1,2,1,True,False,0.285714253783226,1.999999776482582,True
47,freeze_pies,7.0,9434,11891,5,1,1,2,1,True,False,0.285714253783226,1.999999776482582,True
47,freeze_pies,7.0,9435,11042,5,1,1,2,1,True,False,0.285714253783226,1.999999776482582,True
47,freeze_pies,7.0,9436,15993,7,1,1,2,0,True,False,0.14285710453987122,0.9999997317790985,True
47,freeze_pies,7.0,9437,13443,9,2,1,2,0,True,False,0.14285710453987122,0.9999997317790985,True
47,freeze_pies,7.0,9438,12437,7,1,1,2,0,True,False,0.14285710453987122,0.9999997317790985,True
47,freeze_pies,7.0,9439,16084,7,1,1,2,0,True,False,0.14285710453987122,0.9999997317790985,True
47,freeze_pies,7.0,9440,13178,6,2,1,2,2,True,False,0.285714253783226,1.999999776482582,True
47,freeze_pies,7.0,9441,13146,7,1,1,2,0,True,False,0.14285710453987122,0.9999997317790985,True
47,freeze_pies,7.0,9442,18595,5,1,1,2,1,True,False,0.285714253783226,1.999999776482582,True
47,freeze_pies,7.0,9443,12422,5,1,1,2,1,True,False,0.285714253783226,1.999999776482582,True
47,freeze_pies,7.0,9444,13379,5,1,1,2,1,True,False,0.285714253783226,1.999999776482582,True
47,freeze_pies,7.0,9445,17142,8,2,1,2,0,True,False,0.285714253783226,1.999999776482582,True
47,freeze_pies,7.0,9446,15093,5,1,1,2,1,True,False,0.285714253783226,1.999999776482582,True
48,canning_food,10.0,9600,16767,12,5,0,1,2,True,False,0.5999999940395355,5.999999940395355,True
48,canning_food,10.0,9601,31015,15,7,0,1,3,True,False,0.5999999940395355,5.999999940395355,True
48,canning_food,10.0,9602,15739,13,5,0,1,1,True,False,0.5999999940395355,5.999999940395355,True
48,canning_food,10.0,9603,17649,15,6,0,1,1,True,False,0.5999999940395355,5.999999940395355,True
48,canning_food,10.0,9604,17464,16,8,0,1,3,True,False,0.6999999955296516,6.999999955296516,True
48,canning_food,10.0,9605,29233,14,6,0,1,1,True,False,0.6999999955296516,6.999999955296516,False
48,canning_food,10.0,9606,22841,15,7,0,1,2,True,False,0.6999999955296516,6.999999955296516,True
48,canning_food,10.0,9607,16085,14,5,0,1,1,True,False,0.4999999925494194,4.999999925494194,True
48,canning_food,10.0,9608,18465,15,7,0,1,2,True,False,0.6999999955296516,6.999999955296516,True
48,canning_food,10.0,9609,38589,17,8,0,1,3,True,False,0.5999999940395355,5.999999940395355,True
48,canning_food,10.0,9610,30247,15,7,0,1,2,True,False,0.6999999955296516,6.999999955296516,True
48,canning_food,10.0,9611,33229,16,8,0,1,3,True,False,0.6999999955296516,6.999999955296516,True
48,canning_food,10.0,9612,19426,12,5,0,1,2,True,False,0.5999999940395355,5.999999940395355,True
48,canning_food,10.0,9613,21863,14,6,0,1,1,True,False,0.6999999955296516,6.999999955296516,True
48,canning_food,10.0,9614,31790,14,7,0,1,3,True,False,0.6999999955296516,6.999999955296516,True
48,canning_food,10.0,9615,17239,15,6,0,1,1,True,False,0.5999999940395355,5.999999940395355,True
48,canning_food,10.0,9616,33381,14,7,0,1,3,True,False,0.6999999955296516,6.999999955296516,True
48,canning_food,10.0,9617,16765,16,7,0,1,1,True,False,0.6999999955296516,6.999999955296516,True
48,canning_food,10.0,9618,34523,13,6,0,1,3,True,False,0.5999999940395355,5.999999940395355,True
48,canning_food,10.0,9619,16217,14,5,0,1,0,True,False,0.5999999940395355,5.999999940395355,True
48,canning_food,10.0,9620,31821,18,9,0,1,3,True,False,0.6999999955296516,6.999999955296516,True
48,canning_food,10.0,9621,20655,14,6,0,1,2,True,False,0.5999999940395355,5.999999940395355,True
48,canning_food,10.0,9622,34734,13,5,0,1,2,True,False,0.4999999925494194,4.999999925494194,True
48,canning_food,10.0,9623,15763,14,6,0,1,2,True,False,0.5999999940395355,5.999999940395355,True
48,canning_food,10.0,9624,16656,16,9,0,1,5,True,False,0.6999999955296516,6.999999955296516,True
48,canning_food,10.0,9625,26207,14,6,0,1,2,True,False,0.5999999940395355,5.999999940395355,True
48,canning_food,10.0,9626,18864,13,6,0,1,2,True,False,0.6999999955296516,6.999999955296516,False
48,canning_food,10.0,9627,31767,20,10,0,1,3,True,False,0.6999999955296516,6.999999955296516,False
48,canning_food,10.0,9628,16796,13,5,0,1,2,True,False,0.4999999925494194,4.999999925494194,True
48,canning_food,10.0,9629,33510,24,12,0,1,3,True,False,0.6999999955296516,6.999999955296516,True
48,canning_food,10.0,9630,34085,17,8,0,1,3,True,False,0.5999999940395355,5.999999940395355,True
48,canning_food,10.0,9631,21276,12,5,0,1,2,True,False,0.5999999940395355,5.999999940395355,True
48,canning_food,10.0,9632,24243,14,7,0,1,3,True,False,0.6999999955296516,6.999999955296516,True
48,canning_food,10.0,9633,18802,17,9,0,1,4,True,False,0.6999999955296516,6.999999955296516,True
48,canning_food,10.0,9634,32888,12,5,0,1,2,True,False,0.5999999940395355,5.999999940395355,True
48,canning_food,10.0,9635,28444,14,6,0,1,1,True,False,0.6999999955296516,6.999999955296516,True
48,canning_food,10.0,9636,18020,16,8,0,1,3,True,False,0.6999999955296516,6.999999955296516,True
48,canning_food,10.0,9637,17691,15,8,0,1,4,True,False,0.6999999955296516,6.999999955296516,True
48,canning_food,10.0,9638,19240,15,7,0,1,3,True,False,0.5999999940395355,5.999999940395355,True
48,canning_food,10.0,9639,23375,16,8,0,1,3,True,False,0.6999999955296516,6.999999955296516,True
48,canning_food,10.0,9640,28131,12,5,0,1,2,True,False,0.5999999940395355,5.999999940395355,True
48,canning_food,10.0,9641,26261,14,7,0,1,2,True,False,0.7999999970197678,7.999999970197678,False
48,canning_food,10.0,9642,25131,17,8,0,1,3,True,False,0.5999999940395355,5.999999940395355,True
49,make_pizza,2.0,9800,15663,2,0,0,1,0,True,False,0.0,0.0,True
49,make_pizza,2.0,9801,17813,2,0,0,1,0,True,False,0.0,0.0,True
49,make_pizza,2.0,9802,13594,2,0,0,1,0,True,False,0.0,0.0,True
49,make_pizza,2.0,9803,24532,2,0,0,1,0,True,False,0.0,0.0,True
49,make_pizza,2.0,9804,24805,2,0,0,1,0,True,False,0.0,0.0,True
49,make_pizza,2.0,9805,12611,2,0,0,1,0,True,False,0.0,0.0,True
49,make_pizza,2.0,9806,14727,2,0,0,1,0,True,False,0.0,0.0,True
49,make_pizza,2.0,9807,12708,2,0,0,1,0,True,False,0.0,0.0,True
49,make_pizza,2.0,9808,13447,2,0,0,1,0,True,False,0.0,0.0,True
49,make_pizza,2.0,9809,17246,2,0,0,1,0,True,False,0.0,0.0,True
49,make_pizza,2.0,9810,23190,2,0,0,1,0,True,False,0.0,0.0,True
49,make_pizza,2.0,9811,23710,2,0,0,1,0,True,False,0.0,0.0,True
49,make_pizza,2.0,9812,23437,2,0,0,1,0,True,False,0.0,0.0,True
49,make_pizza,2.0,9813,12058,2,0,0,1,0,True,False,0.0,0.0,True
49,make_pizza,2.0,9814,23551,2,0,0,1,0,True,False,0.0,0.0,True
49,make_pizza,2.0,9815,12010,2,0,0,1,0,True,False,0.0,0.0,True
49,make_pizza,2.0,9816,23960,2,0,0,1,0,True,False,0.0,0.0,True
49,make_pizza,2.0,9817,14965,2,0,0,1,0,True,False,0.0,0.0,True
49,make_pizza,2.0,9818,10867,2,0,0,1,0,True,False,0.0,0.0,True
49,make_pizza,2.0,9819,14528,2,0,0,1,0,True,False,0.0,0.0,True
49,make_pizza,2.0,9820,23323,2,0,0,1,0,True,False,0.0,0.0,True
49,make_pizza,2.0,9821,14038,2,0,0,1,0,True,False,0.0,0.0,True
49,make_pizza,2.0,9822,22976,2,0,0,1,0,True,False,0.0,0.0,True
49,make_pizza,2.0,9823,13182,2,0,0,1,0,True,False,0.0,0.0,True
49,make_pizza,2.0,9824,25754,3,1,1,2,1,True,False,0.0,0.0,True
49,make_pizza,2.0,9825,13295,2,0,0,1,0,True,False,0.0,0.0,True
49,make_pizza,2.0,9826,26408,2,0,0,1,0,True,False,0.0,0.0,True
49,make_pizza,2.0,9827,24378,2,0,0,1,0,True,False,0.0,0.0,True
49,make_pizza,2.0,9828,24485,2,0,0,1,0,True,False,0.0,0.0,True
49,make_pizza,2.0,9829,23892,2,0,0,1,0,True,False,0.0,0.0,True
49,make_pizza,2.0,9830,22920,2,0,0,1,0,True,False,0.0,0.0,True
49,make_pizza,2.0,9831,12600,2,0,0,1,0,True,False,0.0,0.0,True
49,make_pizza,2.0,9832,23391,2,0,0,1,0,True,False,0.0,0.0,True
49,make_pizza,2.0,9833,24737,2,0,0,1,0,True,False,0.0,0.0,True
49,make_pizza,2.0,9834,22950,2,0,0,1,0,True,False,0.0,0.0,True
49,make_pizza,2.0,9835,12554,2,0,0,1,0,True,False,0.0,0.0,True
49,make_pizza,2.0,9836,13476,2,0,0,1,0,True,False,0.0,0.0,True
49,make_pizza,2.0,9837,12296,2,0,0,1,0,True,False,0.0,0.0,True
49,make_pizza,2.0,9838,22876,4,1,0,1,0,True,False,0.0,0.0,True
49,make_pizza,2.0,9839,25221,2,0,0,1,0,True,False,0.0,0.0,True
49,make_pizza,2.0,9840,25947,7,3,1,2,1,True,False,0.0,0.0,True
49,make_pizza,2.0,9841,14152,2,0,0,1,0,True,False,0.0,0.0,True
49,make_pizza,2.0,9842,24496,2,0,0,1,0,True,False,0.0,0.0,True
49,make_pizza,2.0,9843,23955,2,0,0,1,0,True,False,0.0,0.0,True
49,make_pizza,2.0,9844,12478,2,0,0,1,0,True,False,0.0,0.0,True
49,make_pizza,2.0,9845,11843,2,0,0,1,0,True,False,0.0,0.0,True
49,make_pizza,2.0,9846,24229,4,1,0,1,0,True,False,0.0,0.0,True
49,make_pizza,2.0,9847,13079,2,0,0,1,0,True,False,0.0,0.0,True
49,make_pizza,2.0,9848,21946,3,1,1,2,1,True,False,0.0,0.0,True
49,make_pizza,2.0,9849,25088,2,0,0,1,0,True,False,0.0,0.0,True
49,make_pizza,2.0,9850,26054,2,0,0,1,0,True,False,0.0,0.0,True
49,make_pizza,2.0,9851,12565,2,0,0,1,0,True,False,0.0,0.0,True
49,make_pizza,2.0,9852,12794,2,0,0,1,0,True,False,0.0,0.0,True
49,make_pizza,2.0,9853,26576,2,0,0,1,0,True,False,0.0,0.0,True
49,make_pizza,2.0,9854,24968,2,0,0,1,0,True,False,0.0,0.0,True
49,make_pizza,2.0,9855,24834,5,2,1,2,1,True,False,0.0,0.0,True
49,make_pizza,2.0,9856,12516,2,0,0,1,0,True,False,0.0,0.0,True
49,make_pizza,2.0,9857,24324,2,0,0,1,0,True,False,0.0,0.0,True
49,make_pizza,2.0,9858,24828,2,0,0,1,0,True,False,0.0,0.0,True
49,make_pizza,2.0,9859,12849,2,0,0,1,0,True,False,0.0,0.0,True
49,make_pizza,2.0,9860,22779,2,0,0,1,0,True,False,0.0,0.0,True
49,make_pizza,2.0,9861,13623,2,0,0,1,0,True,False,0.0,0.0,True
49,make_pizza,2.0,9862,24536,2,0,0,1,0,True,False,0.0,0.0,True
49,make_pizza,2.0,9863,11507,2,0,0,1,0,True,False,0.0,0.0,True
49,make_pizza,2.0,9864,26014,6,2,0,1,0,True,False,0.0,0.0,True
49,make_pizza,2.0,9865,13459,2,0,0,1,0,True,False,0.0,0.0,True
49,make_pizza,2.0,9866,23391,2,0,0,1,0,True,False,0.0,0.0,True
49,make_pizza,2.0,9867,12476,4,1,0,1,0,True,False,0.0,0.0,True
49,make_pizza,2.0,9868,14191,3,1,1,2,1,True,False,0.0,0.0,True
49,make_pizza,2.0,9869,15168,2,0,0,1,0,True,False,0.0,0.0,True
49,make_pizza,2.0,9870,15427,2,0,0,1,0,True,False,0.0,0.0,True
49,make_pizza,2.0,9871,15044,2,0,0,1,0,True,False,0.0,0.0,True
49,make_pizza,2.0,9872,15157,2,0,0,1,0,True,False,0.0,0.0,True
49,make_pizza,2.0,9873,14904,2,0,0,1,0,True,False,0.0,0.0,True
49,make_pizza,2.0,9874,15620,2,0,0,1,0,True,False,0.0,0.0,True
49,make_pizza,2.0,9875,14851,2,0,0,1,0,True,False,0.0,0.0,True
49,make_pizza,2.0,9876,15085,2,0,0,1,0,True,False,0.0,0.0,True
49,make_pizza,2.0,9877,23039,2,0,0,1,0,True,False,0.0,0.0,True
49,make_pizza,2.0,9878,14528,2,0,0,1,0,True,False,0.0,0.0,True
49,make_pizza,2.0,9879,27860,3,1,1,2,1,True,False,0.0,0.0,True
49,make_pizza,2.0,9880,23784,2,0,0,1,0,True,False,0.0,0.0,True
49,make_pizza,2.0,9881,25133,2,0,0,1,0,True,False,0.0,0.0,True
49,make_pizza,2.0,9882,24094,2,0,0,1,0,True,False,0.0,0.0,True
49,make_pizza,2.0,9883,22797,2,0,0,1,0,True,False,0.0,0.0,True
49,make_pizza,2.0,9884,13135,2,0,0,1,0,True,False,0.0,0.0,True
49,make_pizza,2.0,9885,12238,2,0,0,1,0,True,False,0.0,0.0,True
49,make_pizza,2.0,9886,23421,2,0,0,1,0,True,False,0.0,0.0,True
49,make_pizza,2.0,9887,12622,2,0,0,1,0,True,False,0.0,0.0,True
49,make_pizza,2.0,9888,16523,2,0,0,1,0,True,False,0.0,0.0,True
49,make_pizza,2.0,9889,12883,2,0,0,1,0,True,False,0.0,0.0,True
49,make_pizza,2.0,9890,13834,2,0,0,1,0,True,False,0.0,0.0,True
49,make_pizza,2.0,9891,14880,2,0,0,1,0,True,False,0.0,0.0,True
49,make_pizza,2.0,9892,14080,2,0,0,1,0,True,False,0.0,0.0,True
49,make_pizza,2.0,9893,13321,2,0,0,1,0,True,False,0.0,0.0,True
49,make_pizza,2.0,9894,13696,2,0,0,1,0,True,False,0.0,0.0,True
49,make_pizza,2.0,9895,17100,2,0,0,1,0,True,False,0.0,0.0,True
49,make_pizza,2.0,9896,14464,2,0,0,1,0,True,False,0.0,0.0,True
49,make_pizza,2.0,9897,13175,2,0,0,1,0,True,False,0.0,0.0,True
49,make_pizza,2.0,9898,13442,2,0,0,1,0,True,False,0.0,0.0,True
49,make_pizza,2.0,9899,13855,2,0,0,1,0,True,False,0.0,0.0,True
49,make_pizza,2.0,9900,14207,2,0,0,1,0,True,False,0.0,0.0,True
49,make_pizza,2.0,9901,14548,2,0,0,1,0,True,False,0.0,0.0,True
49,make_pizza,2.0,9902,14998,2,0,0,1,0,True,False,0.0,0.0,True
49,make_pizza,2.0,9903,14173,2,0,0,1,0,True,False,0.0,0.0,True
49,make_pizza,2.0,9904,14150,2,0,0,1,0,True,False,0.0,0.0,True
49,make_pizza,2.0,9905,16684,2,0,0,1,0,True,False,0.0,0.0,True
49,make_pizza,2.0,9906,12229,2,0,0,1,0,True,False,0.0,0.0,True
49,make_pizza,2.0,9907,13253,2,0,0,1,0,True,False,0.0,0.0,True
49,make_pizza,2.0,9908,16418,2,0,0,1,0,True,False,0.0,0.0,True
49,make_pizza,2.0,9909,15548,2,0,0,1,0,True,False,0.0,0.0,True
49,make_pizza,2.0,9910,12932,2,0,0,1,0,True,False,0.0,0.0,True
49,make_pizza,2.0,9911,13628,2,0,0,1,0,True,False,0.0,0.0,True
49,make_pizza,2.0,9912,13391,2,0,0,1,0,True,False,0.0,0.0,True
49,make_pizza,2.0,9913,12531,2,0,0,1,0,True,False,0.0,0.0,True
49,make_pizza,2.0,9914,21016,2,0,0,1,0,True,False,0.0,0.0,True
49,make_pizza,2.0,9915,11625,2,0,0,1,0,True,False,0.0,0.0,True
49,make_pizza,2.0,9916,21473,3,1,1,2,1,True,False,0.0,0.0,True
49,make_pizza,2.0,9917,12372,2,0,0,1,0,True,False,0.0,0.0,True
49,make_pizza,2.0,9918,13539,2,0,0,1,0,True,False,0.0,0.0,True
49,make_pizza,2.0,9919,22320,3,1,1,2,1,True,False,0.0,0.0,True
49,make_pizza,2.0,9920,13454,2,0,0,1,0,True,False,0.0,0.0,True
49,make_pizza,2.0,9921,14125,2,0,0,1,0,True,False,0.0,0.0,True
49,make_pizza,2.0,9922,17573,2,0,0,1,0,True,False,0.0,0.0,True
49,make_pizza,2.0,9923,22636,4,1,0,1,0,True,False,0.0,0.0,True
49,make_pizza,2.0,9924,16149,2,0,0,1,0,True,False,0.0,0.0,True
49,make_pizza,2.0,9925,22131,2,0,0,1,0,True,False,0.0,0.0,True
49,make_pizza,2.0,9926,22178,2,0,0,1,0,True,False,0.0,0.0,True
49,make_pizza,2.0,9927,22376,2,0,0,1,0,True,False,0.0,0.0,True
49,make_pizza,2.0,9928,11936,2,0,0,1,0,True,False,0.0,0.0,True
49,make_pizza,2.0,9929,11871,2,0,0,1,0,True,False,0.0,0.0,True
49,make_pizza,2.0,9930,21446,2,0,0,1,0,True,False,0.0,0.0,True
49,make_pizza,2.0,9931,22935,2,0,0,1,0,True,False,0.0,0.0,True
49,make_pizza,2.0,9932,21067,2,0,0,1,0,True,False,0.0,0.0,True
49,make_pizza,2.0,9933,22917,2,0,0,1,0,True,False,0.0,0.0,True
50,freeze_fruit,4.0,10000,10149,6,2,0,1,0,True,False,0.5,2.0,True
50,freeze_fruit,4.0,10001,14929,5,1,0,1,0,True,False,0.25,1.0,True
50,freeze_fruit,4.0,10002,12502,7,2,0,1,0,True,False,0.25,1.0,False
50,freeze_fruit,4.0,10003,13960,7,1,0,1,0,True,False,-0.25,-1.0,False
50,freeze_fruit,4.0,10004,11449,6,1,0,1,0,True,False,0.0,0.0,True
50,freeze_fruit,4.0,10005,13463,6,2,0,1,1,True,False,0.25,1.0,True
50,freeze_fruit,4.0,10006,11489,5,1,0,1,0,True,False,0.25,1.0,True
50,freeze_fruit,4.0,10007,9346,5,1,0,1,0,True,False,0.25,1.0,True
50,freeze_fruit,4.0,10008,11704,5,1,0,1,0,True,False,0.25,1.0,True
50,freeze_fruit,4.0,10009,12522,9,3,0,1,0,True,False,0.25,1.0,False
50,freeze_fruit,4.0,10010,11822,8,3,0,1,1,True,False,0.25,1.0,True
50,freeze_fruit,4.0,10011,11853,5,1,0,1,0,True,False,0.25,1.0,True
50,freeze_fruit,4.0,10012,11949,5,1,0,1,0,True,False,0.25,1.0,True
50,freeze_fruit,4.0,10013,12390,5,1,0,1,0,True,False,0.25,1.0,True
50,freeze_fruit,4.0,10014,14351,8,2,0,1,0,True,False,0.0,0.0,True
50,freeze_fruit,4.0,10015,9091,6,1,0,1,0,True,False,0.0,0.0,True
50,freeze_fruit,4.0,10016,12220,10,4,0,1,1,True,False,0.25,1.0,False
50,freeze_fruit,4.0,10017,12885,6,1,0,1,0,True,False,0.0,0.0,True
50,freeze_fruit,4.0,10018,12572,8,3,0,1,0,True,False,0.5,2.0,True
50,freeze_fruit,4.0,10019,13166,13,6,0,1,1,True,False,0.5,2.0,False
50,freeze_fruit,4.0,10020,12613,7,2,0,1,0,True,False,0.25,1.0,False
50,freeze_fruit,4.0,10021,12872,6,2,0,1,0,True,False,0.5,2.0,False
50,freeze_fruit,4.0,10022,11711,5,1,0,1,0,True,False,0.25,1.0,True
50,freeze_fruit,4.0,10023,11844,8,3,0,1,1,True,False,0.25,1.0,True
50,freeze_fruit,4.0,10024,10746,5,1,0,1,0,True,False,0.25,1.0,True
50,freeze_fruit,4.0,10025,15576,8,3,0,1,1,True,False,0.25,1.0,True
50,freeze_fruit,4.0,10026,11473,7,3,0,1,1,True,False,0.5,2.0,True
50,freeze_fruit,4.0,10027,12056,7,2,0,1,1,True,False,0.0,0.0,True
50,freeze_fruit,4.0,10028,11948,5,1,0,1,0,True,False,0.25,1.0,True
50,freeze_fruit,4.0,10029,12146,9,3,0,1,0,True,False,0.25,1.0,False
50,freeze_fruit,4.0,10030,10379,6,1,1,2,0,True,False,-0.25,-1.0,False
50,freeze_fruit,4.0,10031,10570,5,1,0,1,0,True,False,0.25,1.0,True
50,freeze_fruit,4.0,10032,11664,5,1,0,1,0,True,False,0.25,1.0,True
50,freeze_fruit,4.0,10033,10273,6,2,0,1,0,True,False,0.5,2.0,True
50,freeze_fruit,4.0,10034,14570,10,3,0,1,0,True,False,0.0,0.0,True
50,freeze_fruit,4.0,10035,10022,8,2,0,1,0,True,False,0.0,0.0,True
50,freeze_fruit,4.0,10036,15228,6,2,0,1,0,True,False,0.5,2.0,False
50,freeze_fruit,4.0,10037,11196,8,2,0,1,0,True,False,0.0,0.0,True
50,freeze_fruit,4.0,10038,11182,5,1,0,1,0,True,False,0.25,1.0,True
50,freeze_fruit,4.0,10039,11432,6,2,0,1,0,True,False,0.5,2.0,True
50,freeze_fruit,4.0,10040,11741,6,2,0,1,0,True,False,0.5,2.0,False
50,freeze_fruit,4.0,10041,16290,8,2,1,2,0,True,False,-0.25,-1.0,False
50,freeze_fruit,4.0,10042,14762,5,1,0,1,0,True,False,0.25,1.0,True
50,freeze_fruit,4.0,10043,12814,7,3,0,1,0,True,False,0.75,3.0,False
50,freeze_fruit,4.0,10044,9732,5,1,0,1,0,True,False,0.25,1.0,True
50,freeze_fruit,4.0,10045,17605,7,2,0,1,0,True,False,0.25,1.0,True
50,freeze_fruit,4.0,10046,17220,8,2,0,1,0,True,False,0.0,0.0,True
50,freeze_fruit,4.0,10047,11025,5,1,0,1,0,True,False,0.25,1.0,True
50,freeze_fruit,4.0,10048,11720,6,2,0,1,0,True,False,0.5,2.0,True
50,freeze_fruit,4.0,10049,13804,7,2,0,1,0,True,False,0.25,1.0,True
50,freeze_fruit,4.0,10050,13337,9,4,0,1,1,True,False,0.5,2.0,True
50,freeze_fruit,4.0,10051,10198,6,2,0,1,0,True,False,0.5,2.0,False
50,freeze_fruit,4.0,10052,10117,7,3,0,1,1,True,False,0.5,2.0,True
50,freeze_fruit,4.0,10053,14131,5,1,0,1,0,True,False,0.25,1.0,True
50,freeze_fruit,4.0,10054,16311,9,4,0,1,1,True,False,0.5,2.0,False
50,freeze_fruit,4.0,10055,13398,5,1,0,1,0,True,False,0.25,1.0,True
51,cook_a_brisket,3.0,10200,7524,13,6,0,1,1,True,False,0.3333333134651184,0.9999999403953552,True
51,cook_a_brisket,3.0,10201,8175,5,2,0,1,1,True,False,0.3333333134651184,0.9999999403953552,True
51,cook_a_brisket,3.0,10202,5422,4,1,0,1,1,True,False,0.0,0.0,True
51,cook_a_brisket,3.0,10203,6005,4,1,0,1,1,True,False,0.0,0.0,True
51,cook_a_brisket,3.0,10204,8418,5,2,0,1,2,True,False,0.0,0.0,True
51,cook_a_brisket,3.0,10205,6751,6,3,0,1,2,True,False,0.3333333134651184,0.9999999403953552,True
51,cook_a_brisket,3.0,10206,6219,6,2,0,1,1,True,False,0.0,0.0,True
51,cook_a_brisket,3.0,10207,8205,7,4,0,1,3,True,False,0.3333333134651184,0.9999999403953552,True
51,cook_a_brisket,3.0,10208,6668,8,3,0,1,0,True,False,0.3333333134651184,0.9999999403953552,False
51,cook_a_brisket,3.0,10209,10542,7,3,0,1,2,True,False,0.0,0.0,True
51,cook_a_brisket,3.0,10210,4975,4,1,0,1,1,True,False,0.0,0.0,True
51,cook_a_brisket,3.0,10211,6238,9,4,0,1,2,True,False,0.0,0.0,True
51,cook_a_brisket,3.0,10212,6607,4,1,0,1,1,True,False,0.0,0.0,True
51,cook_a_brisket,3.0,10213,6765,6,3,0,1,2,True,False,0.3333333134651184,0.9999999403953552,True
51,cook_a_brisket,3.0,10214,6440,5,2,0,1,1,True,False,0.3333333134651184,0.9999999403953552,True
51,cook_a_brisket,3.0,10215,5673,5,2,0,1,1,True,False,0.3333333134651184,0.9999999403953552,True
51,cook_a_brisket,3.0,10216,8464,7,3,0,1,2,True,False,0.0,0.0,True
51,cook_a_brisket,3.0,10217,9387,7,3,0,1,1,True,False,0.3333333134651184,0.9999999403953552,True
51,cook_a_brisket,3.0,10218,7452,4,1,0,1,1,True,False,0.0,0.0,True
51,cook_a_brisket,3.0,10219,9570,5,2,0,1,2,True,False,0.0,0.0,True
51,cook_a_brisket,3.0,10220,4837,6,3,0,1,2,True,False,0.3333333134651184,0.9999999403953552,False
51,cook_a_brisket,3.0,10221,6015,6,2,0,1,1,True,False,0.0,0.0,True
51,cook_a_brisket,3.0,10222,6547,5,2,0,1,1,True,False,0.3333333134651184,0.9999999403953552,True
51,cook_a_brisket,3.0,10223,10356,11,6,0,1,2,True,False,0.6666666567325592,1.9999999701976776,False
51,cook_a_brisket,3.0,10224,8771,4,1,0,1,1,True,False,0.0,0.0,True
51,cook_a_brisket,3.0,10225,7794,6,3,0,1,1,True,False,0.6666666567325592,1.9999999701976776,False
51,cook_a_brisket,3.0,10226,8851,4,1,0,1,1,True,False,0.0,0.0,True
51,cook_a_brisket,3.0,10227,9741,10,4,0,1,1,True,False,0.0,0.0,True
51,cook_a_brisket,3.0,10228,8279,4,1,0,1,1,True,False,0.0,0.0,True
51,cook_a_brisket,3.0,10229,7136,5,2,0,1,1,True,False,0.3333333134651184,0.9999999403953552,False
51,cook_a_brisket,3.0,10230,5984,4,1,0,1,1,True,False,0.0,0.0,True
51,cook_a_brisket,3.0,10231,6283,4,1,0,1,1,True,False,0.0,0.0,True
51,cook_a_brisket,3.0,10232,5446,7,3,0,1,1,True,False,0.3333333134651184,0.9999999403953552,False
51,cook_a_brisket,3.0,10233,7803,5,2,0,1,1,True,False,0.3333333134651184,0.9999999403953552,True
51,cook_a_brisket,3.0,10234,9676,4,1,0,1,1,True,False,0.0,0.0,True
51,cook_a_brisket,3.0,10235,8575,4,1,0,1,1,True,False,0.0,0.0,True
51,cook_a_brisket,3.0,10236,5817,4,1,0,1,1,True,False,0.0,0.0,True
51,cook_a_brisket,3.0,10237,9007,6,2,0,1,1,True,False,0.0,0.0,True
51,cook_a_brisket,3.0,10238,6220,8,3,0,1,1,True,False,0.0,0.0,True
51,cook_a_brisket,3.0,10239,6147,8,3,0,1,1,True,False,0.0,0.0,True
51,cook_a_brisket,3.0,10240,7814,8,3,0,1,1,True,False,0.0,0.0,True
51,cook_a_brisket,3.0,10241,8586,4,1,0,1,1,True,False,0.0,0.0,True
51,cook_a_brisket,3.0,10242,7122,8,4,0,1,2,True,False,0.3333333134651184,0.9999999403953552,True
51,cook_a_brisket,3.0,10243,8075,11,5,1,2,2,True,False,0.0,0.0,True
51,cook_a_brisket,3.0,10244,5176,6,3,0,1,2,True,False,0.3333333134651184,0.9999999403953552,False
51,cook_a_brisket,3.0,10245,6227,7,4,0,1,2,True,False,0.6666666567325592,1.9999999701976776,False
51,cook_a_brisket,3.0,10246,5373,5,2,0,1,1,True,False,0.3333333134651184,0.9999999403953552,True
51,cook_a_brisket,3.0,10247,4666,4,1,0,1,1,True,False,0.0,0.0,True
51,cook_a_brisket,3.0,10248,7391,4,1,0,1,1,True,False,0.0,0.0,True
51,cook_a_brisket,3.0,10249,6131,9,3,0,1,0,True,False,0.0,0.0,True
51,cook_a_brisket,3.0,10250,6338,5,2,0,1,1,True,False,0.3333333134651184,0.9999999403953552,True
51,cook_a_brisket,3.0,10251,6538,5,2,0,1,1,True,False,0.3333333134651184,0.9999999403953552,True
51,cook_a_brisket,3.0,10252,7273,4,1,0,1,1,True,False,0.0,0.0,True
51,cook_a_brisket,3.0,10253,7883,8,4,0,1,2,True,False,0.3333333134651184,0.9999999403953552,True
51,cook_a_brisket,3.0,10254,8069,4,1,0,1,1,True,False,0.0,0.0,True
51,cook_a_brisket,3.0,10255,8171,4,1,0,1,1,True,False,0.0,0.0,True
51,cook_a_brisket,3.0,10256,5185,4,1,0,1,1,True,False,0.0,0.0,True
51,cook_a_brisket,3.0,10257,6282,5,2,0,1,1,True,False,0.3333333134651184,0.9999999403953552,False
51,cook_a_brisket,3.0,10258,5380,8,5,0,1,3,True,False,0.6666666567325592,1.9999999701976776,False
51,cook_a_brisket,3.0,10259,9442,4,1,0,1,1,True,False,0.0,0.0,True
51,cook_a_brisket,3.0,10260,7849,11,5,0,1,1,True,False,0.3333333134651184,0.9999999403953552,False
51,cook_a_brisket,3.0,10261,5237,5,2,0,1,1,True,False,0.3333333134651184,0.9999999403953552,True
51,cook_a_brisket,3.0,10262,8855,9,4,0,1,2,True,False,0.0,0.0,True
51,cook_a_brisket,3.0,10263,9758,4,1,0,1,1,True,False,0.0,0.0,True
51,cook_a_brisket,3.0,10264,6088,4,1,0,1,1,True,False,0.0,0.0,True
51,cook_a_brisket,3.0,10265,4967,4,1,0,1,1,True,False,0.0,0.0,True
52,sorting_bottles_cans_and_paper,3.0,10400,9353,3,0,0,1,0,True,False,0.0,0.0,True
52,sorting_bottles_cans_and_paper,3.0,10401,8196,4,1,0,1,0,True,False,0.3333333134651184,0.9999999403953552,False
52,sorting_bottles_cans_and_paper,3.0,10402,9756,3,0,0,1,0,True,False,0.0,0.0,True
52,sorting_bottles_cans_and_paper,3.0,10403,10201,3,0,0,1,0,True,False,0.0,0.0,True
52,sorting_bottles_cans_and_paper,3.0,10404,9994,3,0,0,1,0,True,False,0.0,0.0,True
52,sorting_bottles_cans_and_paper,3.0,10405,11613,3,0,0,1,0,True,False,0.0,0.0,True
52,sorting_bottles_cans_and_paper,3.0,10406,14605,4,1,0,1,0,True,False,0.3333333134651184,0.9999999403953552,True
52,sorting_bottles_cans_and_paper,3.0,10407,6949,3,0,0,1,0,True,False,0.0,0.0,True
52,sorting_bottles_cans_and_paper,3.0,10408,10420,3,0,0,1,0,True,False,0.0,0.0,True
52,sorting_bottles_cans_and_paper,3.0,10409,10071,3,0,0,1,0,True,False,0.0,0.0,True
52,sorting_bottles_cans_and_paper,3.0,10410,11074,3,0,0,1,0,True,False,0.0,0.0,True
52,sorting_bottles_cans_and_paper,3.0,10411,11167,3,0,0,1,0,True,False,0.0,0.0,True
52,sorting_bottles_cans_and_paper,3.0,10412,10231,3,0,0,1,0,True,False,0.0,0.0,True
52,sorting_bottles_cans_and_paper,3.0,10413,10717,3,0,0,1,0,True,False,0.0,0.0,True
52,sorting_bottles_cans_and_paper,3.0,10414,10961,3,0,0,1,0,True,False,0.0,0.0,True
52,sorting_bottles_cans_and_paper,3.0,10415,8116,3,0,0,1,0,True,False,0.0,0.0,True
52,sorting_bottles_cans_and_paper,3.0,10416,10137,3,0,0,1,0,True,False,0.0,0.0,True
52,sorting_bottles_cans_and_paper,3.0,10417,12015,3,0,0,1,0,True,False,0.0,0.0,True
52,sorting_bottles_cans_and_paper,3.0,10418,7605,3,0,0,1,0,True,False,0.0,0.0,True
52,sorting_bottles_cans_and_paper,3.0,10419,9025,3,0,0,1,0,True,False,0.0,0.0,True
52,sorting_bottles_cans_and_paper,3.0,10420,9388,3,0,0,1,0,True,False,0.0,0.0,True
52,sorting_bottles_cans_and_paper,3.0,10421,11062,4,1,0,1,0,True,False,0.3333333134651184,0.9999999403953552,False
52,sorting_bottles_cans_and_paper,3.0,10422,11487,3,0,0,1,0,True,False,0.0,0.0,True
52,sorting_bottles_cans_and_paper,3.0,10423,13161,3,0,0,1,0,True,False,0.0,0.0,True
52,sorting_bottles_cans_and_paper,3.0,10424,11409,3,0,0,1,0,True,False,0.0,0.0,True
52,sorting_bottles_cans_and_paper,3.0,10425,8800,3,0,0,1,0,True,False,0.0,0.0,True
52,sorting_bottles_cans_and_paper,3.0,10426,12675,3,0,0,1,0,True,False,0.0,0.0,True
52,sorting_bottles_cans_and_paper,3.0,10427,11032,3,0,0,1,0,True,False,0.0,0.0,True
52,sorting_bottles_cans_and_paper,3.0,10428,8424,4,1,0,1,0,True,False,0.3333333134651184,0.9999999403953552,False
52,sorting_bottles_cans_and_paper,3.0,10429,10000,3,0,0,1,0,True,False,0.0,0.0,True
52,sorting_bottles_cans_and_paper,3.0,10430,10388,3,0,0,1,0,True,False,0.0,0.0,True
52,sorting_bottles_cans_and_paper,3.0,10431,10166,3,0,0,1,0,True,False,0.0,0.0,True
52,sorting_bottles_cans_and_paper,3.0,10432,7567,3,0,0,1,0,True,False,0.0,0.0,True
52,sorting_bottles_cans_and_paper,3.0,10433,10065,3,0,0,1,0,True,False,0.0,0.0,True
52,sorting_bottles_cans_and_paper,3.0,10434,10511,3,0,0,1,0,True,False,0.0,0.0,True
52,sorting_bottles_cans_and_paper,3.0,10435,10909,4,1,0,1,0,True,False,0.3333333134651184,0.9999999403953552,False
52,sorting_bottles_cans_and_paper,3.0,10436,9211,3,0,0,1,0,True,False,0.0,0.0,True
52,sorting_bottles_cans_and_paper,3.0,10437,6761,4,1,0,1,0,True,False,0.3333333134651184,0.9999999403953552,True
52,sorting_bottles_cans_and_paper,3.0,10438,12114,3,0,0,1,0,True,False,0.0,0.0,True
52,sorting_bottles_cans_and_paper,3.0,10439,10751,3,0,0,1,0,True,False,0.0,0.0,True
52,sorting_bottles_cans_and_paper,3.0,10440,9012,3,0,0,1,0,True,False,0.0,0.0,True
52,sorting_bottles_cans_and_paper,3.0,10441,10508,6,2,0,1,0,True,False,0.3333333134651184,0.9999999403953552,True
52,sorting_bottles_cans_and_paper,3.0,10442,9388,3,0,0,1,0,True,False,0.0,0.0,True
52,sorting_bottles_cans_and_paper,3.0,10443,9707,3,0,0,1,0,True,False,0.0,0.0,True
52,sorting_bottles_cans_and_paper,3.0,10444,8732,7,2,0,1,0,True,False,0.0,0.0,True
52,sorting_bottles_cans_and_paper,3.0,10445,9050,3,0,0,1,0,True,False,0.0,0.0,True
53,tidying_living_room,4.0,10600,9475,9,4,0,1,0,True,False,0.75,3.0,False
53,tidying_living_room,4.0,10601,19418,15,6,4,2,2,True,False,-0.5,-2.0,False
53,tidying_living_room,4.0,10602,10544,5,1,0,1,0,True,False,0.25,1.0,False
53,tidying_living_room,4.0,10603,16031,17,7,2,2,0,True,False,0.25,1.0,True
53,tidying_living_room,4.0,10604,15343,12,6,1,2,2,True,False,0.5,2.0,False
53,tidying_living_room,4.0,10605,10671,10,4,1,2,0,True,False,0.75,3.0,False
53,tidying_living_room,4.0,10606,9219,9,5,2,2,3,True,False,0.5,2.0,False
53,tidying_living_room,4.0,10607,14184,8,2,0,1,0,True,False,0.0,0.0,True
53,tidying_living_room,4.0,10608,12074,14,6,4,2,0,True,False,0.5,2.0,False
53,tidying_living_room,4.0,10609,11560,5,1,1,2,0,True,False,0.5,2.0,False
53,tidying_living_room,4.0,10610,16790,7,2,1,2,0,True,False,0.5,2.0,False
53,tidying_living_room,4.0,10611,15529,13,7,2,2,2,True,False,0.5,2.0,False
53,tidying_living_room,4.0,10612,15363,10,4,5,2,1,True,False,0.25,1.0,True
53,tidying_living_room,4.0,10613,15060,8,2,2,2,0,True,False,0.0,0.0,True
53,tidying_living_room,4.0,10614,9491,7,1,3,2,0,True,False,-0.5,-2.0,False
53,tidying_living_room,4.0,10615,15024,9,4,1,2,1,True,False,0.75,3.0,False
53,tidying_living_room,4.0,10616,11786,19,8,1,2,1,True,False,-0.25,-1.0,False
53,tidying_living_room,4.0,10617,14484,14,7,2,2,2,True,False,0.25,1.0,False
53,tidying_living_room,4.0,10618,9328,13,6,1,2,1,True,False,0.5,2.0,False
53,tidying_living_room,4.0,10619,10505,5,1,0,1,0,True,False,0.25,1.0,False
53,tidying_living_room,4.0,10620,9979,7,3,1,2,2,True,False,0.25,1.0,True
53,tidying_living_room,4.0,10621,14546,11,4,4,2,1,True,False,0.0,0.0,True
53,tidying_living_room,4.0,10622,12041,9,4,0,1,1,True,False,0.5,2.0,True
53,tidying_living_room,4.0,10623,14842,8,3,3,2,0,True,False,0.25,1.0,True
53,tidying_living_room,4.0,10624,9715,11,4,1,2,1,True,False,0.0,0.0,True
53,tidying_living_room,4.0,10625,10610,9,3,3,2,0,True,False,0.5,2.0,False
53,tidying_living_room,4.0,10626,18746,9,2,3,2,0,True,False,-0.5,-2.0,False
53,tidying_living_room,4.0,10627,15748,9,3,3,2,1,True,False,0.0,0.0,True
53,tidying_living_room,4.0,10628,8233,8,4,0,1,1,True,False,0.75,3.0,False
53,tidying_living_room,4.0,10629,8632,8,2,1,2,0,True,False,0.25,1.0,True
53,tidying_living_room,4.0,10630,11525,7,0,1,2,0,True,False,-1.0,-4.0,False
53,tidying_living_room,4.0,10631,14591,10,4,1,2,1,True,False,0.25,1.0,False
53,tidying_living_room,4.0,10632,12076,13,5,0,1,0,True,False,0.25,1.0,False
53,tidying_living_room,4.0,10633,9476,6,2,0,1,1,True,False,0.25,1.0,True
53,tidying_living_room,4.0,10634,9556,11,3,2,2,0,True,False,-0.75,-3.0,False
53,tidying_living_room,4.0,10635,9054,8,2,1,2,0,True,False,0.25,1.0,False
53,tidying_living_room,4.0,10636,9178,9,4,0,1,1,True,False,0.5,2.0,False
53,tidying_living_room,4.0,10637,12395,8,2,2,2,0,True,False,0.0,0.0,True
53,tidying_living_room,4.0,10638,15544,11,4,1,2,0,True,False,0.5,2.0,False
53,tidying_living_room,4.0,10639,10288,6,2,1,2,0,True,False,0.75,3.0,False
53,tidying_living_room,4.0,10640,11185,18,8,7,2,0,True,False,0.25,1.0,False
53,tidying_living_room,4.0,10641,13499,14,6,2,2,3,True,False,0.0,0.0,True
53,tidying_living_room,4.0,10642,9403,10,2,4,2,0,True,False,-0.5,-2.0,False
53,tidying_living_room,4.0,10643,16312,9,3,1,2,0,True,False,0.5,2.0,False
53,tidying_living_room,4.0,10644,10880,11,3,5,2,1,True,False,-0.5,-2.0,False
53,tidying_living_room,4.0,10645,10990,14,5,3,2,1,True,False,-0.25,-1.0,False
53,tidying_living_room,4.0,10646,14247,9,3,4,2,0,True,False,0.25,1.0,True
53,tidying_living_room,4.0,10647,17343,11,5,1,2,1,True,False,0.5,2.0,True
53,tidying_living_room,4.0,10648,15538,10,4,2,2,1,True,False,0.0,0.0,True
53,tidying_living_room,4.0,10649,9326,6,1,0,1,0,True,False,0.0,0.0,True
53,tidying_living_room,4.0,10650,8396,6,2,0,1,1,True,False,0.25,1.0,False
53,tidying_living_room,4.0,10651,12344,5,1,0,1,0,True,False,0.25,1.0,True
53,tidying_living_room,4.0,10652,14755,13,6,0,1,3,True,False,0.0,0.0,True
53,tidying_living_room,4.0,10653,8912,8,2,2,2,0,True,False,0.0,0.0,False
53,tidying_living_room,4.0,10654,13511,7,2,0,1,0,True,False,0.25,1.0,True
53,tidying_living_room,4.0,10655,7861,4,0,0,1,0,True,False,0.0,0.0,True
54,putting_away_toys,1.0,10800,13136,1,0,0,1,0,True,False,0.0,0.0,True
54,putting_away_toys,1.0,10801,10427,1,0,0,1,0,True,False,0.0,0.0,True
54,putting_away_toys,1.0,10802,9361,1,0,0,1,0,True,False,0.0,0.0,True
54,putting_away_toys,1.0,10803,8414,2,1,0,1,1,True,False,0.0,0.0,True
54,putting_away_toys,1.0,10804,11757,1,0,0,1,0,True,False,0.0,0.0,True
54,putting_away_toys,1.0,10805,8320,1,0,0,1,0,True,False,0.0,0.0,True
54,putting_away_toys,1.0,10806,12403,1,0,0,1,0,True,False,0.0,0.0,True
54,putting_away_toys,1.0,10807,9573,1,0,0,1,0,True,False,0.0,0.0,True
54,putting_away_toys,1.0,10808,13579,1,0,0,1,0,True,False,0.0,0.0,True
54,putting_away_toys,1.0,10809,12553,1,0,0,1,0,True,False,0.0,0.0,True
54,putting_away_toys,1.0,10810,12510,1,0,0,1,0,True,False,0.0,0.0,True
54,putting_away_toys,1.0,10811,14011,1,0,0,1,0,True,False,0.0,0.0,True
54,putting_away_toys,1.0,10812,15554,1,0,0,1,0,True,False,0.0,0.0,True
54,putting_away_toys,1.0,10813,11923,1,0,0,1,0,True,False,0.0,0.0,True
54,putting_away_toys,1.0,10814,8817,1,0,0,1,0,True,False,0.0,0.0,True
54,putting_away_toys,1.0,10815,11508,1,0,0,1,0,True,False,0.0,0.0,True
54,putting_away_toys,1.0,10816,12576,1,0,0,1,0,True,False,0.0,0.0,True
54,putting_away_toys,1.0,10817,11189,1,0,0,1,0,True,False,0.0,0.0,True
54,putting_away_toys,1.0,10818,8544,1,0,0,1,0,True,False,0.0,0.0,True
54,putting_away_toys,1.0,10819,10813,1,0,0,1,0,True,False,0.0,0.0,True
54,putting_away_toys,1.0,10820,9807,1,0,0,1,0,True,False,0.0,0.0,True
54,putting_away_toys,1.0,10821,9802,1,0,0,1,0,True,False,0.0,0.0,True
54,putting_away_toys,1.0,10822,12950,1,0,0,1,0,True,False,0.0,0.0,True
54,putting_away_toys,1.0,10823,8840,1,0,0,1,0,True,False,0.0,0.0,True
54,putting_away_toys,1.0,10824,9217,1,0,0,1,0,True,False,0.0,0.0,True
54,putting_away_toys,1.0,10825,9237,1,0,0,1,0,True,False,0.0,0.0,True
54,putting_away_toys,1.0,10826,13208,2,1,0,1,1,True,False,0.0,0.0,True
54,putting_away_toys,1.0,10827,12459,1,0,0,1,0,True,False,0.0,0.0,True
54,putting_away_toys,1.0,10828,13568,1,0,0,1,0,True,False,0.0,0.0,True
54,putting_away_toys,1.0,10829,12244,1,0,0,1,0,True,False,0.0,0.0,True
54,putting_away_toys,1.0,10830,11548,2,1,0,1,1,True,False,0.0,0.0,True
54,putting_away_toys,1.0,10831,11861,1,0,0,1,0,True,False,0.0,0.0,True
54,putting_away_toys,1.0,10832,14618,1,0,0,1,0,True,False,0.0,0.0,True
54,putting_away_toys,1.0,10833,10403,1,0,0,1,0,True,False,0.0,0.0,True
54,putting_away_toys,1.0,10834,11857,1,0,0,1,0,True,False,0.0,0.0,True
54,putting_away_toys,1.0,10835,12859,1,0,0,1,0,True,False,0.0,0.0,True
54,putting_away_toys,1.0,10836,13279,1,0,0,1,0,True,False,0.0,0.0,True
54,putting_away_toys,1.0,10837,13579,1,0,0,1,0,True,False,0.0,0.0,True
54,putting_away_toys,1.0,10838,10408,1,0,0,1,0,True,False,0.0,0.0,True
54,putting_away_toys,1.0,10839,8894,1,0,0,1,0,True,False,0.0,0.0,True
54,putting_away_toys,1.0,10840,12632,1,0,0,1,0,True,False,0.0,0.0,True
55,re_shelving_library_books,1.0,11000,8429,1,0,0,1,0,True,False,0.0,0.0,True
55,re_shelving_library_books,1.0,11001,8872,1,0,0,1,0,True,False,0.0,0.0,True
55,re_shelving_library_books,1.0,11002,8344,3,2,0,1,2,True,False,0.0,0.0,True
55,re_shelving_library_books,1.0,11003,11081,2,1,0,1,1,True,False,0.0,0.0,True
55,re_shelving_library_books,1.0,11004,8570,2,1,0,1,1,True,False,0.0,0.0,True
55,re_shelving_library_books,1.0,11005,10441,1,0,0,1,0,True,False,0.0,0.0,True
55,re_shelving_library_books,1.0,11006,8156,2,1,0,1,1,True,False,0.0,0.0,True
55,re_shelving_library_books,1.0,11007,9412,2,1,0,1,1,True,False,0.0,0.0,True
55,re_shelving_library_books,1.0,11008,6612,1,0,0,1,0,True,False,0.0,0.0,True
55,re_shelving_library_books,1.0,11009,10846,2,1,0,1,1,True,False,0.0,0.0,True
55,re_shelving_library_books,1.0,11010,8043,2,1,0,1,1,True,False,0.0,0.0,True
55,re_shelving_library_books,1.0,11011,11841,2,1,0,1,1,True,False,0.0,0.0,True
55,re_shelving_library_books,1.0,11012,9282,4,2,0,1,1,True,False,0.0,0.0,True
55,re_shelving_library_books,1.0,11013,5996,1,0,0,1,0,True,False,0.0,0.0,True
55,re_shelving_library_books,1.0,11014,9513,1,0,0,1,0,True,False,0.0,0.0,True
55,re_shelving_library_books,1.0,11015,10213,2,1,0,1,1,True,False,0.0,0.0,True
55,re_shelving_library_books,1.0,11016,11011,1,0,0,1,0,True,False,0.0,0.0,True
55,re_shelving_library_books,1.0,11017,11417,1,0,0,1,0,True,False,0.0,0.0,True
55,re_shelving_library_books,1.0,11018,8813,2,1,0,1,1,True,False,0.0,0.0,True
55,re_shelving_library_books,1.0,11019,9335,1,0,0,1,0,True,False,0.0,0.0,True
55,re_shelving_library_books,1.0,11020,9208,2,1,0,1,1,True,False,0.0,0.0,True
55,re_shelving_library_books,1.0,11021,8592,1,0,0,1,0,True,False,0.0,0.0,True
55,re_shelving_library_books,1.0,11022,6748,1,0,0,1,0,True,False,0.0,0.0,True
55,re_shelving_library_books,1.0,11023,9527,1,0,0,1,0,True,False,0.0,0.0,True
55,re_shelving_library_books,1.0,11024,9590,2,1,0,1,1,True,False,0.0,0.0,True
55,re_shelving_library_books,1.0,11025,8150,2,1,0,1,1,True,False,0.0,0.0,True
55,re_shelving_library_books,1.0,11026,8080,2,1,0,1,1,True,False,0.0,0.0,True
55,re_shelving_library_books,1.0,11027,8100,1,0,0,1,0,True,False,0.0,0.0,True
55,re_shelving_library_books,1.0,11028,9298,1,0,0,1,0,True,False,0.0,0.0,True
55,re_shelving_library_books,1.0,11029,11357,2,1,0,1,1,True,False,0.0,0.0,True
55,re_shelving_library_books,1.0,11030,9010,1,0,0,1,0,True,False,0.0,0.0,True
55,re_shelving_library_books,1.0,11031,10670,2,1,0,1,1,True,False,0.0,0.0,True
55,re_shelving_library_books,1.0,11032,10139,2,1,0,1,1,True,False,0.0,0.0,True
55,re_shelving_library_books,1.0,11033,10332,2,1,0,1,1,True,False,0.0,0.0,True
55,re_shelving_library_books,1.0,11034,5932,2,1,0,1,1,True,False,0.0,0.0,True
55,re_shelving_library_books,1.0,11035,9495,2,1,0,1,1,True,False,0.0,0.0,True
55,re_shelving_library_books,1.0,11036,9398,2,1,0,1,1,True,False,0.0,0.0,True
55,re_shelving_library_books,1.0,11037,9180,2,1,0,1,1,True,False,0.0,0.0,True
55,re_shelving_library_books,1.0,11038,10514,1,0,0,1,0,True,False,0.0,0.0,True
55,re_shelving_library_books,1.0,11039,9659,2,1,0,1,1,True,False,0.0,0.0,True
55,re_shelving_library_books,1.0,11040,7202,2,1,0,1,1,True,False,0.0,0.0,True
55,re_shelving_library_books,1.0,11041,4962,1,0,0,1,0,True,False,0.0,0.0,True
55,re_shelving_library_books,1.0,11042,10805,1,0,0,1,0,True,False,0.0,0.0,True
55,re_shelving_library_books,1.0,11043,9959,1,0,0,1,0,True,False,0.0,0.0,True
55,re_shelving_library_books,1.0,11044,8964,1,0,0,1,0,True,False,0.0,0.0,True
55,re_shelving_library_books,1.0,11045,6950,2,1,0,1,1,True,False,0.0,0.0,True
55,re_shelving_library_books,1.0,11046,6923,3,2,0,1,2,True,False,0.0,0.0,True
55,re_shelving_library_books,1.0,11047,12838,1,0,0,1,0,True,False,0.0,0.0,True
55,re_shelving_library_books,1.0,11048,10321,1,0,0,1,0,True,False,0.0,0.0,True
55,re_shelving_library_books,1.0,11049,9327,2,1,0,1,1,True,False,0.0,0.0,True
55,re_shelving_library_books,1.0,11050,12903,2,1,0,1,1,True,False,0.0,0.0,True
55,re_shelving_library_books,1.0,11051,7398,4,3,0,1,3,True,False,0.0,0.0,True
56,make_rose_centerpieces,4.0,11200,3320,5,1,0,1,0,True,False,0.25,1.0,False
56,make_rose_centerpieces,4.0,11201,3900,5,1,0,1,1,True,False,0.0,0.0,True
56,make_rose_centerpieces,4.0,11202,4518,5,1,0,1,1,True,False,0.0,0.0,True
56,make_rose_centerpieces,4.0,11203,7083,4,0,0,1,0,True,False,0.0,0.0,True
56,make_rose_centerpieces,4.0,11204,3972,8,3,2,2,1,True,False,0.0,0.0,True
56,make_rose_centerpieces,4.0,11205,3088,6,1,0,1,0,True,False,0.0,0.0,True
56,make_rose_centerpieces,4.0,11206,5846,9,4,1,2,2,True,False,0.25,1.0,False
56,make_rose_centerpieces,4.0,11207,4873,5,1,0,1,1,True,False,0.0,0.0,True
56,make_rose_centerpieces,4.0,11208,4745,5,1,0,1,1,True,False,0.0,0.0,True
56,make_rose_centerpieces,4.0,11209,3981,4,0,0,1,0,True,False,0.0,0.0,True
56,make_rose_centerpieces,4.0,11210,3879,13,5,1,2,1,True,False,0.0,0.0,True
56,make_rose_centerpieces,4.0,11211,5824,5,1,0,1,0,True,False,0.25,1.0,True
56,make_rose_centerpieces,4.0,11212,4018,7,3,0,1,2,True,False,0.25,1.0,False
56,make_rose_centerpieces,4.0,11213,3465,10,4,0,1,0,True,False,0.5,2.0,True
56,make_rose_centerpieces,4.0,11214,4681,6,2,0,1,1,True,False,0.25,1.0,False
56,make_rose_centerpieces,4.0,11215,3941,11,4,0,1,0,True,False,0.25,1.0,True
56,make_rose_centerpieces,4.0,11216,4477,9,3,0,1,1,True,False,0.0,0.0,True
56,make_rose_centerpieces,4.0,11217,3920,9,3,0,1,1,True,False,0.0,0.0,True
56,make_rose_centerpieces,4.0,11218,4175,10,4,0,1,2,True,False,0.0,0.0,True
56,make_rose_centerpieces,4.0,11219,3553,5,1,0,1,0,True,False,0.25,1.0,True
56,make_rose_centerpieces,4.0,11220,4502,4,0,0,1,0,True,False,0.0,0.0,True
56,make_rose_centerpieces,4.0,11221,4537,9,3,0,1,1,True,False,0.0,0.0,True
56,make_rose_centerpieces,4.0,11222,3746,7,2,0,1,1,True,False,0.0,0.0,True
56,make_rose_centerpieces,4.0,11223,3782,19,8,0,1,0,True,False,0.25,1.0,True
56,make_rose_centerpieces,4.0,11224,4190,8,2,2,2,0,True,False,0.0,0.0,True
56,make_rose_centerpieces,4.0,11225,4264,7,2,0,1,0,True,False,0.25,1.0,True
56,make_rose_centerpieces,4.0,11226,4443,9,2,1,2,0,True,False,0.0,0.0,True
56,make_rose_centerpieces,4.0,11227,3762,11,4,0,1,0,True,False,0.25,1.0,True
56,make_rose_centerpieces,4.0,11228,3604,8,2,0,1,0,True,False,0.0,0.0,True
56,make_rose_centerpieces,4.0,11229,4022,4,0,0,1,0,True,False,0.0,0.0,True
56,make_rose_centerpieces,4.0,11230,4168,6,1,2,2,0,True,False,0.0,0.0,True
56,make_rose_centerpieces,4.0,11231,5460,5,1,0,1,1,True,False,0.0,0.0,True
56,make_rose_centerpieces,4.0,11232,3519,4,0,0,1,0,True,False,0.0,0.0,True
56,make_rose_centerpieces,4.0,11233,4522,40,18,0,1,0,True,False,0.0,0.0,True
56,make_rose_centerpieces,4.0,11234,4230,7,3,0,1,1,True,False,0.5,2.0,False
56,make_rose_centerpieces,4.0,11235,4223,9,4,0,1,1,True,False,0.5,2.0,True
56,make_rose_centerpieces,4.0,11236,4064,4,0,0,1,0,True,False,0.0,0.0,True
56,make_rose_centerpieces,4.0,11237,4006,9,3,0,1,0,True,False,0.25,1.0,True
56,make_rose_centerpieces,4.0,11238,4207,4,0,0,1,0,True,False,0.0,0.0,True
56,make_rose_centerpieces,4.0,11239,6115,6,1,2,2,0,True,False,0.0,0.0,True
56,make_rose_centerpieces,4.0,11240,4636,6,1,0,1,0,True,False,0.0,0.0,True
56,make_rose_centerpieces,4.0,11241,4488,5,1,0,1,1,True,False,0.0,0.0,True
56,make_rose_centerpieces,4.0,11242,4659,6,2,0,1,1,True,False,0.25,1.0,False
56,make_rose_centerpieces,4.0,11243,4118,10,4,0,1,1,True,False,0.25,1.0,True
56,make_rose_centerpieces,4.0,11244,5268,4,0,0,1,0,True,False,0.0,0.0,True
56,make_rose_centerpieces,4.0,11245,5221,13,5,0,1,0,True,False,0.25,1.0,True
56,make_rose_centerpieces,4.0,11246,4431,6,1,0,1,0,True,False,0.0,0.0,True
56,make_rose_centerpieces,4.0,11247,5213,7,3,0,1,2,True,False,0.25,1.0,True
56,make_rose_centerpieces,4.0,11248,3936,4,0,0,1,0,True,False,0.0,0.0,True
56,make_rose_centerpieces,4.0,11249,3391,6,2,0,1,0,True,False,0.5,2.0,True
56,make_rose_centerpieces,4.0,11250,4766,7,2,0,1,1,True,False,0.0,0.0,True
56,make_rose_centerpieces,4.0,11251,3787,4,0,0,1,0,True,False,0.0,0.0,True
56,make_rose_centerpieces,4.0,11252,3817,6,1,0,1,0,True,False,0.0,0.0,True
56,make_rose_centerpieces,4.0,11253,7357,10,5,0,1,2,True,False,0.5,2.0,True
57,sweeping_garage,2.0,11400,3770,3,1,0,1,1,True,False,0.0,0.0,True
57,sweeping_garage,2.0,11401,5461,2,0,0,1,0,True,False,0.0,0.0,True
57,sweeping_garage,2.0,11402,4852,2,0,0,1,0,True,False,0.0,0.0,True
57,sweeping_garage,2.0,11403,4561,2,0,0,1,0,True,False,0.0,0.0,True
57,sweeping_garage,2.0,11404,4180,2,0,0,1,0,True,False,0.0,0.0,True
57,sweeping_garage,2.0,11405,3709,2,0,0,1,0,True,False,0.0,0.0,True
57,sweeping_garage,2.0,11406,4076,2,0,0,1,0,True,False,0.0,0.0,True
57,sweeping_garage,2.0,11407,4707,2,0,0,1,0,True,False,0.0,0.0,True
57,sweeping_garage,2.0,11408,4050,2,0,0,1,0,True,False,0.0,0.0,True
57,sweeping_garage,2.0,11409,5306,2,0,0,1,0,True,False,0.0,0.0,True
57,sweeping_garage,2.0,11410,3851,2,0,0,1,0,True,False,0.0,0.0,True
57,sweeping_garage,2.0,11411,4598,2,0,0,1,0,True,False,0.0,0.0,True
57,sweeping_garage,2.0,11412,4508,2,0,0,1,0,True,False,0.0,0.0,True
57,sweeping_garage,2.0,11413,4686,2,0,0,1,0,True,False,0.0,0.0,True
57,sweeping_garage,2.0,11414,5124,2,0,0,1,0,True,False,0.0,0.0,True
57,sweeping_garage,2.0,11415,6937,2,0,0,1,0,True,False,0.0,0.0,True
57,sweeping_garage,2.0,11416,4414,4,2,0,1,1,True,False,0.5,1.0,False
57,sweeping_garage,2.0,11417,5487,3,1,0,1,1,True,False,0.0,0.0,True
57,sweeping_garage,2.0,11418,4132,2,0,0,1,0,True,False,0.0,0.0,True
57,sweeping_garage,2.0,11419,4899,3,1,0,1,0,True,False,0.5,1.0,False
57,sweeping_garage,2.0,11420,4355,2,0,0,1,0,True,False,0.0,0.0,True
57,sweeping_garage,2.0,11421,4454,2,0,0,1,0,True,False,0.0,0.0,True
57,sweeping_garage,2.0,11422,3205,2,0,0,1,0,True,False,0.0,0.0,True
57,sweeping_garage,2.0,11423,3850,2,0,0,1,0,True,False,0.0,0.0,True
57,sweeping_garage,2.0,11424,5116,2,0,0,1,0,True,False,0.0,0.0,True
57,sweeping_garage,2.0,11425,3700,2,0,0,1,0,True,False,0.0,0.0,True
57,sweeping_garage,2.0,11426,5837,2,0,0,1,0,True,False,0.0,0.0,True
57,sweeping_garage,2.0,11427,4176,2,0,0,1,0,True,False,0.0,0.0,True
57,sweeping_garage,2.0,11428,3804,2,0,0,1,0,True,False,0.0,0.0,True
57,sweeping_garage,2.0,11429,4694,2,0,0,1,0,True,False,0.0,0.0,True
57,sweeping_garage,2.0,11430,5245,2,0,0,1,0,True,False,0.0,0.0,True
57,sweeping_garage,2.0,11431,4748,2,0,0,1,0,True,False,0.0,0.0,True
57,sweeping_garage,2.0,11432,5506,2,0,0,1,0,True,False,0.0,0.0,True
57,sweeping_garage,2.0,11433,3734,2,0,0,1,0,True,False,0.0,0.0,True
57,sweeping_garage,2.0,11434,4178,2,0,0,1,0,True,False,0.0,0.0,True
57,sweeping_garage,2.0,11435,4045,2,0,0,1,0,True,False,0.0,0.0,True
57,sweeping_garage,2.0,11436,3981,2,0,0,1,0,True,False,0.0,0.0,True
57,sweeping_garage,2.0,11437,4424,2,0,0,1,0,True,False,0.0,0.0,True
57,sweeping_garage,2.0,11438,3812,2,0,0,1,0,True,False,0.0,0.0,True
57,sweeping_garage,2.0,11439,3620,2,0,0,1,0,True,False,0.0,0.0,True
57,sweeping_garage,2.0,11440,5557,2,0,0,1,0,True,False,0.0,0.0,True
57,sweeping_garage,2.0,11441,4268,2,0,0,1,0,True,False,0.0,0.0,True
57,sweeping_garage,2.0,11442,4114,2,0,0,1,0,True,False,0.0,0.0,True
57,sweeping_garage,2.0,11443,3838,2,0,0,1,0,True,False,0.0,0.0,True
57,sweeping_garage,2.0,11444,3963,2,0,0,1,0,True,False,0.0,0.0,True
57,sweeping_garage,2.0,11445,4705,2,0,0,1,0,True,False,0.0,0.0,True
57,sweeping_garage,2.0,11446,4519,2,0,0,1,0,True,False,0.0,0.0,True
57,sweeping_garage,2.0,11447,4197,2,0,0,1,0,True,False,0.0,0.0,True
57,sweeping_garage,2.0,11448,3884,2,0,0,1,0,True,False,0.0,0.0,True
57,sweeping_garage,2.0,11449,4951,2,0,0,1,0,True,False,0.0,0.0,True
57,sweeping_garage,2.0,11450,4446,2,0,0,1,0,True,False,0.0,0.0,True
57,sweeping_garage,2.0,11451,3839,2,0,0,1,0,True,False,0.0,0.0,True
57,sweeping_garage,2.0,11452,4786,2,0,0,1,0,True,False,0.0,0.0,True
57,sweeping_garage,2.0,11453,4812,2,0,0,1,0,True,False,0.0,0.0,True
58,stacking_wood,1.0,11600,13386,1,0,0,1,0,True,False,0.0,0.0,True
58,stacking_wood,1.0,11601,13566,7,3,0,1,0,True,False,0.0,0.0,True
58,stacking_wood,1.0,11602,16685,5,2,0,1,0,True,False,0.0,0.0,True
58,stacking_wood,1.0,11603,16252,5,2,0,1,0,True,False,0.0,0.0,True
58,stacking_wood,1.0,11604,14649,1,0,0,1,0,True,False,0.0,0.0,True
58,stacking_wood,1.0,11605,15105,1,0,0,1,0,True,False,0.0,0.0,True
58,stacking_wood,1.0,11606,21118,3,1,0,1,0,True,False,0.0,0.0,True
58,stacking_wood,1.0,11607,21316,1,0,0,1,0,True,False,0.0,0.0,True
58,stacking_wood,1.0,11608,17909,1,0,0,1,0,True,False,0.0,0.0,True
58,stacking_wood,1.0,11609,11965,1,0,0,1,0,True,False,0.0,0.0,True
58,stacking_wood,1.0,11610,16618,2,1,0,1,1,True,False,0.0,0.0,True
58,stacking_wood,1.0,11611,18320,5,2,0,1,0,True,False,0.0,0.0,True
58,stacking_wood,1.0,11612,20047,1,0,0,1,0,True,False,0.0,0.0,True
58,stacking_wood,1.0,11613,16591,1,0,0,1,0,True,False,0.0,0.0,True
58,stacking_wood,1.0,11614,19811,3,1,0,1,0,True,False,0.0,0.0,True
58,stacking_wood,1.0,11615,14888,5,2,0,1,0,True,False,0.0,0.0,True
58,stacking_wood,1.0,11616,17239,5,2,0,1,0,True,False,0.0,0.0,True
58,stacking_wood,1.0,11617,16562,1,0,0,1,0,True,False,0.0,0.0,True
58,stacking_wood,1.0,11618,22239,3,1,0,1,0,True,False,0.0,0.0,True
58,stacking_wood,1.0,11619,17671,4,2,0,1,1,True,False,0.0,0.0,True
58,stacking_wood,1.0,11620,14986,3,1,0,1,0,True,False,0.0,0.0,True
58,stacking_wood,1.0,11621,16144,1,0,0,1,0,True,False,0.0,0.0,True
58,stacking_wood,1.0,11622,14944,3,1,0,1,0,True,False,0.0,0.0,True
58,stacking_wood,1.0,11623,14664,1,0,0,1,0,True,False,0.0,0.0,True
58,stacking_wood,1.0,11624,10084,1,0,0,1,0,True,False,0.0,0.0,True
58,stacking_wood,1.0,11625,16829,3,1,0,1,0,True,False,0.0,0.0,True
58,stacking_wood,1.0,11626,13135,9,4,0,1,0,True,False,0.0,0.0,True
58,stacking_wood,1.0,11627,12393,3,1,0,1,0,True,False,0.0,0.0,True
58,stacking_wood,1.0,11628,13850,2,1,0,1,1,True,False,0.0,0.0,True
58,stacking_wood,1.0,11629,14154,3,1,0,1,0,True,False,0.0,0.0,True
58,stacking_wood,1.0,11630,16511,3,1,0,1,0,True,False,0.0,0.0,True
58,stacking_wood,1.0,11631,9909,1,0,0,1,0,True,False,0.0,0.0,True
58,stacking_wood,1.0,11632,21192,1,0,0,1,0,True,False,0.0,0.0,True
58,stacking_wood,1.0,11633,16772,1,0,0,1,0,True,False,0.0,0.0,True
58,stacking_wood,1.0,11634,15361,1,0,0,1,0,True,False,0.0,0.0,True
58,stacking_wood,1.0,11635,14175,1,0,0,1,0,True,False,0.0,0.0,True
58,stacking_wood,1.0,11636,12245,1,0,0,1,0,True,False,0.0,0.0,True
58,stacking_wood,1.0,11637,15197,14,7,0,1,1,True,False,0.0,0.0,True
58,stacking_wood,1.0,11638,13459,6,3,0,1,1,True,False,0.0,0.0,True
58,stacking_wood,1.0,11639,17862,7,3,0,1,0,True,False,0.0,0.0,True
58,stacking_wood,1.0,11640,16786,1,0,0,1,0,True,False,0.0,0.0,True
58,stacking_wood,1.0,11641,20007,5,2,0,1,0,True,False,0.0,0.0,True
58,stacking_wood,1.0,11642,15378,3,1,0,1,0,True,False,0.0,0.0,True
58,stacking_wood,1.0,11643,14107,4,2,0,1,1,True,False,0.0,0.0,True
59,organizing_art_supplies,5.0,11800,6826,5,0,0,1,0,True,False,0.0,0.0,True
59,organizing_art_supplies,5.0,11801,7105,8,2,0,1,0,True,False,0.19999998807907104,0.9999999403953552,False
59,organizing_art_supplies,5.0,11802,6815,45,19,1,3,0,True,False,-0.8000000417232513,-4.000000208616257,False
59,organizing_art_supplies,5.0,11803,7915,6,1,0,1,0,True,False,0.19999998807907104,0.9999999403953552,True
59,organizing_art_supplies,5.0,11804,5427,5,0,0,1,0,True,False,0.0,0.0,True
59,organizing_art_supplies,5.0,11805,5247,5,0,0,1,0,True,False,0.0,0.0,True
59,organizing_art_supplies,5.0,11806,5872,19,7,0,1,0,True,False,0.0,0.0,True
59,organizing_art_supplies,5.0,11807,5511,13,4,0,1,0,True,False,0.0,0.0,True
59,organizing_art_supplies,5.0,11808,6366,21,8,0,1,0,True,False,0.0,0.0,True
59,organizing_art_supplies,5.0,11809,6311,5,0,0,1,0,True,False,0.0,0.0,True
59,organizing_art_supplies,5.0,11810,6651,6,1,0,1,0,True,False,0.19999998807907104,0.9999999403953552,False
59,organizing_art_supplies,5.0,11811,5704,7,2,0,1,1,True,False,0.19999998807907104,0.9999999403953552,True
59,organizing_art_supplies,5.0,11812,6189,7,1,0,1,0,True,False,0.0,0.0,True
59,organizing_art_supplies,5.0,11813,6047,23,11,0,1,2,True,False,0.3999999910593033,1.9999999552965164,True
59,organizing_art_supplies,5.0,11814,6200,5,0,0,1,0,True,False,0.0,0.0,True
59,organizing_art_supplies,5.0,11815,5085,6,1,0,1,0,True,False,0.19999998807907104,0.9999999403953552,False
59,organizing_art_supplies,5.0,11816,6141,18,8,0,1,0,True,False,0.5999999940395355,2.9999999701976776,False
59,organizing_art_supplies,5.0,11817,7039,5,0,0,1,0,True,False,0.0,0.0,True
59,organizing_art_supplies,5.0,11818,6529,9,3,0,1,1,True,False,0.19999998807907104,0.9999999403953552,True
59,organizing_art_supplies,5.0,11819,5185,29,14,0,1,2,True,False,0.3999999910593033,1.9999999552965164,True
59,organizing_art_supplies,5.0,11820,7058,7,2,0,1,0,True,False,0.3999999910593033,1.9999999552965164,True
59,organizing_art_supplies,5.0,11821,7212,26,11,0,1,0,True,False,0.19999998807907104,0.9999999403953552,False
59,organizing_art_supplies,5.0,11822,6471,5,0,0,1,0,True,False,0.0,0.0,True
59,organizing_art_supplies,5.0,11823,6086,20,9,0,1,0,True,False,0.5999999940395355,2.9999999701976776,False
59,organizing_art_supplies,5.0,11824,4465,5,0,0,1,0,True,False,0.0,0.0,True
59,organizing_art_supplies,5.0,11825,6230,6,1,0,1,0,True,False,0.19999998807907104,0.9999999403953552,True
59,organizing_art_supplies,5.0,11826,5275,7,1,0,1,0,True,False,0.0,0.0,True
59,organizing_art_supplies,5.0,11827,5845,19,8,0,1,0,True,False,0.3999999910593033,1.9999999552965164,False
59,organizing_art_supplies,5.0,11828,5278,6,1,0,1,0,True,False,0.19999998807907104,0.9999999403953552,False
59,organizing_art_supplies,5.0,11829,7749,23,9,0,1,0,True,False,0.0,0.0,True
59,organizing_art_supplies,5.0,11830,6051,7,1,0,1,0,True,False,0.0,0.0,True
59,organizing_art_supplies,5.0,11831,6477,12,7,0,1,3,True,False,0.7999999970197678,3.999999985098839,False
59,organizing_art_supplies,5.0,11832,5920,8,3,0,1,0,True,False,0.5999999940395355,2.9999999701976776,False
59,organizing_art_supplies,5.0,11833,8645,15,5,0,1,0,True,False,0.0,0.0,True
59,organizing_art_supplies,5.0,11834,6435,7,1,0,1,0,True,False,0.0,0.0,True
59,organizing_art_supplies,5.0,11835,4031,5,0,0,1,0,True,False,0.0,0.0,True
59,organizing_art_supplies,5.0,11836,5713,5,0,0,1,0,True,False,0.0,0.0,True
59,organizing_art_supplies,5.0,11837,4939,5,0,0,1,0,True,False,0.0,0.0,True
59,organizing_art_supplies,5.0,11838,5707,6,1,0,1,0,True,False,0.19999998807907104,0.9999999403953552,False
59,organizing_art_supplies,5.0,11839,5162,9,2,0,1,0,True,False,0.0,0.0,True
59,organizing_art_supplies,5.0,11840,7179,8,2,0,1,0,True,False,0.19999998807907104,0.9999999403953552,True
59,organizing_art_supplies,5.0,11841,5082,6,1,0,1,0,True,False,0.19999998807907104,0.9999999403953552,True
59,organizing_art_supplies,5.0,11842,8106,6,1,0,1,0,True,False,0.19999998807907104,0.9999999403953552,True
59,organizing_art_supplies,5.0,11843,6921,6,1,0,1,0,True,False,0.19999998807907104,0.9999999403953552,True
59,organizing_art_supplies,5.0,11844,7382,13,4,0,1,0,True,False,0.0,0.0,True
59,organizing_art_supplies,5.0,11845,5746,6,1,0,1,0,True,False,0.19999998807907104,0.9999999403953552,True
59,organizing_art_supplies,5.0,11846,5511,5,0,0,1,0,True,False,0.0,0.0,True
59,organizing_art_supplies,5.0,11847,4429,5,0,0,1,0,True,False,0.0,0.0,True
59,organizing_art_supplies,5.0,11848,5720,6,1,0,1,0,True,False,0.19999998807907104,0.9999999403953552,True
59,organizing_art_supplies,5.0,11849,5975,24,11,0,1,0,True,False,0.5999999940395355,2.9999999701976776,False
59,organizing_art_supplies,5.0,11850,4897,5,0,0,1,0,True,False,0.0,0.0,True
59,organizing_art_supplies,5.0,11851,4727,9,2,0,1,0,True,False,0.0,0.0,True
59,organizing_art_supplies,5.0,11852,6004,29,12,0,1,0,True,False,0.0,0.0,True
59,organizing_art_supplies,5.0,11853,6694,9,2,0,1,0,True,False,0.0,0.0,True
59,organizing_art_supplies,5.0,11854,6725,7,2,0,1,1,True,False,0.19999998807907104,0.9999999403953552,True
59,organizing_art_supplies,5.0,11855,5961,6,1,0,1,0,True,False,0.19999998807907104,0.9999999403953552,True
59,organizing_art_supplies,5.0,11856,4604,5,0,0,1,0,True,False,0.0,0.0,True
59,organizing_art_supplies,5.0,11857,5692,28,12,0,1,0,True,False,0.19999998807907104,0.9999999403953552,False
59,organizing_art_supplies,5.0,11858,6006,9,4,0,1,1,True,False,0.5999999940395355,2.9999999701976776,True
59,organizing_art_supplies,5.0,11859,5011,5,0,0,1,0,True,False,0.0,0.0,True
59,organizing_art_supplies,5.0,11860,7463,16,6,0,1,1,True,False,0.0,0.0,True
59,organizing_art_supplies,5.0,11861,6674,11,3,0,1,0,True,False,0.0,0.0,True
59,organizing_art_supplies,5.0,11862,5471,5,0,0,1,0,True,False,0.0,0.0,True
59,organizing_art_supplies,5.0,11863,4180,6,1,0,1,0,True,False,0.19999998807907104,0.9999999403953552,False
59,organizing_art_supplies,5.0,11864,6925,13,5,0,1,0,True,False,0.3999999910593033,1.9999999552965164,True
59,organizing_art_supplies,5.0,11865,5971,6,1,0,1,0,True,False,0.19999998807907104,0.9999999403953552,True
59,organizing_art_supplies,5.0,11866,6360,30,13,1,2,0,True,False,0.0,0.0,True
59,organizing_art_supplies,5.0,11867,6518,19,7,0,1,0,True,False,0.0,0.0,True
59,organizing_art_supplies,5.0,11868,5984,5,0,0,1,0,True,False,0.0,0.0,True
59,organizing_art_supplies,5.0,11869,5212,5,0,0,1,0,True,False,0.0,0.0,True
59,organizing_art_supplies,5.0,11870,6141,11,4,0,1,1,True,False,0.19999998807907104,0.9999999403953552,False
59,organizing_art_supplies,5.0,11871,6477,5,0,0,1,0,True,False,0.0,0.0,True
59,organizing_art_supplies,5.0,11872,5146,8,3,0,1,1,True,False,0.3999999910593033,1.9999999552965164,False
59,organizing_art_supplies,5.0,11873,7265,6,1,0,1,0,True,False,0.19999998807907104,0.9999999403953552,False
59,organizing_art_supplies,5.0,11874,8963,25,10,0,1,0,True,False,0.0,0.0,True
59,organizing_art_supplies,5.0,11875,6040,5,0,0,1,0,True,False,0.0,0.0,True
59,organizing_art_supplies,5.0,11876,7275,7,2,0,1,0,True,False,0.3999999910593033,1.9999999552965164,False
60,scrubbing_bathroom_floor,1.0,12000,3684,1,0,0,1,0,True,False,0.0,0.0,True
60,scrubbing_bathroom_floor,1.0,12001,1884,1,0,0,1,0,True,False,0.0,0.0,True
60,scrubbing_bathroom_floor,1.0,12002,3319,1,0,0,1,0,True,False,0.0,0.0,True
60,scrubbing_bathroom_floor,1.0,12003,3531,1,0,0,1,0,True,False,0.0,0.0,True
60,scrubbing_bathroom_floor,1.0,12004,2247,1,0,0,1,0,True,False,0.0,0.0,True
60,scrubbing_bathroom_floor,1.0,12005,2903,1,0,0,1,0,True,False,0.0,0.0,True
60,scrubbing_bathroom_floor,1.0,12006,3415,1,0,0,1,0,True,False,0.0,0.0,True
60,scrubbing_bathroom_floor,1.0,12007,2534,1,0,0,1,0,True,False,0.0,0.0,True
60,scrubbing_bathroom_floor,1.0,12008,1291,2,1,0,1,1,True,False,0.0,0.0,True
60,scrubbing_bathroom_floor,1.0,12009,2261,1,0,0,1,0,True,False,0.0,0.0,True
60,scrubbing_bathroom_floor,1.0,12010,2603,1,0,0,1,0,True,False,0.0,0.0,True
60,scrubbing_bathroom_floor,1.0,12011,2769,1,0,0,1,0,True,False,0.0,0.0,True
60,scrubbing_bathroom_floor,1.0,12012,2979,1,0,0,1,0,True,False,0.0,0.0,True
60,scrubbing_bathroom_floor,1.0,12013,3669,1,0,0,1,0,True,False,0.0,0.0,True
60,scrubbing_bathroom_floor,1.0,12014,4291,1,0,0,1,0,True,False,0.0,0.0,True
60,scrubbing_bathroom_floor,1.0,12015,3026,1,0,0,1,0,True,False,0.0,0.0,True
60,scrubbing_bathroom_floor,1.0,12016,5460,1,0,0,1,0,True,False,0.0,0.0,True
60,scrubbing_bathroom_floor,1.0,12017,2249,1,0,0,1,0,True,False,0.0,0.0,True
60,scrubbing_bathroom_floor,1.0,12018,2400,1,0,0,1,0,True,False,0.0,0.0,True
60,scrubbing_bathroom_floor,1.0,12019,2924,1,0,0,1,0,True,False,0.0,0.0,True
60,scrubbing_bathroom_floor,1.0,12020,2952,1,0,0,1,0,True,False,0.0,0.0,True
60,scrubbing_bathroom_floor,1.0,12021,2125,1,0,0,1,0,True,False,0.0,0.0,True
60,scrubbing_bathroom_floor,1.0,12022,2255,2,1,0,1,1,True,False,0.0,0.0,True
60,scrubbing_bathroom_floor,1.0,12023,4202,1,0,0,1,0,True,False,0.0,0.0,True
60,scrubbing_bathroom_floor,1.0,12024,2573,1,0,0,1,0,True,False,0.0,0.0,True
60,scrubbing_bathroom_floor,1.0,12025,3860,1,0,0,1,0,True,False,0.0,0.0,True
60,scrubbing_bathroom_floor,1.0,12026,3951,1,0,0,1,0,True,False,0.0,0.0,True
60,scrubbing_bathroom_floor,1.0,12027,4623,1,0,0,1,0,True,False,0.0,0.0,True
60,scrubbing_bathroom_floor,1.0,12028,3882,1,0,0,1,0,True,False,0.0,0.0,True
60,scrubbing_bathroom_floor,1.0,12029,2140,1,0,0,1,0,True,False,0.0,0.0,True
60,scrubbing_bathroom_floor,1.0,12030,5095,1,0,0,1,0,True,False,0.0,0.0,True
60,scrubbing_bathroom_floor,1.0,12031,2039,1,0,0,1,0,True,False,0.0,0.0,True
60,scrubbing_bathroom_floor,1.0,12032,2343,1,0,0,1,0,True,False,0.0,0.0,True
60,scrubbing_bathroom_floor,1.0,12033,1472,1,0,0,1,0,True,False,0.0,0.0,True
60,scrubbing_bathroom_floor,1.0,12034,2195,2,1,0,1,1,True,False,0.0,0.0,True
60,scrubbing_bathroom_floor,1.0,12035,2494,1,0,0,1,0,True,False,0.0,0.0,True
60,scrubbing_bathroom_floor,1.0,12036,1750,1,0,0,1,0,True,False,0.0,0.0,True
60,scrubbing_bathroom_floor,1.0,12037,2578,1,0,0,1,0,True,False,0.0,0.0,True
60,scrubbing_bathroom_floor,1.0,12038,3265,1,0,0,1,0,True,False,0.0,0.0,True
60,scrubbing_bathroom_floor,1.0,12039,2675,1,0,0,1,0,True,False,0.0,0.0,True
60,scrubbing_bathroom_floor,1.0,12040,3240,1,0,0,1,0,True,False,0.0,0.0,True
60,scrubbing_bathroom_floor,1.0,12041,2658,1,0,0,1,0,True,False,0.0,0.0,True
60,scrubbing_bathroom_floor,1.0,12042,5656,1,0,0,1,0,True,False,0.0,0.0,True
60,scrubbing_bathroom_floor,1.0,12043,2114,1,0,0,1,0,True,False,0.0,0.0,True
60,scrubbing_bathroom_floor,1.0,12044,2292,1,0,0,1,0,True,False,0.0,0.0,True
60,scrubbing_bathroom_floor,1.0,12045,3275,1,0,0,1,0,True,False,0.0,0.0,True
60,scrubbing_bathroom_floor,1.0,12046,3334,1,0,0,1,0,True,False,0.0,0.0,True
60,scrubbing_bathroom_floor,1.0,12047,3400,1,0,0,1,0,True,False,0.0,0.0,True
60,scrubbing_bathroom_floor,1.0,12048,3728,1,0,0,1,0,True,False,0.0,0.0,True
60,scrubbing_bathroom_floor,1.0,12049,2424,1,0,0,1,0,True,False,0.0,0.0,True
60,scrubbing_bathroom_floor,1.0,12050,2716,1,0,0,1,0,True,False,0.0,0.0,True
60,scrubbing_bathroom_floor,1.0,12051,3730,1,0,0,1,0,True,False,0.0,0.0,True
60,scrubbing_bathroom_floor,1.0,12052,3149,1,0,0,1,0,True,False,0.0,0.0,True
60,scrubbing_bathroom_floor,1.0,12053,2809,1,0,0,1,0,True,False,0.0,0.0,True
60,scrubbing_bathroom_floor,1.0,12054,1598,1,0,0,1,0,True,False,0.0,0.0,True
60,scrubbing_bathroom_floor,1.0,12055,2135,2,1,0,1,1,True,False,0.0,0.0,True
60,scrubbing_bathroom_floor,1.0,12056,4565,1,0,0,1,0,True,False,0.0,0.0,True
60,scrubbing_bathroom_floor,1.0,12057,3367,1,0,0,1,0,True,False,0.0,0.0,True
60,scrubbing_bathroom_floor,1.0,12058,2557,1,0,0,1,0,True,False,0.0,0.0,True
60,scrubbing_bathroom_floor,1.0,12059,3382,1,0,0,1,0,True,False,0.0,0.0,True
60,scrubbing_bathroom_floor,1.0,12060,4714,1,0,0,1,0,True,False,0.0,0.0,True
60,scrubbing_bathroom_floor,1.0,12061,4370,1,0,0,1,0,True,False,0.0,0.0,True
60,scrubbing_bathroom_floor,1.0,12062,2432,2,1,0,1,1,True,False,0.0,0.0,True
60,scrubbing_bathroom_floor,1.0,12063,3259,1,0,0,1,0,True,False,0.0,0.0,True
60,scrubbing_bathroom_floor,1.0,12064,3754,1,0,0,1,0,True,False,0.0,0.0,True
60,scrubbing_bathroom_floor,1.0,12065,3029,1,0,0,1,0,True,False,0.0,0.0,True
60,scrubbing_bathroom_floor,1.0,12066,4949,1,0,0,1,0,True,False,0.0,0.0,True
60,scrubbing_bathroom_floor,1.0,12067,4066,2,1,0,1,1,True,False,0.0,0.0,True
60,scrubbing_bathroom_floor,1.0,12068,2459,1,0,0,1,0,True,False,0.0,0.0,True
60,scrubbing_bathroom_floor,1.0,12069,5293,1,0,0,1,0,True,False,0.0,0.0,True
60,scrubbing_bathroom_floor,1.0,12070,3604,1,0,0,1,0,True,False,0.0,0.0,True
60,scrubbing_bathroom_floor,1.0,12071,4442,1,0,0,1,0,True,False,0.0,0.0,True
60,scrubbing_bathroom_floor,1.0,12072,1854,1,0,0,1,0,True,False,0.0,0.0,True
60,scrubbing_bathroom_floor,1.0,12073,2446,1,0,0,1,0,True,False,0.0,0.0,True
60,scrubbing_bathroom_floor,1.0,12074,2734,1,0,0,1,0,True,False,0.0,0.0,True
60,scrubbing_bathroom_floor,1.0,12075,3275,1,0,0,1,0,True,False,0.0,0.0,True
60,scrubbing_bathroom_floor,1.0,12076,3017,1,0,0,1,0,True,False,0.0,0.0,True
61,bringing_paper_to_recycling,3.0,12200,9516,6,2,0,1,0,True,False,0.3333333134651184,0.9999999403953552,True
61,bringing_paper_to_recycling,3.0,12201,8307,5,2,0,1,1,True,False,0.3333333134651184,0.9999999403953552,True
61,bringing_paper_to_recycling,3.0,12202,9816,4,1,0,1,1,True,False,0.0,0.0,True
61,bringing_paper_to_recycling,3.0,12203,10308,5,2,0,1,2,True,False,0.0,0.0,True
61,bringing_paper_to_recycling,3.0,12204,9022,4,1,0,1,1,True,False,0.0,0.0,True
61,bringing_paper_to_recycling,3.0,12205,11172,5,2,0,1,2,True,False,0.0,0.0,True
61,bringing_paper_to_recycling,3.0,12206,10826,5,2,0,1,1,True,False,0.3333333134651184,0.9999999403953552,True
61,bringing_paper_to_recycling,3.0,12207,11571,7,3,0,1,1,True,False,0.3333333134651184,0.9999999403953552,True
61,bringing_paper_to_recycling,3.0,12208,11781,5,2,0,1,2,True,False,0.0,0.0,True
61,bringing_paper_to_recycling,3.0,12209,11119,4,1,0,1,1,True,False,0.0,0.0,True
61,bringing_paper_to_recycling,3.0,12210,11587,6,2,0,1,0,True,False,0.3333333134651184,0.9999999403953552,True
61,bringing_paper_to_recycling,3.0,12211,8827,5,1,0,1,0,True,False,0.0,0.0,True
61,bringing_paper_to_recycling,3.0,12212,12058,7,3,0,1,1,True,False,0.3333333134651184,0.9999999403953552,True
61,bringing_paper_to_recycling,3.0,12213,12866,15,7,0,1,1,True,False,0.3333333134651184,0.9999999403953552,True
61,bringing_paper_to_recycling,3.0,12214,14715,4,1,0,1,1,True,False,0.0,0.0,True
61,bringing_paper_to_recycling,3.0,12215,11446,5,1,0,1,0,True,False,0.0,0.0,True
61,bringing_paper_to_recycling,3.0,12216,8499,5,2,0,1,1,True,False,0.3333333134651184,0.9999999403953552,True
61,bringing_paper_to_recycling,3.0,12217,9336,4,1,0,1,1,True,False,0.0,0.0,True
61,bringing_paper_to_recycling,3.0,12218,9440,8,3,0,1,1,True,False,0.0,0.0,True
61,bringing_paper_to_recycling,3.0,12219,9616,6,3,0,1,2,True,False,0.3333333134651184,0.9999999403953552,True
61,bringing_paper_to_recycling,3.0,12220,9604,4,1,0,1,1,True,False,0.0,0.0,True
61,bringing_paper_to_recycling,3.0,12221,14020,5,1,0,1,0,True,False,0.0,0.0,True
61,bringing_paper_to_recycling,3.0,12222,10178,4,1,0,1,1,True,False,0.0,0.0,True
61,bringing_paper_to_recycling,3.0,12223,10767,6,3,0,1,2,True,False,0.3333333134651184,0.9999999403953552,True
61,bringing_paper_to_recycling,3.0,12224,9060,6,2,0,1,1,True,False,0.0,0.0,True
61,bringing_paper_to_recycling,3.0,12225,9823,6,2,0,1,1,True,False,0.0,0.0,True
61,bringing_paper_to_recycling,3.0,12226,11127,5,2,0,1,1,True,False,0.3333333134651184,0.9999999403953552,False
61,bringing_paper_to_recycling,3.0,12227,11500,5,2,0,1,2,True,False,0.0,0.0,True
61,bringing_paper_to_recycling,3.0,12228,14487,6,3,0,1,3,True,False,0.0,0.0,True
61,bringing_paper_to_recycling,3.0,12229,11656,4,1,0,1,1,True,False,0.0,0.0,True
61,bringing_paper_to_recycling,3.0,12230,8331,5,1,0,1,0,True,False,0.0,0.0,True
61,bringing_paper_to_recycling,3.0,12231,12094,5,2,0,1,1,True,False,0.3333333134651184,0.9999999403953552,True
61,bringing_paper_to_recycling,3.0,12232,8358,17,7,0,1,0,True,False,0.0,0.0,True
61,bringing_paper_to_recycling,3.0,12233,11563,6,2,0,1,1,True,False,0.0,0.0,True
61,bringing_paper_to_recycling,3.0,12234,10128,4,1,0,1,1,True,False,0.0,0.0,True
61,bringing_paper_to_recycling,3.0,12235,8684,4,1,0,1,1,True,False,0.0,0.0,True
61,bringing_paper_to_recycling,3.0,12236,11680,9,3,0,1,0,True,False,0.0,0.0,True
61,bringing_paper_to_recycling,3.0,12237,10559,5,2,0,1,1,True,False,0.3333333134651184,0.9999999403953552,True
61,bringing_paper_to_recycling,3.0,12238,12978,7,3,0,1,2,True,False,0.0,0.0,True
61,bringing_paper_to_recycling,3.0,12239,13515,4,1,0,1,1,True,False,0.0,0.0,True
61,bringing_paper_to_recycling,3.0,12240,8500,4,1,0,1,1,True,False,0.0,0.0,True
61,bringing_paper_to_recycling,3.0,12241,8053,7,2,0,1,0,True,False,0.0,0.0,True
61,bringing_paper_to_recycling,3.0,12242,11739,10,4,0,1,1,True,False,0.0,0.0,True
61,bringing_paper_to_recycling,3.0,12243,12340,6,2,0,1,0,True,False,0.3333333134651184,0.9999999403953552,True
62,halve_an_egg,5.0,12400,6357,5,1,1,2,0,True,False,0.19999998807907104,0.9999999403953552,True
62,halve_an_egg,5.0,12401,7353,6,1,1,2,0,True,False,0.0,0.0,True
62,halve_an_egg,5.0,12402,5604,4,0,1,2,0,True,False,0.0,0.0,True
62,halve_an_egg,5.0,12403,5796,4,0,1,2,0,True,False,0.0,0.0,True
62,halve_an_egg,5.0,12404,5534,4,0,1,2,0,True,False,0.0,0.0,True
62,halve_an_egg,5.0,12405,7348,5,1,1,2,0,True,False,0.19999998807907104,0.9999999403953552,False
62,halve_an_egg,5.0,12406,7652,7,2,1,2,0,True,False,0.19999998807907104,0.9999999403953552,True
62,halve_an_egg,5.0,12407,5312,6,2,2,2,1,True,False,0.19999998807907104,0.9999999403953552,False
62,halve_an_egg,5.0,12408,5155,4,0,1,2,0,True,False,0.0,0.0,True
62,halve_an_egg,5.0,12409,6541,5,1,2,3,1,True,False,0.0,0.0,True
62,halve_an_egg,5.0,12410,6847,4,0,1,2,0,True,False,0.0,0.0,True
62,halve_an_egg,5.0,12411,6966,5,1,1,2,0,True,False,0.19999998807907104,0.9999999403953552,True
62,halve_an_egg,5.0,12412,6098,4,0,1,2,0,True,False,0.0,0.0,True
62,halve_an_egg,5.0,12413,7311,4,0,1,2,0,True,False,0.0,0.0,True
62,halve_an_egg,5.0,12414,5862,7,2,1,2,0,True,False,0.19999998807907104,0.9999999403953552,True
62,halve_an_egg,5.0,12415,6908,10,4,2,2,1,True,False,0.19999998807907104,0.9999999403953552,True
62,halve_an_egg,5.0,12416,5441,4,0,1,2,0,True,False,0.0,0.0,True
62,halve_an_egg,5.0,12417,7222,6,2,3,2,2,True,False,0.0,0.0,True
62,halve_an_egg,5.0,12418,5796,5,1,2,2,1,True,False,0.0,0.0,True
62,halve_an_egg,5.0,12419,7233,5,1,1,2,0,True,False,0.19999998807907104,0.9999999403953552,False
62,halve_an_egg,5.0,12420,8388,5,1,2,2,1,True,False,0.0,0.0,True
62,halve_an_egg,5.0,12421,5606,4,0,1,2,0,True,False,0.0,0.0,True
62,halve_an_egg,5.0,12422,5269,6,2,1,2,0,True,False,0.3999999910593033,1.9999999552965164,False
62,halve_an_egg,5.0,12423,4958,5,1,2,2,1,True,False,0.0,0.0,True
62,halve_an_egg,5.0,12424,7568,8,2,1,2,0,True,False,0.0,0.0,True
62,halve_an_egg,5.0,12425,7254,5,1,2,2,1,True,False,0.0,0.0,True
62,halve_an_egg,5.0,12426,6817,7,3,2,2,1,True,False,0.3999999910593033,1.9999999552965164,False
62,halve_an_egg,5.0,12427,6777,4,0,1,2,0,True,False,0.0,0.0,True
62,halve_an_egg,5.0,12428,8273,6,1,1,2,0,True,False,0.0,0.0,True
62,halve_an_egg,5.0,12429,4322,5,1,1,2,0,True,False,0.19999998807907104,0.9999999403953552,True
62,halve_an_egg,5.0,12430,6293,6,2,2,2,1,True,False,0.19999998807907104,0.9999999403953552,True
62,halve_an_egg,5.0,12431,5903,6,2,3,2,2,True,False,0.0,0.0,True
62,halve_an_egg,5.0,12432,5754,5,1,1,2,0,True,False,0.19999998807907104,0.9999999403953552,False
62,halve_an_egg,5.0,12433,6720,9,4,1,2,0,True,False,0.5999999940395355,2.9999999701976776,False
62,halve_an_egg,5.0,12434,5754,10,5,2,2,1,True,False,0.5999999940395355,2.9999999701976776,False
62,halve_an_egg,5.0,12435,6717,5,1,2,2,1,True,False,0.0,0.0,True
62,halve_an_egg,5.0,12436,7296,5,1,1,2,0,True,False,0.19999998807907104,0.9999999403953552,False
62,halve_an_egg,5.0,12437,7992,5,1,1,2,0,True,False,0.19999998807907104,0.9999999403953552,True
62,halve_an_egg,5.0,12438,7174,8,4,3,2,2,True,False,0.3999999910593033,1.9999999552965164,True
62,halve_an_egg,5.0,12439,6168,7,3,3,2,2,True,False,0.19999998807907104,0.9999999403953552,False
62,halve_an_egg,5.0,12440,4690,4,0,1,2,0,True,False,0.0,0.0,True
62,halve_an_egg,5.0,12441,6321,5,1,2,2,1,True,False,0.0,0.0,True
62,halve_an_egg,5.0,12442,6282,7,3,3,2,2,True,False,0.19999998807907104,0.9999999403953552,True
62,halve_an_egg,5.0,12443,7239,5,1,2,2,1,True,False,0.0,0.0,True
62,halve_an_egg,5.0,12444,4725,8,4,3,2,2,True,False,0.3999999910593033,1.9999999552965164,True
62,halve_an_egg,5.0,12445,7160,5,1,2,2,1,True,False,0.0,0.0,True
62,halve_an_egg,5.0,12446,5636,5,1,2,2,1,True,False,0.0,0.0,True
62,halve_an_egg,5.0,12447,6261,4,0,1,2,0,True,False,0.0,0.0,True
62,halve_an_egg,5.0,12448,5665,5,1,2,2,1,True,False,0.0,0.0,True
62,halve_an_egg,5.0,12449,7314,6,2,3,2,2,True,False,0.0,0.0,True
62,halve_an_egg,5.0,12450,7100,4,0,1,2,0,True,False,0.0,0.0,True
62,halve_an_egg,5.0,12451,7344,4,0,1,2,0,True,False,0.0,0.0,True
62,halve_an_egg,5.0,12452,5973,7,3,1,2,0,True,False,0.5999999940395355,2.9999999701976776,False
62,halve_an_egg,5.0,12453,6663,5,1,2,2,1,True,False,0.0,0.0,True
62,halve_an_egg,5.0,12454,7810,4,0,1,2,0,True,False,0.0,0.0,True
62,halve_an_egg,5.0,12455,5636,5,1,2,2,1,True,False,0.0,0.0,True
62,halve_an_egg,5.0,12456,6742,6,2,2,2,1,True,False,0.19999998807907104,0.9999999403953552,False
62,halve_an_egg,5.0,12457,3497,6,2,2,2,1,True,False,0.19999998807907104,0.9999999403953552,True
62,halve_an_egg,5.0,12458,6491,5,1,1,2,0,True,False,0.19999998807907104,0.9999999403953552,False
62,halve_an_egg,5.0,12459,6289,5,1,2,2,1,True,False,0.0,0.0,True
62,halve_an_egg,5.0,12460,7454,6,2,2,2,1,True,False,0.19999998807907104,0.9999999403953552,True
62,halve_an_egg,5.0,12461,6063,7,2,1,2,0,True,False,0.19999998807907104,0.9999999403953552,False
62,halve_an_egg,5.0,12462,6174,6,2,2,2,1,True,False,0.19999998807907104,0.9999999403953552,True
62,halve_an_egg,5.0,12463,7411,6,2,3,2,2,True,False,0.0,0.0,True
62,halve_an_egg,5.0,12464,5330,5,1,1,2,0,True,False,0.19999998807907104,0.9999999403953552,True
62,halve_an_egg,5.0,12465,5649,8,4,2,2,1,True,False,0.5999999940395355,2.9999999701976776,False
62,halve_an_egg,5.0,12466,7060,5,1,2,2,1,True,False,0.0,0.0,True
62,halve_an_egg,5.0,12467,5916,10,4,2,2,1,True,False,0.19999998807907104,0.9999999403953552,False
62,halve_an_egg,5.0,12468,3994,6,2,1,2,0,True,False,0.3999999910593033,1.9999999552965164,False
62,halve_an_egg,5.0,12469,7789,6,2,2,2,1,True,False,0.19999998807907104,0.9999999403953552,False
62,halve_an_egg,5.0,12470,6506,7,2,1,2,0,True,False,0.19999998807907104,0.9999999403953552,False
62,halve_an_egg,5.0,12471,5262,7,3,2,2,1,True,False,0.3999999910593033,1.9999999552965164,True
62,halve_an_egg,5.0,12472,4468,7,3,1,2,0,True,False,0.5999999940395355,2.9999999701976776,False
62,halve_an_egg,5.0,12473,5195,6,1,1,2,0,True,False,0.0,0.0,True
62,halve_an_egg,5.0,12474,7003,4,0,1,2,0,True,False,0.0,0.0,True
63,installing_smoke_detectors,1.0,12600,2016,1,0,0,1,0,True,False,0.0,0.0,True
63,installing_smoke_detectors,1.0,12601,3324,1,0,0,1,0,True,False,0.0,0.0,True
63,installing_smoke_detectors,1.0,12602,2509,1,0,0,1,0,True,False,0.0,0.0,True
63,installing_smoke_detectors,1.0,12603,2628,1,0,0,1,0,True,False,0.0,0.0,True
63,installing_smoke_detectors,1.0,12604,2535,1,0,0,1,0,True,False,0.0,0.0,True
63,installing_smoke_detectors,1.0,12605,2230,1,0,0,1,0,True,False,0.0,0.0,True
63,installing_smoke_detectors,1.0,12606,2289,1,0,0,1,0,True,False,0.0,0.0,True
63,installing_smoke_detectors,1.0,12607,2529,1,0,0,1,0,True,False,0.0,0.0,True
63,installing_smoke_detectors,1.0,12608,2565,1,0,0,1,0,True,False,0.0,0.0,True
63,installing_smoke_detectors,1.0,12609,2760,1,0,0,1,0,True,False,0.0,0.0,True
63,installing_smoke_detectors,1.0,12610,2727,1,0,0,1,0,True,False,0.0,0.0,True
63,installing_smoke_detectors,1.0,12611,2411,1,0,0,1,0,True,False,0.0,0.0,True
63,installing_smoke_detectors,1.0,12612,3852,1,0,0,1,0,True,False,0.0,0.0,True
63,installing_smoke_detectors,1.0,12613,2549,1,0,0,1,0,True,False,0.0,0.0,True
63,installing_smoke_detectors,1.0,12614,2583,1,0,0,1,0,True,False,0.0,0.0,True
63,installing_smoke_detectors,1.0,12615,2438,1,0,0,1,0,True,False,0.0,0.0,True
63,installing_smoke_detectors,1.0,12616,2205,1,0,0,1,0,True,False,0.0,0.0,True
63,installing_smoke_detectors,1.0,12617,2130,1,0,0,1,0,True,False,0.0,0.0,True
63,installing_smoke_detectors,1.0,12618,2393,2,1,0,1,1,True,False,0.0,0.0,True
63,installing_smoke_detectors,1.0,12619,2127,1,0,0,1,0,True,False,0.0,0.0,True
63,installing_smoke_detectors,1.0,12620,3900,1,0,0,1,0,True,False,0.0,0.0,True
63,installing_smoke_detectors,1.0,12621,2218,2,1,0,1,1,True,False,0.0,0.0,True
63,installing_smoke_detectors,1.0,12622,2780,2,1,0,1,1,True,False,0.0,0.0,True
63,installing_smoke_detectors,1.0,12623,2880,1,0,0,1,0,True,False,0.0,0.0,True
63,installing_smoke_detectors,1.0,12624,2328,2,1,0,1,1,True,False,0.0,0.0,True
63,installing_smoke_detectors,1.0,12625,1752,1,0,0,1,0,True,False,0.0,0.0,True
63,installing_smoke_detectors,1.0,12626,2040,1,0,0,1,0,True,False,0.0,0.0,True
63,installing_smoke_detectors,1.0,12627,3336,1,0,0,1,0,True,False,0.0,0.0,True
63,installing_smoke_detectors,1.0,12628,2778,1,0,0,1,0,True,False,0.0,0.0,True
63,installing_smoke_detectors,1.0,12629,3197,2,1,0,1,1,True,False,0.0,0.0,True
63,installing_smoke_detectors,1.0,12630,2267,1,0,0,1,0,True,False,0.0,0.0,True
63,installing_smoke_detectors,1.0,12631,2101,1,0,0,1,0,True,False,0.0,0.0,True
63,installing_smoke_detectors,1.0,12632,2236,1,0,0,1,0,True,False,0.0,0.0,True
63,installing_smoke_detectors,1.0,12633,2562,2,1,0,1,1,True,False,0.0,0.0,True
63,installing_smoke_detectors,1.0,12634,1887,1,0,0,1,0,True,False,0.0,0.0,True
63,installing_smoke_detectors,1.0,12635,2490,2,1,0,1,1,True,False,0.0,0.0,True
63,installing_smoke_detectors,1.0,12636,2206,1,0,0,1,0,True,False,0.0,0.0,True
63,installing_smoke_detectors,1.0,12637,1861,1,0,0,1,0,True,False,0.0,0.0,True
63,installing_smoke_detectors,1.0,12638,2036,1,0,0,1,0,True,False,0.0,0.0,True
63,installing_smoke_detectors,1.0,12639,2272,1,0,0,1,0,True,False,0.0,0.0,True
63,installing_smoke_detectors,1.0,12640,2425,1,0,0,1,0,True,False,0.0,0.0,True
63,installing_smoke_detectors,1.0,12641,2555,1,0,0,1,0,True,False,0.0,0.0,True
63,installing_smoke_detectors,1.0,12642,2155,1,0,0,1,0,True,False,0.0,0.0,True
63,installing_smoke_detectors,1.0,12643,3825,1,0,0,1,0,True,False,0.0,0.0,True
63,installing_smoke_detectors,1.0,12644,2471,1,0,0,1,0,True,False,0.0,0.0,True
63,installing_smoke_detectors,1.0,12645,2211,2,1,0,1,1,True,False,0.0,0.0,True
63,installing_smoke_detectors,1.0,12646,3717,1,0,0,1,0,True,False,0.0,0.0,True
63,installing_smoke_detectors,1.0,12647,2220,1,0,0,1,0,True,False,0.0,0.0,True
63,installing_smoke_detectors,1.0,12648,2147,1,0,0,1,0,True,False,0.0,0.0,True
63,installing_smoke_detectors,1.0,12649,2872,1,0,0,1,0,True,False,0.0,0.0,True
63,installing_smoke_detectors,1.0,12650,2173,1,0,0,1,0,True,False,0.0,0.0,True
63,installing_smoke_detectors,1.0,12651,2768,1,0,0,1,0,True,False,0.0,0.0,True
63,installing_smoke_detectors,1.0,12652,2306,2,1,0,1,1,True,False,0.0,0.0,True
63,installing_smoke_detectors,1.0,12653,2980,1,0,0,1,0,True,False,0.0,0.0,True
63,installing_smoke_detectors,1.0,12654,3332,1,0,0,1,0,True,False,0.0,0.0,True
63,installing_smoke_detectors,1.0,12655,1956,1,0,0,1,0,True,False,0.0,0.0,True
63,installing_smoke_detectors,1.0,12656,2159,1,0,0,1,0,True,False,0.0,0.0,True
63,installing_smoke_detectors,1.0,12657,2346,1,0,0,1,0,True,False,0.0,0.0,True
63,installing_smoke_detectors,1.0,12658,2633,1,0,0,1,0,True,False,0.0,0.0,True
63,installing_smoke_detectors,1.0,12659,2708,1,0,0,1,0,True,False,0.0,0.0,True
63,installing_smoke_detectors,1.0,12660,2163,1,0,0,1,0,True,False,0.0,0.0,True
63,installing_smoke_detectors,1.0,12661,1743,1,0,0,1,0,True,False,0.0,0.0,True
63,installing_smoke_detectors,1.0,12662,1983,1,0,0,1,0,True,False,0.0,0.0,True
63,installing_smoke_detectors,1.0,12663,3239,1,0,0,1,0,True,False,0.0,0.0,True
63,installing_smoke_detectors,1.0,12664,3473,1,0,0,1,0,True,False,0.0,0.0,True
63,installing_smoke_detectors,1.0,12665,2320,2,1,0,1,1,True,False,0.0,0.0,True
63,installing_smoke_detectors,1.0,12666,2076,2,1,0,1,1,True,False,0.0,0.0,True
63,installing_smoke_detectors,1.0,12667,2477,2,1,0,1,1,True,False,0.0,0.0,True
63,installing_smoke_detectors,1.0,12668,2173,1,0,0,1,0,True,False,0.0,0.0,True
63,installing_smoke_detectors,1.0,12669,3198,2,1,0,1,1,True,False,0.0,0.0,True
63,installing_smoke_detectors,1.0,12670,2282,1,0,0,1,0,True,False,0.0,0.0,True
63,installing_smoke_detectors,1.0,12671,2227,1,0,0,1,0,True,False,0.0,0.0,True
63,installing_smoke_detectors,1.0,12672,2817,1,0,0,1,0,True,False,0.0,0.0,True
63,installing_smoke_detectors,1.0,12673,4559,1,0,0,1,0,True,False,0.0,0.0,True
63,installing_smoke_detectors,1.0,12674,1957,1,0,0,1,0,True,False,0.0,0.0,True
63,installing_smoke_detectors,1.0,12675,2338,1,0,0,1,0,True,False,0.0,0.0,True
63,installing_smoke_detectors,1.0,12676,2721,1,0,0,1,0,True,False,0.0,0.0,True
63,installing_smoke_detectors,1.0,12677,2490,1,0,0,1,0,True,False,0.0,0.0,True
63,installing_smoke_detectors,1.0,12678,1988,1,0,0,1,0,True,False,0.0,0.0,True
63,installing_smoke_detectors,1.0,12679,2667,1,0,0,1,0,True,False,0.0,0.0,True
63,installing_smoke_detectors,1.0,12680,1864,1,0,0,1,0,True,False,0.0,0.0,True
63,installing_smoke_detectors,1.0,12681,1978,1,0,0,1,0,True,False,0.0,0.0,True
63,installing_smoke_detectors,1.0,12682,2354,2,1,0,1,1,True,False,0.0,0.0,True
63,installing_smoke_detectors,1.0,12683,4653,1,0,0,1,0,True,False,0.0,0.0,True
63,installing_smoke_detectors,1.0,12684,1715,2,1,0,1,1,True,False,0.0,0.0,True
63,installing_smoke_detectors,1.0,12685,1863,2,1,0,1,1,True,False,0.0,0.0,True
63,installing_smoke_detectors,1.0,12686,2740,2,1,0,1,1,True,False,0.0,0.0,True
63,installing_smoke_detectors,1.0,12687,2452,1,0,0,1,0,True,False,0.0,0.0,True
63,installing_smoke_detectors,1.0,12688,2229,1,0,0,1,0,True,False,0.0,0.0,True
63,installing_smoke_detectors,1.0,12689,2697,1,0,0,1,0,True,False,0.0,0.0,True
63,installing_smoke_detectors,1.0,12690,2622,1,0,0,1,0,True,False,0.0,0.0,True
63,installing_smoke_detectors,1.0,12691,2367,1,0,0,1,0,True,False,0.0,0.0,True
63,installing_smoke_detectors,1.0,12692,2204,1,0,0,1,0,True,False,0.0,0.0,True
63,installing_smoke_detectors,1.0,12693,2843,1,0,0,1,0,True,False,0.0,0.0,True
63,installing_smoke_detectors,1.0,12694,2357,2,1,0,1,1,True,False,0.0,0.0,True
63,installing_smoke_detectors,1.0,12695,1969,1,0,0,1,0,True,False,0.0,0.0,True
64,setting_the_table,4.0,12800,21786,7,2,0,1,0,True,False,0.25,1.0,True
64,setting_the_table,4.0,12801,19527,6,2,0,1,1,True,False,0.25,1.0,False
64,setting_the_table,4.0,12802,13709,5,1,1,2,0,True,False,0.0,0.0,True
64,setting_the_table,4.0,12803,16703,7,2,0,1,0,True,False,0.25,1.0,True
64,setting_the_table,4.0,12804,17309,4,0,0,1,0,True,False,0.0,0.0,True
64,setting_the_table,4.0,12805,16222,5,1,0,1,1,True,False,0.0,0.0,True
64,setting_the_table,4.0,12806,17378,8,3,0,1,0,True,False,0.5,2.0,False
64,setting_the_table,4.0,12807,14362,6,1,0,1,0,True,False,0.0,0.0,True
64,setting_the_table,4.0,12808,17966,4,0,0,1,0,True,False,0.0,0.0,True
64,setting_the_table,4.0,12809,13368,6,1,0,1,0,True,False,0.0,0.0,True
64,setting_the_table,4.0,12810,18169,6,2,1,2,1,True,False,0.25,1.0,True
64,setting_the_table,4.0,12811,19434,4,0,0,1,0,True,False,0.0,0.0,True
64,setting_the_table,4.0,12812,19362,6,1,0,1,0,True,False,0.0,0.0,True
64,setting_the_table,4.0,12813,20006,5,0,0,1,0,True,False,-0.25,-1.0,False
64,setting_the_table,4.0,12814,20366,6,2,0,1,0,True,False,0.5,2.0,False
64,setting_the_table,4.0,12815,21571,7,2,0,1,0,True,False,0.25,1.0,True
64,setting_the_table,4.0,12816,18131,6,2,1,2,1,True,False,0.5,2.0,False
64,setting_the_table,4.0,12817,19582,9,3,0,1,1,True,False,0.0,0.0,False
64,setting_the_table,4.0,12818,18389,9,4,1,2,1,True,False,0.75,3.0,False
64,setting_the_table,4.0,12819,14992,4,0,0,1,0,True,False,0.0,0.0,True
64,setting_the_table,4.0,12820,18660,5,1,0,1,1,True,False,0.0,0.0,True
64,setting_the_table,4.0,12821,17149,5,1,0,1,0,True,False,0.25,1.0,True
64,setting_the_table,4.0,12822,18900,8,3,1,2,1,True,False,0.25,1.0,False
64,setting_the_table,4.0,12823,12780,6,2,0,1,0,True,False,0.5,2.0,True
64,setting_the_table,4.0,12824,12644,6,1,0,1,0,True,False,0.0,0.0,False
64,setting_the_table,4.0,12825,18348,4,0,0,1,0,True,False,0.0,0.0,True
64,setting_the_table,4.0,12826,15329,9,2,1,2,0,True,False,-0.5,-2.0,False
64,setting_the_table,4.0,12827,13330,6,2,0,1,0,True,False,0.5,2.0,False
64,setting_the_table,4.0,12828,18743,8,2,0,1,0,True,False,0.0,0.0,True
64,setting_the_table,4.0,12829,20079,6,1,0,1,0,True,False,0.0,0.0,True
64,setting_the_table,4.0,12830,18025,8,2,1,2,0,True,False,-0.25,-1.0,False
64,setting_the_table,4.0,12831,19159,10,4,0,1,1,True,False,0.25,1.0,False
64,setting_the_table,4.0,12832,19219,6,1,0,1,0,True,False,0.0,0.0,False
64,setting_the_table,4.0,12833,12301,4,0,0,1,0,True,False,0.0,0.0,True
64,setting_the_table,4.0,12834,19495,7,2,0,1,0,True,False,0.25,1.0,False
64,setting_the_table,4.0,12835,17462,5,1,0,1,1,True,False,0.0,0.0,True
64,setting_the_table,4.0,12836,18488,5,0,1,2,0,True,False,-0.5,-2.0,False
64,setting_the_table,4.0,12837,20787,7,3,0,1,1,True,False,0.5,2.0,True
64,setting_the_table,4.0,12838,13490,6,1,0,1,0,True,False,0.0,0.0,True
64,setting_the_table,4.0,12839,12318,7,2,0,1,0,True,False,0.25,1.0,True
65,unloading_the_car,2.0,13000,11315,2,0,0,1,0,True,False,0.0,0.0,True
65,unloading_the_car,2.0,13001,8540,3,1,0,1,0,True,False,0.5,1.0,False
65,unloading_the_car,2.0,13002,11531,4,1,0,1,0,True,False,0.0,0.0,True
65,unloading_the_car,2.0,13003,10356,5,3,2,2,3,True,False,0.0,0.0,True
65,unloading_the_car,2.0,13004,12033,2,0,0,1,0,True,False,0.0,0.0,True
65,unloading_the_car,2.0,13005,10421,2,0,0,1,0,True,False,0.0,0.0,True
65,unloading_the_car,2.0,13006,9693,2,0,0,1,0,True,False,0.0,0.0,True
65,unloading_the_car,2.0,13007,12163,4,1,0,1,0,True,False,0.0,0.0,True
65,unloading_the_car,2.0,13008,10499,3,1,1,2,1,True,False,0.0,0.0,True
65,unloading_the_car,2.0,13009,11120,2,0,0,1,0,True,False,0.0,0.0,True
65,unloading_the_car,2.0,13010,10654,2,0,0,1,0,True,False,0.0,0.0,True
65,unloading_the_car,2.0,13011,10290,7,2,0,1,0,True,False,-0.5,-1.0,False
65,unloading_the_car,2.0,13012,18351,2,0,0,1,0,True,False,0.0,0.0,True
65,unloading_the_car,2.0,13013,10017,5,2,1,2,1,True,False,0.0,0.0,True
65,unloading_the_car,2.0,13014,11253,5,2,0,1,1,True,False,0.0,0.0,True
65,unloading_the_car,2.0,13015,10238,2,0,0,1,0,True,False,0.0,0.0,True
65,unloading_the_car,2.0,13016,9601,2,0,0,1,0,True,False,0.0,0.0,True
65,unloading_the_car,2.0,13017,11314,4,1,0,1,0,True,False,0.0,0.0,True
65,unloading_the_car,2.0,13018,11061,6,2,0,1,0,True,False,0.0,0.0,True
65,unloading_the_car,2.0,13019,10227,5,2,1,2,1,True,False,0.0,0.0,True
65,unloading_the_car,2.0,13020,10487,4,2,2,2,2,True,False,0.0,0.0,True
65,unloading_the_car,2.0,13021,11203,2,0,0,1,0,True,False,0.0,0.0,True
65,unloading_the_car,2.0,13022,10882,4,2,2,2,2,True,False,0.0,0.0,True
65,unloading_the_car,2.0,13023,10197,3,1,0,1,1,True,False,0.0,0.0,True
65,unloading_the_car,2.0,13024,14591,2,0,0,1,0,True,False,0.0,0.0,True
65,unloading_the_car,2.0,13025,12681,4,1,0,1,0,True,False,0.0,0.0,True
65,unloading_the_car,2.0,13026,14564,2,0,0,1,0,True,False,0.0,0.0,True
65,unloading_the_car,2.0,13027,12038,3,1,0,1,0,True,False,0.5,1.0,False
65,unloading_the_car,2.0,13028,10395,4,2,0,1,1,True,False,0.5,1.0,False
65,unloading_the_car,2.0,13029,13432,2,0,0,1,0,True,False,0.0,0.0,True
65,unloading_the_car,2.0,13030,11337,7,3,0,1,0,True,False,0.5,1.0,False
65,unloading_the_car,2.0,13031,8662,2,0,0,1,0,True,False,0.0,0.0,True
65,unloading_the_car,2.0,13032,10682,2,0,0,1,0,True,False,0.0,0.0,True
65,unloading_the_car,2.0,13033,10614,4,1,0,1,0,True,False,0.0,0.0,True
65,unloading_the_car,2.0,13034,7929,2,0,0,1,0,True,False,0.0,0.0,True
65,unloading_the_car,2.0,13035,9261,3,1,0,1,0,True,False,0.5,1.0,False
65,unloading_the_car,2.0,13036,12490,2,0,0,1,0,True,False,0.0,0.0,True
65,unloading_the_car,2.0,13037,11052,2,0,0,1,0,True,False,0.0,0.0,True
65,unloading_the_car,2.0,13038,15194,2,0,0,1,0,True,False,0.0,0.0,True
65,unloading_the_car,2.0,13039,9243,4,1,0,1,0,True,False,0.0,0.0,True
65,unloading_the_car,2.0,13040,10009,2,0,0,1,0,True,False,0.0,0.0,True
65,unloading_the_car,2.0,13041,13613,3,1,0,1,1,True,False,0.0,0.0,True
66,turning_out_all_lights_before_sleep,2.0,13200,10109,2,0,0,1,0,True,False,0.0,0.0,True
66,turning_out_all_lights_before_sleep,2.0,13201,10604,2,0,0,1,0,True,False,0.0,0.0,True
66,turning_out_all_lights_before_sleep,2.0,13202,8956,2,0,0,1,0,True,False,0.0,0.0,True
66,turning_out_all_lights_before_sleep,2.0,13203,8946,3,1,0,1,1,True,False,0.0,0.0,True
66,turning_out_all_lights_before_sleep,2.0,13204,9132,2,0,0,1,0,True,False,0.0,0.0,True
66,turning_out_all_lights_before_sleep,2.0,13205,9198,2,0,0,1,0,True,False,0.0,0.0,True
66,turning_out_all_lights_before_sleep,2.0,13206,9780,2,0,0,1,0,True,False,0.0,0.0,True
66,turning_out_all_lights_before_sleep,2.0,13207,8632,4,2,0,1,1,True,False,0.5,1.0,False
66,turning_out_all_lights_before_sleep,2.0,13208,10917,2,0,0,1,0,True,False,0.0,0.0,True
66,turning_out_all_lights_before_sleep,2.0,13209,9823,2,0,0,1,0,True,False,0.0,0.0,True
66,turning_out_all_lights_before_sleep,2.0,13210,9279,2,0,0,1,0,True,False,0.0,0.0,True
66,turning_out_all_lights_before_sleep,2.0,13211,9981,4,2,0,1,1,True,False,0.5,1.0,False
66,turning_out_all_lights_before_sleep,2.0,13212,8733,3,1,0,1,1,True,False,0.0,0.0,True
66,turning_out_all_lights_before_sleep,2.0,13213,11487,2,0,0,1,0,True,False,0.0,0.0,True
66,turning_out_all_lights_before_sleep,2.0,13214,9627,2,0,0,1,0,True,False,0.0,0.0,True
66,turning_out_all_lights_before_sleep,2.0,13215,12059,2,0,0,1,0,True,False,0.0,0.0,True
66,turning_out_all_lights_before_sleep,2.0,13216,9017,2,0,0,1,0,True,False,0.0,0.0,True
66,turning_out_all_lights_before_sleep,2.0,13217,11604,2,0,0,1,0,True,False,0.0,0.0,True
66,turning_out_all_lights_before_sleep,2.0,13218,8661,3,1,0,1,1,True,False,0.0,0.0,True
66,turning_out_all_lights_before_sleep,2.0,13219,10609,2,0,0,1,0,True,False,0.0,0.0,True
66,turning_out_all_lights_before_sleep,2.0,13220,11901,3,1,0,1,0,True,False,0.5,1.0,False
66,turning_out_all_lights_before_sleep,2.0,13221,12398,2,0,0,1,0,True,False,0.0,0.0,True
66,turning_out_all_lights_before_sleep,2.0,13222,11113,4,2,0,1,1,True,False,0.5,1.0,False
66,turning_out_all_lights_before_sleep,2.0,13223,8423,2,0,0,1,0,True,False,0.0,0.0,True
66,turning_out_all_lights_before_sleep,2.0,13224,10813,2,0,0,1,0,True,False,0.0,0.0,True
66,turning_out_all_lights_before_sleep,2.0,13225,9985,2,0,0,1,0,True,False,0.0,0.0,True
66,turning_out_all_lights_before_sleep,2.0,13226,10534,2,0,0,1,0,True,False,0.0,0.0,True
66,turning_out_all_lights_before_sleep,2.0,13227,9373,3,1,0,1,0,True,False,0.5,1.0,False
66,turning_out_all_lights_before_sleep,2.0,13228,11715,2,0,0,1,0,True,False,0.0,0.0,True
66,turning_out_all_lights_before_sleep,2.0,13229,10767,3,1,0,1,1,True,False,0.0,0.0,True
66,turning_out_all_lights_before_sleep,2.0,13230,9806,2,0,0,1,0,True,False,0.0,0.0,True
66,turning_out_all_lights_before_sleep,2.0,13231,9716,3,1,0,1,1,True,False,0.0,0.0,True
66,turning_out_all_lights_before_sleep,2.0,13232,8719,3,1,0,1,1,True,False,0.0,0.0,True
66,turning_out_all_lights_before_sleep,2.0,13233,10080,3,1,0,1,0,True,False,0.5,1.0,False
66,turning_out_all_lights_before_sleep,2.0,13234,8826,4,2,0,1,1,True,False,0.5,1.0,False
66,turning_out_all_lights_before_sleep,2.0,13235,8767,2,0,0,1,0,True,False,0.0,0.0,True
66,turning_out_all_lights_before_sleep,2.0,13236,9138,2,0,0,1,0,True,False,0.0,0.0,True
66,turning_out_all_lights_before_sleep,2.0,13237,7831,4,2,0,1,1,True,False,0.5,1.0,False
66,turning_out_all_lights_before_sleep,2.0,13238,8015,2,0,0,1,0,True,False,0.0,0.0,True
66,turning_out_all_lights_before_sleep,2.0,13239,9227,5,3,0,1,3,True,False,0.0,0.0,True
66,turning_out_all_lights_before_sleep,2.0,13240,13596,2,0,0,1,0,True,False,0.0,0.0,True
66,turning_out_all_lights_before_sleep,2.0,13241,11094,2,0,0,1,0,True,False,0.0,0.0,True
66,turning_out_all_lights_before_sleep,2.0,13242,11365,3,1,0,1,1,True,False,0.0,0.0,True
66,turning_out_all_lights_before_sleep,2.0,13243,11750,2,0,0,1,0,True,False,0.0,0.0,True
66,turning_out_all_lights_before_sleep,2.0,13244,9763,3,1,0,1,1,True,False,0.0,0.0,True
66,turning_out_all_lights_before_sleep,2.0,13245,12503,2,0,0,1,0,True,False,0.0,0.0,True
66,turning_out_all_lights_before_sleep,2.0,13246,9480,2,0,0,1,0,True,False,0.0,0.0,True
66,turning_out_all_lights_before_sleep,2.0,13247,9945,2,0,0,1,0,True,False,0.0,0.0,True
67,boxing_food_after_dinner,5.0,13400,7196,6,1,0,1,0,True,False,0.19999998807907104,0.9999999403953552,True
67,boxing_food_after_dinner,5.0,13401,5830,13,6,0,1,1,True,False,0.5999999940395355,2.9999999701976776,False
67,boxing_food_after_dinner,5.0,13402,5692,8,2,0,1,0,True,False,0.19999998807907104,0.9999999403953552,True
67,boxing_food_after_dinner,5.0,13403,6443,13,4,0,1,0,True,False,0.0,0.0,True
67,boxing_food_after_dinner,5.0,13404,6639,8,2,0,1,0,True,False,0.19999998807907104,0.9999999403953552,True
67,boxing_food_after_dinner,5.0,13405,6076,9,3,0,1,0,True,False,0.3999999910593033,1.9999999552965164,False
67,boxing_food_after_dinner,5.0,13406,6252,9,4,0,1,1,True,False,0.5999999940395355,2.9999999701976776,True
67,boxing_food_after_dinner,5.0,13407,6430,12,5,0,1,0,True,False,0.5999999940395355,2.9999999701976776,False
67,boxing_food_after_dinner,5.0,13408,6951,10,4,0,1,1,True,False,0.3999999910593033,1.9999999552965164,True
67,boxing_food_after_dinner,5.0,13409,5733,10,3,0,1,0,True,False,0.19999998807907104,0.9999999403953552,True
67,boxing_food_after_dinner,5.0,13410,5897,7,1,0,1,0,True,False,0.0,0.0,True
67,boxing_food_after_dinner,5.0,13411,7309,9,2,0,1,0,True,False,0.0,0.0,True
67,boxing_food_after_dinner,5.0,13412,9205,17,7,0,1,0,True,False,0.3999999910593033,1.9999999552965164,False
67,boxing_food_after_dinner,5.0,13413,6793,13,4,0,1,0,True,False,0.0,0.0,True
67,boxing_food_after_dinner,5.0,13414,7206,13,5,0,1,0,True,False,0.3999999910593033,1.9999999552965164,True
67,boxing_food_after_dinner,5.0,13415,8790,13,6,0,1,1,True,False,0.5999999940395355,2.9999999701976776,False
67,boxing_food_after_dinner,5.0,13416,5031,7,2,0,1,0,True,False,0.3999999910593033,1.9999999552965164,False
67,boxing_food_after_dinner,5.0,13417,7581,10,3,0,1,0,True,False,0.19999998807907104,0.9999999403953552,True
67,boxing_food_after_dinner,5.0,13418,5422,11,6,0,1,2,True,False,0.7999999970197678,3.999999985098839,False
67,boxing_food_after_dinner,5.0,13419,6990,10,4,0,1,0,True,False,0.5999999940395355,2.9999999701976776,False
67,boxing_food_after_dinner,5.0,13420,5274,7,2,0,1,0,True,False,0.3999999910593033,1.9999999552965164,True
67,boxing_food_after_dinner,5.0,13421,7191,9,2,0,1,0,True,False,0.0,0.0,True
67,boxing_food_after_dinner,5.0,13422,6249,9,3,0,1,1,True,False,0.19999998807907104,0.9999999403953552,True
67,boxing_food_after_dinner,5.0,13423,7092,6,1,0,1,0,True,False,0.19999998807907104,0.9999999403953552,True
67,boxing_food_after_dinner,5.0,13424,4976,12,3,0,1,0,True,False,-0.20000001788139343,-1.0000000894069672,False
67,boxing_food_after_dinner,5.0,13425,5706,13,6,0,1,1,True,False,0.5999999940395355,2.9999999701976776,False
67,boxing_food_after_dinner,5.0,13426,6394,11,3,0,1,0,True,False,0.0,0.0,True
67,boxing_food_after_dinner,5.0,13427,5548,10,3,0,1,0,True,False,0.19999998807907104,0.9999999403953552,False
67,boxing_food_after_dinner,5.0,13428,6052,9,3,0,1,0,True,False,0.3999999910593033,1.9999999552965164,True
67,boxing_food_after_dinner,5.0,13429,8365,10,4,0,1,0,True,False,0.5999999940395355,2.9999999701976776,False
67,boxing_food_after_dinner,5.0,13430,6889,17,8,0,1,1,True,False,0.5999999940395355,2.9999999701976776,False
67,boxing_food_after_dinner,5.0,13431,6753,13,5,0,1,0,True,False,0.3999999910593033,1.9999999552965164,False
67,boxing_food_after_dinner,5.0,13432,10027,7,2,0,1,1,True,False,0.19999998807907104,0.9999999403953552,True
67,boxing_food_after_dinner,5.0,13433,5518,14,6,0,1,1,True,False,0.3999999910593033,1.9999999552965164,True
67,boxing_food_after_dinner,5.0,13434,7144,11,4,0,1,0,True,False,0.3999999910593033,1.9999999552965164,True
67,boxing_food_after_dinner,5.0,13435,5055,10,4,0,1,0,True,False,0.5999999940395355,2.9999999701976776,False
67,boxing_food_after_dinner,5.0,13436,6792,9,3,0,1,1,True,False,0.19999998807907104,0.9999999403953552,True
67,boxing_food_after_dinner,5.0,13437,7306,11,4,0,1,0,True,False,0.3999999910593033,1.9999999552965164,True
67,boxing_food_after_dinner,5.0,13438,4966,14,5,0,1,0,True,False,0.19999998807907104,0.9999999403953552,True
67,boxing_food_after_dinner,5.0,13439,6870,8,2,0,1,0,True,False,0.19999998807907104,0.9999999403953552,False
67,boxing_food_after_dinner,5.0,13440,9664,9,3,0,1,0,True,False,0.3999999910593033,1.9999999552965164,False
67,boxing_food_after_dinner,5.0,13441,7423,8,1,0,1,0,True,False,-0.20000001788139343,-1.0000000894069672,False
67,boxing_food_after_dinner,5.0,13442,5448,9,2,0,1,0,True,False,0.0,0.0,True
67,boxing_food_after_dinner,5.0,13443,9474,13,6,0,1,0,True,False,0.7999999970197678,3.999999985098839,False
67,boxing_food_after_dinner,5.0,13444,5339,6,1,0,1,0,True,False,0.19999998807907104,0.9999999403953552,True
67,boxing_food_after_dinner,5.0,13445,8321,11,5,0,1,1,True,False,0.5999999940395355,2.9999999701976776,False
67,boxing_food_after_dinner,5.0,13446,8353,6,1,0,1,0,True,False,0.19999998807907104,0.9999999403953552,True
67,boxing_food_after_dinner,5.0,13447,6839,17,6,0,1,0,True,False,0.0,0.0,True
67,boxing_food_after_dinner,5.0,13448,10263,19,7,0,1,0,True,False,0.0,0.0,True
67,boxing_food_after_dinner,5.0,13449,8185,26,14,0,1,5,True,False,0.3999999910593033,1.9999999552965164,True
67,boxing_food_after_dinner,5.0,13450,6517,9,2,0,1,0,True,False,0.0,0.0,True
67,boxing_food_after_dinner,5.0,13451,4955,9,3,0,1,0,True,False,0.3999999910593033,1.9999999552965164,True
67,boxing_food_after_dinner,5.0,13452,7394,11,4,0,1,0,True,False,0.3999999910593033,1.9999999552965164,True
67,boxing_food_after_dinner,5.0,13453,7479,11,4,0,1,0,True,False,0.3999999910593033,1.9999999552965164,False
67,boxing_food_after_dinner,5.0,13454,6568,9,3,0,1,0,True,False,0.3999999910593033,1.9999999552965164,False
67,boxing_food_after_dinner,5.0,13455,5280,8,3,0,1,0,True,False,0.5999999940395355,2.9999999701976776,True
67,boxing_food_after_dinner,5.0,13456,7323,10,3,0,1,0,True,False,0.19999998807907104,0.9999999403953552,False
67,boxing_food_after_dinner,5.0,13457,6281,14,6,0,1,1,True,False,0.3999999910593033,1.9999999552965164,True
67,boxing_food_after_dinner,5.0,13458,6400,9,3,0,1,0,True,False,0.3999999910593033,1.9999999552965164,True
67,boxing_food_after_dinner,5.0,13459,5985,11,4,0,1,0,True,False,0.3999999910593033,1.9999999552965164,False
67,boxing_food_after_dinner,5.0,13460,6729,9,3,0,1,0,True,False,0.3999999910593033,1.9999999552965164,True
67,boxing_food_after_dinner,5.0,13461,6702,7,2,0,1,0,True,False,0.3999999910593033,1.9999999552965164,False
67,boxing_food_after_dinner,5.0,13462,5173,9,3,0,1,0,True,False,0.3999999910593033,1.9999999552965164,False
67,boxing_food_after_dinner,5.0,13463,6299,12,6,0,1,2,True,False,0.5999999940395355,2.9999999701976776,True
67,boxing_food_after_dinner,5.0,13464,6756,9,3,0,1,1,True,False,0.19999998807907104,0.9999999403953552,False
67,boxing_food_after_dinner,5.0,13465,6242,7,1,0,1,0,True,False,0.0,0.0,True
67,boxing_food_after_dinner,5.0,13466,6525,8,2,0,1,0,True,False,0.19999998807907104,0.9999999403953552,True
67,boxing_food_after_dinner,5.0,13467,7932,7,2,0,1,0,True,False,0.3999999910593033,1.9999999552965164,False
67,boxing_food_after_dinner,5.0,13468,6808,10,3,0,1,0,True,False,0.19999998807907104,0.9999999403953552,True
67,boxing_food_after_dinner,5.0,13469,6933,9,3,0,1,1,True,False,0.19999998807907104,0.9999999403953552,True
68,cleaning_up_branches_and_twigs,2.0,13600,13017,6,3,0,1,2,True,False,0.0,0.0,True
68,cleaning_up_branches_and_twigs,2.0,13601,12301,2,0,0,1,0,True,False,0.0,0.0,True
68,cleaning_up_branches_and_twigs,2.0,13602,9816,2,1,0,1,1,True,False,0.5,1.0,True
68,cleaning_up_branches_and_twigs,2.0,13603,10452,4,3,0,1,3,True,False,0.5,1.0,True
68,cleaning_up_branches_and_twigs,2.0,13604,11692,5,3,0,1,3,True,False,0.0,0.0,True
68,cleaning_up_branches_and_twigs,2.0,13605,15315,8,5,0,1,4,True,False,0.0,0.0,True
68,cleaning_up_branches_and_twigs,2.0,13606,13038,5,3,0,1,2,True,False,0.5,1.0,False
68,cleaning_up_branches_and_twigs,2.0,13607,12550,10,7,0,1,5,True,False,0.5,1.0,False
68,cleaning_up_branches_and_twigs,2.0,13608,12425,2,1,0,1,1,True,False,0.5,1.0,True
68,cleaning_up_branches_and_twigs,2.0,13609,12559,4,2,0,1,2,True,False,0.0,0.0,True
68,cleaning_up_branches_and_twigs,2.0,13610,12423,1,0,0,1,0,True,False,0.5,1.0,True
68,cleaning_up_branches_and_twigs,2.0,13611,13264,3,2,0,1,2,True,False,0.5,1.0,True
68,cleaning_up_branches_and_twigs,2.0,13612,11989,2,1,0,1,1,True,False,0.5,1.0,True
68,cleaning_up_branches_and_twigs,2.0,13613,11131,3,1,0,1,1,True,False,0.0,0.0,True
68,cleaning_up_branches_and_twigs,2.0,13614,12096,2,1,0,1,1,True,False,0.5,1.0,True
68,cleaning_up_branches_and_twigs,2.0,13615,12949,3,2,0,1,2,True,False,0.5,1.0,True
68,cleaning_up_branches_and_twigs,2.0,13616,7720,1,0,0,1,0,True,False,0.5,1.0,True
68,cleaning_up_branches_and_twigs,2.0,13617,12040,2,1,0,1,1,True,False,0.5,1.0,True
68,cleaning_up_branches_and_twigs,2.0,13618,11369,2,1,0,1,1,True,False,0.5,1.0,True
68,cleaning_up_branches_and_twigs,2.0,13619,11426,4,2,0,1,1,True,False,0.5,1.0,False
68,cleaning_up_branches_and_twigs,2.0,13620,11636,2,1,0,1,1,True,False,0.5,1.0,True
68,cleaning_up_branches_and_twigs,2.0,13621,13215,6,4,0,1,3,True,False,0.5,1.0,False
68,cleaning_up_branches_and_twigs,2.0,13622,13325,1,0,0,1,0,True,False,0.5,1.0,True
68,cleaning_up_branches_and_twigs,2.0,13623,11937,2,1,0,1,1,True,False,0.5,1.0,True
68,cleaning_up_branches_and_twigs,2.0,13624,13366,6,3,0,1,1,True,False,0.5,1.0,False
68,cleaning_up_branches_and_twigs,2.0,13625,12521,7,5,0,1,5,True,False,0.0,0.0,True
68,cleaning_up_branches_and_twigs,2.0,13626,13702,7,5,0,1,4,True,False,0.5,1.0,False
68,cleaning_up_branches_and_twigs,2.0,13627,11989,1,0,0,1,0,True,False,0.5,1.0,True
68,cleaning_up_branches_and_twigs,2.0,13628,12169,3,2,0,1,2,True,False,0.5,1.0,True
68,cleaning_up_branches_and_twigs,2.0,13629,12603,4,3,0,1,3,True,False,0.5,1.0,True
68,cleaning_up_branches_and_twigs,2.0,13630,15324,5,4,0,1,4,True,False,0.5,1.0,True
68,cleaning_up_branches_and_twigs,2.0,13631,13062,2,1,0,1,1,True,False,0.5,1.0,True
68,cleaning_up_branches_and_twigs,2.0,13632,12963,4,2,0,1,1,True,False,0.5,1.0,False
68,cleaning_up_branches_and_twigs,2.0,13633,11916,5,3,0,1,2,True,False,0.5,1.0,False
68,cleaning_up_branches_and_twigs,2.0,13634,11231,3,2,0,1,2,True,False,0.5,1.0,True
68,cleaning_up_branches_and_twigs,2.0,13635,14434,2,1,0,1,1,True,False,0.5,1.0,True
68,cleaning_up_branches_and_twigs,2.0,13636,13682,2,1,0,1,1,True,False,0.5,1.0,True
68,cleaning_up_branches_and_twigs,2.0,13637,13736,2,1,0,1,1,True,False,0.5,1.0,True
68,cleaning_up_branches_and_twigs,2.0,13638,12180,5,2,0,1,1,True,False,0.0,0.0,False
68,cleaning_up_branches_and_twigs,2.0,13639,11563,4,2,0,1,2,True,False,0.0,0.0,True
68,cleaning_up_branches_and_twigs,2.0,13640,10276,5,3,0,1,2,True,False,0.5,1.0,False
68,cleaning_up_branches_and_twigs,2.0,13641,14245,2,1,0,1,1,True,False,0.5,1.0,True
68,cleaning_up_branches_and_twigs,2.0,13642,12782,2,1,0,1,1,True,False,0.5,1.0,True
68,cleaning_up_branches_and_twigs,2.0,13643,10833,1,0,0,1,0,True,False,0.5,1.0,True
68,cleaning_up_branches_and_twigs,2.0,13644,9437,1,0,0,1,0,True,False,0.5,1.0,True
68,cleaning_up_branches_and_twigs,2.0,13645,8798,4,2,0,1,1,True,False,0.5,1.0,False
68,cleaning_up_branches_and_twigs,2.0,13646,11622,1,0,0,1,0,True,False,0.5,1.0,True
68,cleaning_up_branches_and_twigs,2.0,13647,11778,4,2,0,1,2,True,False,0.0,0.0,True
68,cleaning_up_branches_and_twigs,2.0,13648,12549,5,2,0,1,1,True,False,0.0,0.0,True
68,cleaning_up_branches_and_twigs,2.0,13649,13838,3,1,0,1,1,True,False,0.0,0.0,True
68,cleaning_up_branches_and_twigs,2.0,13650,15709,2,1,0,1,1,True,False,0.5,1.0,True
68,cleaning_up_branches_and_twigs,2.0,13651,12938,4,2,0,1,1,True,False,0.5,1.0,False
68,cleaning_up_branches_and_twigs,2.0,13652,11534,5,3,0,1,2,True,False,0.5,1.0,False
68,cleaning_up_branches_and_twigs,2.0,13653,12153,4,2,0,1,1,True,False,0.5,1.0,False
68,cleaning_up_branches_and_twigs,2.0,13654,8465,5,3,0,1,2,True,False,0.5,1.0,False
68,cleaning_up_branches_and_twigs,2.0,13655,11381,3,1,0,1,1,True,False,0.0,0.0,True
68,cleaning_up_branches_and_twigs,2.0,13656,12811,5,3,0,1,2,True,False,0.5,1.0,False
69,vacuuming_floors,1.0,13800,1950,2,1,0,1,1,True,False,0.0,0.0,True
69,vacuuming_floors,1.0,13801,3303,1,0,0,1,0,True,False,0.0,0.0,True
69,vacuuming_floors,1.0,13802,2787,2,1,0,1,1,True,False,0.0,0.0,True
69,vacuuming_floors,1.0,13803,2242,1,0,0,1,0,True,False,0.0,0.0,True
69,vacuuming_floors,1.0,13804,2474,3,2,0,1,2,True,False,0.0,0.0,True
69,vacuuming_floors,1.0,13805,2462,1,0,0,1,0,True,False,0.0,0.0,True
69,vacuuming_floors,1.0,13806,1977,1,0,0,1,0,True,False,0.0,0.0,True
69,vacuuming_floors,1.0,13807,2372,1,0,0,1,0,True,False,0.0,0.0,True
69,vacuuming_floors,1.0,13808,1949,2,1,0,1,1,True,False,0.0,0.0,True
69,vacuuming_floors,1.0,13809,1289,2,1,0,1,1,True,False,0.0,0.0,True
69,vacuuming_floors,1.0,13810,1839,1,0,0,1,0,True,False,0.0,0.0,True
69,vacuuming_floors,1.0,13811,2131,1,0,0,1,0,True,False,0.0,0.0,True
69,vacuuming_floors,1.0,13812,2592,1,0,0,1,0,True,False,0.0,0.0,True
69,vacuuming_floors,1.0,13813,2082,2,1,0,1,1,True,False,0.0,0.0,True
69,vacuuming_floors,1.0,13814,1252,1,0,0,1,0,True,False,0.0,0.0,True
69,vacuuming_floors,1.0,13815,1777,1,0,0,1,0,True,False,0.0,0.0,True
69,vacuuming_floors,1.0,13816,2693,2,1,0,1,1,True,False,0.0,0.0,True
69,vacuuming_floors,1.0,13817,1993,1,0,0,1,0,True,False,0.0,0.0,True
69,vacuuming_floors,1.0,13818,2812,1,0,0,1,0,True,False,0.0,0.0,True
69,vacuuming_floors,1.0,13819,2653,1,0,0,1,0,True,False,0.0,0.0,True
69,vacuuming_floors,1.0,13820,3308,1,0,0,1,0,True,False,0.0,0.0,True
69,vacuuming_floors,1.0,13821,1211,1,0,0,1,0,True,False,0.0,0.0,True
69,vacuuming_floors,1.0,13822,1528,1,0,0,1,0,True,False,0.0,0.0,True
69,vacuuming_floors,1.0,13823,1708,1,0,0,1,0,True,False,0.0,0.0,True
69,vacuuming_floors,1.0,13824,3154,1,0,0,1,0,True,False,0.0,0.0,True
69,vacuuming_floors,1.0,13825,3812,2,1,0,1,1,True,False,0.0,0.0,True
69,vacuuming_floors,1.0,13826,2084,2,1,0,1,1,True,False,0.0,0.0,True
69,vacuuming_floors,1.0,13827,1508,1,0,0,1,0,True,False,0.0,0.0,True
69,vacuuming_floors,1.0,13828,2284,1,0,0,1,0,True,False,0.0,0.0,True
69,vacuuming_floors,1.0,13829,1998,2,1,0,1,1,True,False,0.0,0.0,True
69,vacuuming_floors,1.0,13830,2175,2,1,0,1,1,True,False,0.0,0.0,True
69,vacuuming_floors,1.0,13831,1959,1,0,0,1,0,True,False,0.0,0.0,True
69,vacuuming_floors,1.0,13832,2850,5,4,0,1,4,True,False,0.0,0.0,True
69,vacuuming_floors,1.0,13833,2209,1,0,0,1,0,True,False,0.0,0.0,True
69,vacuuming_floors,1.0,13834,2405,2,1,0,1,1,True,False,0.0,0.0,True
69,vacuuming_floors,1.0,13835,1728,1,0,0,1,0,True,False,0.0,0.0,True
69,vacuuming_floors,1.0,13836,2448,1,0,0,1,0,True,False,0.0,0.0,True
69,vacuuming_floors,1.0,13837,2573,1,0,0,1,0,True,False,0.0,0.0,True
69,vacuuming_floors,1.0,13838,2560,3,2,0,1,2,True,False,0.0,0.0,True
69,vacuuming_floors,1.0,13839,1841,1,0,0,1,0,True,False,0.0,0.0,True
69,vacuuming_floors,1.0,13840,2450,1,0,0,1,0,True,False,0.0,0.0,True
69,vacuuming_floors,1.0,13841,1867,3,2,0,1,2,True,False,0.0,0.0,True
69,vacuuming_floors,1.0,13842,2728,1,0,0,1,0,True,False,0.0,0.0,True
69,vacuuming_floors,1.0,13843,2529,1,0,0,1,0,True,False,0.0,0.0,True
69,vacuuming_floors,1.0,13844,2319,1,0,0,1,0,True,False,0.0,0.0,True
69,vacuuming_floors,1.0,13845,1820,1,0,0,1,0,True,False,0.0,0.0,True
69,vacuuming_floors,1.0,13846,1980,1,0,0,1,0,True,False,0.0,0.0,True
69,vacuuming_floors,1.0,13847,2364,2,1,0,1,1,True,False,0.0,0.0,True
69,vacuuming_floors,1.0,13848,2636,1,0,0,1,0,True,False,0.0,0.0,True
69,vacuuming_floors,1.0,13849,1495,1,0,0,1,0,True,False,0.0,0.0,True
69,vacuuming_floors,1.0,13850,2771,1,0,0,1,0,True,False,0.0,0.0,True
69,vacuuming_floors,1.0,13851,2704,1,0,0,1,0,True,False,0.0,0.0,True
69,vacuuming_floors,1.0,13852,1513,1,0,0,1,0,True,False,0.0,0.0,True
69,vacuuming_floors,1.0,13853,2160,2,1,0,1,1,True,False,0.0,0.0,True
69,vacuuming_floors,1.0,13854,3228,1,0,0,1,0,True,False,0.0,0.0,True
69,vacuuming_floors,1.0,13855,1801,1,0,0,1,0,True,False,0.0,0.0,True
69,vacuuming_floors,1.0,13856,2868,1,0,0,1,0,True,False,0.0,0.0,True
69,vacuuming_floors,1.0,13857,2400,3,2,0,1,2,True,False,0.0,0.0,True
69,vacuuming_floors,1.0,13858,1504,1,0,0,1,0,True,False,0.0,0.0,True
69,vacuuming_floors,1.0,13859,2332,1,0,0,1,0,True,False,0.0,0.0,True
69,vacuuming_floors,1.0,13860,2493,2,1,0,1,1,True,False,0.0,0.0,True
69,vacuuming_floors,1.0,13861,4281,1,0,0,1,0,True,False,0.0,0.0,True
69,vacuuming_floors,1.0,13862,1624,1,0,0,1,0,True,False,0.0,0.0,True
69,vacuuming_floors,1.0,13863,1676,1,0,0,1,0,True,False,0.0,0.0,True
69,vacuuming_floors,1.0,13864,3103,1,0,0,1,0,True,False,0.0,0.0,True
69,vacuuming_floors,1.0,13865,2214,1,0,0,1,0,True,False,0.0,0.0,True
69,vacuuming_floors,1.0,13866,2564,1,0,0,1,0,True,False,0.0,0.0,True
69,vacuuming_floors,1.0,13867,2391,2,1,0,1,1,True,False,0.0,0.0,True
69,vacuuming_floors,1.0,13868,1773,1,0,0,1,0,True,False,0.0,0.0,True
69,vacuuming_floors,1.0,13869,2056,2,1,0,1,1,True,False,0.0,0.0,True
69,vacuuming_floors,1.0,13870,1697,1,0,0,1,0,True,False,0.0,0.0,True
69,vacuuming_floors,1.0,13871,1962,2,1,0,1,1,True,False,0.0,0.0,True
69,vacuuming_floors,1.0,13872,3641,1,0,0,1,0,True,False,0.0,0.0,True
69,vacuuming_floors,1.0,13873,1480,2,1,0,1,1,True,False,0.0,0.0,True
69,vacuuming_floors,1.0,13874,3141,1,0,0,1,0,True,False,0.0,0.0,True
69,vacuuming_floors,1.0,13875,2979,1,0,0,1,0,True,False,0.0,0.0,True
69,vacuuming_floors,1.0,13876,1858,1,0,0,1,0,True,False,0.0,0.0,True
69,vacuuming_floors,1.0,13877,2512,1,0,0,1,0,True,False,0.0,0.0,True
69,vacuuming_floors,1.0,13878,2145,2,1,0,1,1,True,False,0.0,0.0,True
69,vacuuming_floors,1.0,13879,1956,1,0,0,1,0,True,False,0.0,0.0,True
69,vacuuming_floors,1.0,13880,2083,1,0,0,1,0,True,False,0.0,0.0,True
69,vacuuming_floors,1.0,13881,3108,1,0,0,1,0,True,False,0.0,0.0,True
69,vacuuming_floors,1.0,13882,2320,1,0,0,1,0,True,False,0.0,0.0,True
69,vacuuming_floors,1.0,13883,2505,1,0,0,1,0,True,False,0.0,0.0,True
69,vacuuming_floors,1.0,13884,2886,1,0,0,1,0,True,False,0.0,0.0,True
69,vacuuming_floors,1.0,13885,2917,1,0,0,1,0,True,False,0.0,0.0,True
69,vacuuming_floors,1.0,13886,1431,2,1,0,1,1,True,False,0.0,0.0,True
69,vacuuming_floors,1.0,13887,1823,1,0,0,1,0,True,False,0.0,0.0,True
69,vacuuming_floors,1.0,13888,2382,2,1,0,1,1,True,False,0.0,0.0,True
69,vacuuming_floors,1.0,13889,2963,1,0,0,1,0,True,False,0.0,0.0,True
69,vacuuming_floors,1.0,13890,3127,3,2,0,1,2,True,False,0.0,0.0,True
69,vacuuming_floors,1.0,13891,1476,1,0,0,1,0,True,False,0.0,0.0,True
69,vacuuming_floors,1.0,13892,2037,1,0,0,1,0,True,False,0.0,0.0,True
69,vacuuming_floors,1.0,13893,2487,1,0,0,1,0,True,False,0.0,0.0,True
69,vacuuming_floors,1.0,13894,2835,1,0,0,1,0,True,False,0.0,0.0,True
69,vacuuming_floors,1.0,13895,3328,1,0,0,1,0,True,False,0.0,0.0,True
69,vacuuming_floors,1.0,13896,2104,1,0,0,1,0,True,False,0.0,0.0,True
69,vacuuming_floors,1.0,13897,2200,1,0,0,1,0,True,False,0.0,0.0,True
69,vacuuming_floors,1.0,13898,2540,1,0,0,1,0,True,False,0.0,0.0,True
69,vacuuming_floors,1.0,13899,1797,1,0,0,1,0,True,False,0.0,0.0,True
69,vacuuming_floors,1.0,13900,2686,2,1,0,1,1,True,False,0.0,0.0,True
69,vacuuming_floors,1.0,13901,1932,1,0,0,1,0,True,False,0.0,0.0,True
69,vacuuming_floors,1.0,13902,1716,1,0,0,1,0,True,False,0.0,0.0,True
69,vacuuming_floors,1.0,13903,2368,1,0,0,1,0,True,False,0.0,0.0,True
69,vacuuming_floors,1.0,13904,2721,1,0,0,1,0,True,False,0.0,0.0,True
70,thawing_frozen_food,7.0,14000,10435,10,3,1,2,1,True,False,0.14285710453987122,0.9999997317790985,True
70,thawing_frozen_food,7.0,14001,8058,16,5,0,1,1,True,False,0.0,0.0,True
70,thawing_frozen_food,7.0,14002,5973,13,4,0,1,0,True,False,0.285714253783226,1.999999776482582,True
70,thawing_frozen_food,7.0,14003,7078,16,8,1,2,2,True,False,0.7142857015132904,4.999999910593033,False
70,thawing_frozen_food,7.0,14004,5777,14,6,0,1,1,True,False,0.5714285522699356,3.9999998658895493,True
70,thawing_frozen_food,7.0,14005,12913,19,8,0,1,1,True,False,0.4285714030265808,2.9999998211860657,False
70,thawing_frozen_food,7.0,14006,8787,16,6,0,1,1,True,False,0.285714253783226,1.999999776482582,True
70,thawing_frozen_food,7.0,14007,5791,12,4,0,1,1,True,False,0.285714253783226,1.999999776482582,True
70,thawing_frozen_food,7.0,14008,6904,13,4,0,1,1,True,False,0.14285710453987122,0.9999997317790985,True
70,thawing_frozen_food,7.0,14009,9997,13,4,0,1,0,True,False,0.285714253783226,1.999999776482582,True
70,thawing_frozen_food,7.0,14010,7303,16,7,0,1,2,True,False,0.4285714030265808,2.9999998211860657,True
70,thawing_frozen_food,7.0,14011,6696,12,5,0,1,1,True,False,0.5714285522699356,3.9999998658895493,False
70,thawing_frozen_food,7.0,14012,6300,12,4,0,1,1,True,False,0.285714253783226,1.999999776482582,True
70,thawing_frozen_food,7.0,14013,8572,19,7,0,1,1,True,False,0.14285710453987122,0.9999997317790985,True
70,thawing_frozen_food,7.0,14014,6218,10,3,0,1,1,True,False,0.285714253783226,1.999999776482582,True
70,thawing_frozen_food,7.0,14015,9530,9,2,0,1,1,True,False,0.14285710453987122,0.9999997317790985,True
70,thawing_frozen_food,7.0,14016,6295,15,6,1,2,2,True,False,0.285714253783226,1.999999776482582,True
70,thawing_frozen_food,7.0,14017,10649,14,5,0,1,1,True,False,0.285714253783226,1.999999776482582,True
70,thawing_frozen_food,7.0,14018,7519,16,5,0,1,0,True,False,0.14285710453987122,0.9999997317790985,True
70,thawing_frozen_food,7.0,14019,6204,20,7,0,1,0,True,False,0.14285710453987122,0.9999997317790985,True
70,thawing_frozen_food,7.0,14020,8880,18,6,0,1,0,True,False,0.14285710453987122,0.9999997317790985,True
70,thawing_frozen_food,7.0,14021,8496,19,7,1,2,2,True,False,0.0,0.0,True
70,thawing_frozen_food,7.0,14022,7845,16,5,0,1,0,True,False,0.14285710453987122,0.9999997317790985,True
70,thawing_frozen_food,7.0,14023,12117,15,5,0,1,1,True,False,0.14285710453987122,0.9999997317790985,True
70,thawing_frozen_food,7.0,14024,6183,9,2,0,1,1,True,False,0.14285710453987122,0.9999997317790985,True
70,thawing_frozen_food,7.0,14025,9706,25,11,0,1,1,True,False,0.4285714030265808,2.9999998211860657,False
70,thawing_frozen_food,7.0,14026,9143,12,3,0,1,1,True,False,0.0,0.0,True
70,thawing_frozen_food,7.0,14027,7786,16,5,0,1,1,True,False,0.0,0.0,True
70,thawing_frozen_food,7.0,14028,5648,12,4,0,1,1,True,False,0.285714253783226,1.999999776482582,True
70,thawing_frozen_food,7.0,14029,6320,16,6,1,2,2,True,False,0.14285710453987122,0.9999997317790985,True
70,thawing_frozen_food,7.0,14030,8219,15,5,0,1,1,True,False,0.14285710453987122,0.9999997317790985,True
70,thawing_frozen_food,7.0,14031,8273,11,3,0,1,0,True,False,0.285714253783226,1.999999776482582,True
70,thawing_frozen_food,7.0,14032,6116,9,2,0,1,1,True,False,0.14285710453987122,0.9999997317790985,True
70,thawing_frozen_food,7.0,14033,7331,13,4,0,1,1,True,False,0.14285710453987122,0.9999997317790985,True
70,thawing_frozen_food,7.0,14034,11589,19,7,0,1,1,True,False,0.14285710453987122,0.9999997317790985,True
70,thawing_frozen_food,7.0,14035,5498,20,10,0,1,1,True,False,0.8571428507566452,5.999999955296516,False
70,thawing_frozen_food,7.0,14036,9125,20,7,0,1,0,True,False,0.14285710453987122,0.9999997317790985,True
70,thawing_frozen_food,7.0,14037,7720,14,6,0,1,1,True,False,0.5714285522699356,3.9999998658895493,False
70,thawing_frozen_food,7.0,14038,6351,25,12,0,1,1,True,False,0.7142857015132904,4.999999910593033,False
70,thawing_frozen_food,7.0,14039,6396,11,3,0,1,0,True,False,0.285714253783226,1.999999776482582,True
70,thawing_frozen_food,7.0,14040,7314,15,5,0,1,0,True,False,0.285714253783226,1.999999776482582,True
70,thawing_frozen_food,7.0,14041,12354,14,5,0,1,2,True,False,0.14285710453987122,0.9999997317790985,True
70,thawing_frozen_food,7.0,14042,7878,18,6,0,1,1,True,False,0.0,0.0,True
70,thawing_frozen_food,7.0,14043,8278,15,5,0,1,0,True,False,0.285714253783226,1.999999776482582,True
70,thawing_frozen_food,7.0,14044,8797,14,5,0,1,1,True,False,0.285714253783226,1.999999776482582,True
70,thawing_frozen_food,7.0,14045,7520,22,9,0,1,1,True,False,0.285714253783226,1.999999776482582,True
70,thawing_frozen_food,7.0,14046,9969,11,3,0,1,1,True,False,0.14285710453987122,0.9999997317790985,True
70,thawing_frozen_food,7.0,14047,13480,20,9,1,2,1,True,False,0.7142857015132904,4.999999910593033,False
70,thawing_frozen_food,7.0,14048,11104,17,7,0,1,0,True,False,0.5714285522699356,3.9999998658895493,False
70,thawing_frozen_food,7.0,14049,13176,16,6,0,1,1,True,False,0.285714253783226,1.999999776482582,True
70,thawing_frozen_food,7.0,14050,10399,13,4,0,1,1,True,False,0.14285710453987122,0.9999997317790985,True
70,thawing_frozen_food,7.0,14051,6069,9,2,0,1,1,True,False,0.14285710453987122,0.9999997317790985,True
70,thawing_frozen_food,7.0,14052,9387,12,4,0,1,1,True,False,0.285714253783226,1.999999776482582,True
70,thawing_frozen_food,7.0,14053,7560,17,6,0,1,1,True,False,0.14285710453987122,0.9999997317790985,True
70,thawing_frozen_food,7.0,14054,6849,17,7,0,1,2,True,False,0.285714253783226,1.999999776482582,True
70,thawing_frozen_food,7.0,14055,8377,13,5,0,1,1,True,False,0.4285714030265808,2.9999998211860657,True
70,thawing_frozen_food,7.0,14056,8361,16,6,0,1,1,True,False,0.285714253783226,1.999999776482582,False
71,clean_your_rusty_garden_tools,5.0,14200,14509,9,4,1,2,2,True,False,0.5999999940395355,2.9999999701976776,False
71,clean_your_rusty_garden_tools,5.0,14201,18004,7,2,0,1,1,True,False,0.19999998807907104,0.9999999403953552,True
71,clean_your_rusty_garden_tools,5.0,14202,16182,9,3,0,1,0,True,False,0.3999999910593033,1.9999999552965164,True
71,clean_your_rusty_garden_tools,5.0,14203,18049,8,2,0,1,1,True,False,0.0,0.0,True
71,clean_your_rusty_garden_tools,5.0,14204,22626,9,4,0,1,1,True,False,0.5999999940395355,2.9999999701976776,False
71,clean_your_rusty_garden_tools,5.0,14205,12346,9,2,0,1,0,True,False,0.0,0.0,True
71,clean_your_rusty_garden_tools,5.0,14206,12360,7,2,0,1,2,True,False,0.0,0.0,True
71,clean_your_rusty_garden_tools,5.0,14207,17496,6,1,0,1,1,True,False,0.0,0.0,True
71,clean_your_rusty_garden_tools,5.0,14208,15198,6,1,0,1,1,True,False,0.0,0.0,True
71,clean_your_rusty_garden_tools,5.0,14209,17533,13,5,0,1,1,True,False,0.19999998807907104,0.9999999403953552,False
71,clean_your_rusty_garden_tools,5.0,14210,12123,7,1,0,1,0,True,False,0.0,0.0,True
71,clean_your_rusty_garden_tools,5.0,14211,21593,7,1,0,1,0,True,False,0.0,0.0,True
71,clean_your_rusty_garden_tools,5.0,14212,12755,10,3,0,1,1,True,False,0.0,0.0,True
71,clean_your_rusty_garden_tools,5.0,14213,9784,6,1,0,1,1,True,False,0.0,0.0,True
71,clean_your_rusty_garden_tools,5.0,14214,16108,6,1,0,1,1,True,False,0.0,0.0,True
71,clean_your_rusty_garden_tools,5.0,14215,13485,8,3,0,1,2,True,False,0.19999998807907104,0.9999999403953552,True
71,clean_your_rusty_garden_tools,5.0,14216,14811,6,1,0,1,1,True,False,0.0,0.0,True
71,clean_your_rusty_garden_tools,5.0,14217,12613,7,2,0,1,1,True,False,0.19999998807907104,0.9999999403953552,True
71,clean_your_rusty_garden_tools,5.0,14218,21386,6,1,0,1,1,True,False,0.0,0.0,True
71,clean_your_rusty_garden_tools,5.0,14219,12511,6,1,0,1,1,True,False,0.0,0.0,True
71,clean_your_rusty_garden_tools,5.0,14220,12283,8,3,0,1,2,True,False,0.19999998807907104,0.9999999403953552,False
71,clean_your_rusty_garden_tools,5.0,14221,16141,6,1,0,1,1,True,False,0.0,0.0,True
71,clean_your_rusty_garden_tools,5.0,14222,14019,8,3,0,1,2,True,False,0.19999998807907104,0.9999999403953552,True
71,clean_your_rusty_garden_tools,5.0,14223,8972,6,1,0,1,1,True,False,0.0,0.0,True
71,clean_your_rusty_garden_tools,5.0,14224,15572,9,4,0,1,2,True,False,0.3999999910593033,1.9999999552965164,True
71,clean_your_rusty_garden_tools,5.0,14225,16796,9,4,0,1,1,True,False,0.5999999940395355,2.9999999701976776,False
71,clean_your_rusty_garden_tools,5.0,14226,11575,6,1,0,1,1,True,False,0.0,0.0,True
71,clean_your_rusty_garden_tools,5.0,14227,16506,6,1,0,1,1,True,False,0.0,0.0,True
71,clean_your_rusty_garden_tools,5.0,14228,12164,10,4,0,1,2,True,False,0.19999998807907104,0.9999999403953552,True
71,clean_your_rusty_garden_tools,5.0,14229,14379,7,1,0,1,0,True,False,0.0,0.0,True
71,clean_your_rusty_garden_tools,5.0,14230,18821,8,2,0,1,0,True,False,0.19999998807907104,0.9999999403953552,True
71,clean_your_rusty_garden_tools,5.0,14231,9559,6,1,0,1,1,True,False,0.0,0.0,True
71,clean_your_rusty_garden_tools,5.0,14232,9866,9,3,0,1,1,True,False,0.19999998807907104,0.9999999403953552,True
71,clean_your_rusty_garden_tools,5.0,14233,15810,8,2,0,1,1,True,False,0.0,0.0,True
71,clean_your_rusty_garden_tools,5.0,14234,12358,6,1,0,1,1,True,False,0.0,0.0,True
71,clean_your_rusty_garden_tools,5.0,14235,11997,9,3,0,1,1,True,False,0.19999998807907104,0.9999999403953552,True
71,clean_your_rusty_garden_tools,5.0,14236,16332,7,2,0,1,1,True,False,0.19999998807907104,0.9999999403953552,True
71,clean_your_rusty_garden_tools,5.0,14237,10575,10,3,0,1,0,True,False,0.19999998807907104,0.9999999403953552,True
71,clean_your_rusty_garden_tools,5.0,14238,14885,6,1,0,1,1,True,False,0.0,0.0,True
71,clean_your_rusty_garden_tools,5.0,14239,12866,7,1,0,1,0,True,False,0.0,0.0,True
71,clean_your_rusty_garden_tools,5.0,14240,9250,6,1,0,1,1,True,False,0.0,0.0,True
71,clean_your_rusty_garden_tools,5.0,14241,13111,7,2,0,1,1,True,False,0.19999998807907104,0.9999999403953552,False
71,clean_your_rusty_garden_tools,5.0,14242,19040,6,1,0,1,1,True,False,0.0,0.0,True
71,clean_your_rusty_garden_tools,5.0,14243,25279,8,2,0,1,0,True,False,0.19999998807907104,0.9999999403953552,True
71,clean_your_rusty_garden_tools,5.0,14244,12249,8,3,0,1,2,True,False,0.19999998807907104,0.9999999403953552,True
71,clean_your_rusty_garden_tools,5.0,14245,13182,8,2,0,1,1,True,False,0.0,0.0,True
71,clean_your_rusty_garden_tools,5.0,14246,15544,6,1,0,1,1,True,False,0.0,0.0,True
71,clean_your_rusty_garden_tools,5.0,14247,14395,6,1,0,1,1,True,False,0.0,0.0,True
71,clean_your_rusty_garden_tools,5.0,14248,17985,6,1,0,1,1,True,False,0.0,0.0,True
72,cook_a_frozen_pie,2.0,14400,9663,15,7,0,1,1,True,False,0.0,0.0,True
72,cook_a_frozen_pie,2.0,14401,10279,54,26,0,1,0,True,False,0.0,0.0,True
72,cook_a_frozen_pie,2.0,14402,9139,41,19,0,1,0,True,False,-0.5,-1.0,False
72,cook_a_frozen_pie,2.0,14403,10524,46,22,0,1,0,True,False,0.0,0.0,True
72,cook_a_frozen_pie,2.0,14404,9514,22,10,0,1,0,True,False,0.0,0.0,True
72,cook_a_frozen_pie,2.0,14405,10572,42,20,0,1,1,True,False,-0.5,-1.0,False
72,cook_a_frozen_pie,2.0,14406,4952,4,1,0,1,0,True,False,0.0,0.0,True
72,cook_a_frozen_pie,2.0,14407,7498,13,6,0,1,1,True,False,0.0,0.0,True
72,cook_a_frozen_pie,2.0,14408,9119,22,10,0,1,0,True,False,0.0,0.0,True
72,cook_a_frozen_pie,2.0,14409,10769,49,24,0,1,1,True,False,0.0,0.0,True
72,cook_a_frozen_pie,2.0,14410,10659,63,31,0,1,1,True,False,0.0,0.0,True
72,cook_a_frozen_pie,2.0,14411,5397,7,3,0,1,1,True,False,0.0,0.0,True
72,cook_a_frozen_pie,2.0,14412,8315,42,20,0,1,0,True,False,0.0,0.0,True
72,cook_a_frozen_pie,2.0,14413,8339,6,2,0,1,0,True,False,0.0,0.0,True
72,cook_a_frozen_pie,2.0,14414,7883,12,5,0,1,0,True,False,0.0,0.0,True
72,cook_a_frozen_pie,2.0,14415,5777,4,1,0,1,0,True,False,0.0,0.0,True
72,cook_a_frozen_pie,2.0,14416,8414,13,6,0,1,1,True,False,0.0,0.0,True
72,cook_a_frozen_pie,2.0,14417,10003,32,15,0,1,0,True,False,0.0,0.0,True
72,cook_a_frozen_pie,2.0,14418,9726,38,18,0,1,0,True,False,0.0,0.0,True
72,cook_a_frozen_pie,2.0,14419,9186,35,17,0,1,1,True,False,0.0,0.0,True
72,cook_a_frozen_pie,2.0,14420,7532,34,16,0,1,0,True,False,0.0,0.0,True
72,cook_a_frozen_pie,2.0,14421,4572,10,4,0,1,0,True,False,0.0,0.0,True
72,cook_a_frozen_pie,2.0,14422,9474,34,16,0,1,0,True,False,0.0,0.0,True
72,cook_a_frozen_pie,2.0,14423,9710,46,22,0,1,0,True,False,0.0,0.0,True
72,cook_a_frozen_pie,2.0,14424,6691,53,26,0,1,1,True,False,0.0,0.0,True
72,cook_a_frozen_pie,2.0,14425,10732,4,1,0,1,0,True,False,0.0,0.0,True
72,cook_a_frozen_pie,2.0,14426,9299,16,7,0,1,0,True,False,0.0,0.0,True
72,cook_a_frozen_pie,2.0,14427,9939,33,16,0,1,1,True,False,0.0,0.0,True
72,cook_a_frozen_pie,2.0,14428,9806,35,16,0,1,0,True,False,-0.5,-1.0,False
72,cook_a_frozen_pie,2.0,14429,9165,32,15,0,1,0,True,False,0.0,0.0,True
72,cook_a_frozen_pie,2.0,14430,9632,12,5,0,1,0,True,False,0.0,0.0,True
72,cook_a_frozen_pie,2.0,14431,4999,9,4,0,1,1,True,False,0.0,0.0,True
72,cook_a_frozen_pie,2.0,14432,10724,45,22,0,1,1,True,False,0.0,0.0,True
72,cook_a_frozen_pie,2.0,14433,8240,18,8,0,1,0,True,False,0.0,0.0,True
72,cook_a_frozen_pie,2.0,14434,7377,16,7,0,1,0,True,False,0.0,0.0,True
72,cook_a_frozen_pie,2.0,14435,8321,24,11,0,1,0,True,False,0.0,0.0,True
72,cook_a_frozen_pie,2.0,14436,9195,48,23,0,1,0,True,False,0.0,0.0,True
72,cook_a_frozen_pie,2.0,14437,5287,12,5,0,1,0,True,False,0.0,0.0,True
72,cook_a_frozen_pie,2.0,14438,9897,37,18,0,1,1,True,False,0.0,0.0,True
72,cook_a_frozen_pie,2.0,14439,7854,23,11,0,1,1,True,False,0.0,0.0,True
72,cook_a_frozen_pie,2.0,14440,8594,37,18,0,1,1,True,False,0.0,0.0,True
72,cook_a_frozen_pie,2.0,14441,8593,29,14,0,1,1,True,False,0.0,0.0,True
72,cook_a_frozen_pie,2.0,14442,5493,6,2,0,1,0,True,False,0.0,0.0,True
72,cook_a_frozen_pie,2.0,14443,7767,33,16,0,1,0,True,False,0.5,1.0,False
72,cook_a_frozen_pie,2.0,14444,6051,37,17,0,1,0,True,False,-0.5,-1.0,False
72,cook_a_frozen_pie,2.0,14445,8355,29,14,0,1,1,True,False,0.0,0.0,True
72,cook_a_frozen_pie,2.0,14446,9042,21,9,0,1,0,True,False,-0.5,-1.0,False
72,cook_a_frozen_pie,2.0,14447,9512,18,8,0,1,0,True,False,0.0,0.0,True
72,cook_a_frozen_pie,2.0,14448,8009,28,13,0,1,0,True,False,0.0,0.0,True
72,cook_a_frozen_pie,2.0,14449,9067,37,18,0,1,1,True,False,0.0,0.0,True
72,cook_a_frozen_pie,2.0,14450,10157,39,18,0,1,0,True,False,-0.5,-1.0,False
72,cook_a_frozen_pie,2.0,14451,9284,52,25,0,1,0,True,False,0.0,0.0,True
72,cook_a_frozen_pie,2.0,14452,10173,59,28,0,1,0,True,False,-0.5,-1.0,False
72,cook_a_frozen_pie,2.0,14453,7645,36,17,0,1,0,True,False,0.0,0.0,True
72,cook_a_frozen_pie,2.0,14454,7583,23,11,0,1,1,True,False,0.0,0.0,True
73,organizing_school_stuff,6.0,14600,12778,7,1,0,1,1,True,False,0.0,0.0,True
73,organizing_school_stuff,6.0,14601,15171,9,3,0,1,2,True,False,0.166666641831398,0.9999998509883881,True
73,organizing_school_stuff,6.0,14602,15642,10,4,0,1,1,True,False,0.4999999850988388,2.999999910593033,True
73,organizing_school_stuff,6.0,14603,17290,13,7,0,1,3,True,False,0.6666666567325592,3.9999999403953552,True
73,organizing_school_stuff,6.0,14604,11437,11,5,0,1,2,True,False,0.4999999850988388,2.999999910593033,False
73,organizing_school_stuff,6.0,14605,13720,13,6,0,1,2,True,False,0.4999999850988388,2.999999910593033,False
73,organizing_school_stuff,6.0,14606,17654,9,1,0,1,1,True,False,-0.3333333730697632,-2.000000238418579,False
73,organizing_school_stuff,6.0,14607,14257,10,4,0,1,2,True,False,0.3333333134651184,1.9999998807907104,True
73,organizing_school_stuff,6.0,14608,11532,8,2,0,1,1,True,False,0.166666641831398,0.9999998509883881,True
73,organizing_school_stuff,6.0,14609,20284,10,4,0,1,2,True,False,0.3333333134651184,1.9999998807907104,False
73,organizing_school_stuff,6.0,14610,16220,16,9,0,1,3,True,False,0.8333333283662796,4.999999970197678,False
73,organizing_school_stuff,6.0,14611,10683,14,6,0,1,1,True,False,0.4999999850988388,2.999999910593033,False
73,organizing_school_stuff,6.0,14612,12636,12,6,0,1,3,True,False,0.4999999850988388,2.999999910593033,True
73,organizing_school_stuff,6.0,14613,15543,11,5,0,1,2,True,False,0.4999999850988388,2.999999910593033,True
73,organizing_school_stuff,6.0,14614,11743,7,1,0,1,0,True,False,0.166666641831398,0.9999998509883881,True
73,organizing_school_stuff,6.0,14615,12118,7,1,0,1,1,True,False,0.0,0.0,True
73,organizing_school_stuff,6.0,14616,19012,12,6,0,1,1,True,False,0.8333333283662796,4.999999970197678,False
73,organizing_school_stuff,6.0,14617,13164,13,6,0,1,2,True,False,0.4999999850988388,2.999999910593033,False
73,organizing_school_stuff,6.0,14618,18114,9,2,0,1,0,True,False,0.166666641831398,0.9999998509883881,True
73,organizing_school_stuff,6.0,14619,11537,15,9,0,1,5,True,False,0.6666666567325592,3.9999999403953552,False
73,organizing_school_stuff,6.0,14620,14619,15,8,0,1,3,True,False,0.6666666567325592,3.9999999403953552,False
73,organizing_school_stuff,6.0,14621,23702,7,1,0,1,0,True,False,0.166666641831398,0.9999998509883881,True
73,organizing_school_stuff,6.0,14622,12810,18,9,0,1,3,True,False,0.4999999850988388,2.999999910593033,False
73,organizing_school_stuff,6.0,14623,16211,10,4,0,1,1,True,False,0.4999999850988388,2.999999910593033,True
73,organizing_school_stuff,6.0,14624,11411,9,3,0,1,1,True,False,0.3333333134651184,1.9999998807907104,True
73,organizing_school_stuff,6.0,14625,10996,16,10,0,1,5,True,False,0.8333333283662796,4.999999970197678,False
73,organizing_school_stuff,6.0,14626,10697,9,3,0,1,1,True,False,0.3333333134651184,1.9999998807907104,True
73,organizing_school_stuff,6.0,14627,13746,7,1,0,1,0,True,False,0.166666641831398,0.9999998509883881,True
73,organizing_school_stuff,6.0,14628,13550,17,11,0,1,6,True,False,0.8333333283662796,4.999999970197678,False
73,organizing_school_stuff,6.0,14629,27844,9,3,0,1,0,True,False,0.4999999850988388,2.999999910593033,False
73,organizing_school_stuff,6.0,14630,13841,7,1,0,1,0,True,False,0.166666641831398,0.9999998509883881,True
73,organizing_school_stuff,6.0,14631,14348,8,1,0,1,0,True,False,0.0,0.0,True
73,organizing_school_stuff,6.0,14632,11828,7,1,0,1,1,True,False,0.0,0.0,True
73,organizing_school_stuff,6.0,14633,18929,9,3,0,1,1,True,False,0.3333333134651184,1.9999998807907104,False
73,organizing_school_stuff,6.0,14634,12806,10,4,0,1,3,True,False,0.166666641831398,0.9999998509883881,True
73,organizing_school_stuff,6.0,14635,12540,8,1,0,1,0,True,False,0.0,0.0,True
73,organizing_school_stuff,6.0,14636,13498,11,5,0,1,1,True,False,0.6666666567325592,3.9999999403953552,False
73,organizing_school_stuff,6.0,14637,14155,12,6,0,1,1,True,False,0.8333333283662796,4.999999970197678,False
73,organizing_school_stuff,6.0,14638,13886,9,3,0,1,1,True,False,0.3333333134651184,1.9999998807907104,True
73,organizing_school_stuff,6.0,14639,12583,9,3,1,2,0,True,False,0.3333333134651184,1.9999998807907104,False
73,organizing_school_stuff,6.0,14640,12184,8,2,0,1,0,True,False,0.3333333134651184,1.9999998807907104,False
73,organizing_school_stuff,6.0,14641,14003,8,2,0,1,0,True,False,0.3333333134651184,1.9999998807907104,False
73,organizing_school_stuff,6.0,14642,19910,7,1,0,1,0,True,False,0.166666641831398,0.9999998509883881,True
73,organizing_school_stuff,6.0,14643,12301,7,1,0,1,0,True,False,0.166666641831398,0.9999998509883881,True
73,organizing_school_stuff,6.0,14644,21981,8,2,0,1,1,True,False,0.166666641831398,0.9999998509883881,True
73,organizing_school_stuff,6.0,14645,13533,11,5,0,1,2,True,False,0.4999999850988388,2.999999910593033,True
73,organizing_school_stuff,6.0,14646,12660,10,3,0,1,1,True,False,0.166666641831398,0.9999998509883881,True
74,carrying_out_garden_furniture,2.0,14800,10711,3,1,0,1,1,True,False,0.0,0.0,True
74,carrying_out_garden_furniture,2.0,14801,11502,3,1,0,1,1,True,False,0.0,0.0,True
74,carrying_out_garden_furniture,2.0,14802,11414,4,1,0,1,0,True,False,0.0,0.0,True
74,carrying_out_garden_furniture,2.0,14803,12567,3,1,0,1,1,True,False,0.0,0.0,True
74,carrying_out_garden_furniture,2.0,14804,11155,2,0,0,1,0,True,False,0.0,0.0,True
74,carrying_out_garden_furniture,2.0,14805,8931,4,2,0,1,1,True,False,0.5,1.0,False
74,carrying_out_garden_furniture,2.0,14806,9333,5,3,0,1,2,True,False,0.5,1.0,False
74,carrying_out_garden_furniture,2.0,14807,10604,4,2,0,1,1,True,False,0.5,1.0,False
74,carrying_out_garden_furniture,2.0,14808,11136,3,1,0,1,1,True,False,0.0,0.0,True
74,carrying_out_garden_furniture,2.0,14809,11072,2,0,0,1,0,True,False,0.0,0.0,True
74,carrying_out_garden_furniture,2.0,14810,12361,2,0,0,1,0,True,False,0.0,0.0,True
74,carrying_out_garden_furniture,2.0,14811,11412,3,1,0,1,1,True,False,0.0,0.0,True
74,carrying_out_garden_furniture,2.0,14812,9524,4,2,0,1,1,True,False,0.5,1.0,False
74,carrying_out_garden_furniture,2.0,14813,11647,4,2,0,1,1,True,False,0.5,1.0,False
74,carrying_out_garden_furniture,2.0,14814,10763,3,1,0,1,1,True,False,0.0,0.0,True
74,carrying_out_garden_furniture,2.0,14815,10981,3,1,0,1,1,True,False,0.0,0.0,True
74,carrying_out_garden_furniture,2.0,14816,11306,2,0,0,1,0,True,False,0.0,0.0,True
74,carrying_out_garden_furniture,2.0,14817,9047,2,0,0,1,0,True,False,0.0,0.0,True
74,carrying_out_garden_furniture,2.0,14818,11774,4,2,0,1,2,True,False,0.0,0.0,True
74,carrying_out_garden_furniture,2.0,14819,9137,3,1,0,1,1,True,False,0.0,0.0,True
74,carrying_out_garden_furniture,2.0,14820,10076,8,4,0,1,2,True,False,0.0,0.0,True
74,carrying_out_garden_furniture,2.0,14821,9750,4,2,0,1,1,True,False,0.5,1.0,False
74,carrying_out_garden_furniture,2.0,14822,9745,8,4,0,1,1,True,False,0.5,1.0,False
74,carrying_out_garden_furniture,2.0,14823,10648,5,3,0,1,2,True,False,0.5,1.0,False
74,carrying_out_garden_furniture,2.0,14824,12003,6,2,0,1,0,True,False,0.0,0.0,True
74,carrying_out_garden_furniture,2.0,14825,10688,4,2,0,1,1,True,False,0.5,1.0,False
74,carrying_out_garden_furniture,2.0,14826,13594,4,2,0,1,1,True,False,0.5,1.0,False
74,carrying_out_garden_furniture,2.0,14827,12937,4,2,0,1,2,True,False,0.0,0.0,True
74,carrying_out_garden_furniture,2.0,14828,11737,4,2,0,1,1,True,False,0.5,1.0,False
74,carrying_out_garden_furniture,2.0,14829,11417,4,1,0,1,0,True,False,0.0,0.0,True
74,carrying_out_garden_furniture,2.0,14830,11945,3,1,0,1,1,True,False,0.0,0.0,True
74,carrying_out_garden_furniture,2.0,14831,12554,13,6,0,1,1,True,False,0.0,0.0,True
74,carrying_out_garden_furniture,2.0,14832,11595,4,2,0,1,1,True,False,0.5,1.0,False
74,carrying_out_garden_furniture,2.0,14833,10036,3,1,0,1,0,True,False,0.5,1.0,False
74,carrying_out_garden_furniture,2.0,14834,9854,3,1,0,1,1,True,False,0.0,0.0,True
74,carrying_out_garden_furniture,2.0,14835,12477,2,0,0,1,0,True,False,0.0,0.0,True
74,carrying_out_garden_furniture,2.0,14836,11322,6,2,0,1,0,True,False,0.0,0.0,True
74,carrying_out_garden_furniture,2.0,14837,11109,1,0,0,1,0,True,False,0.5,1.0,True
74,carrying_out_garden_furniture,2.0,14838,10611,3,1,0,1,1,True,False,0.0,0.0,True
74,carrying_out_garden_furniture,2.0,14839,10535,5,3,0,1,2,True,False,0.5,1.0,False
74,carrying_out_garden_furniture,2.0,14840,12236,4,1,0,1,0,True,False,0.0,0.0,True
74,carrying_out_garden_furniture,2.0,14841,9951,3,1,0,1,1,True,False,0.0,0.0,True
74,carrying_out_garden_furniture,2.0,14842,9614,3,1,0,1,1,True,False,0.0,0.0,True
74,carrying_out_garden_furniture,2.0,14843,10586,3,1,0,1,1,True,False,0.0,0.0,True
74,carrying_out_garden_furniture,2.0,14844,10355,3,1,0,1,1,True,False,0.0,0.0,True
75,put_together_a_basic_pruning_kit,4.0,15000,13426,7,2,1,2,0,True,False,0.5,2.0,False
75,put_together_a_basic_pruning_kit,4.0,15001,13011,7,2,0,1,0,True,False,0.25,1.0,True
75,put_together_a_basic_pruning_kit,4.0,15002,12204,6,2,0,1,1,True,False,0.25,1.0,True
75,put_together_a_basic_pruning_kit,4.0,15003,7723,5,2,0,1,1,True,False,0.5,2.0,False
75,put_together_a_basic_pruning_kit,4.0,15004,6964,11,4,0,1,1,True,False,0.0,0.0,True
75,put_together_a_basic_pruning_kit,4.0,15005,10977,9,4,0,1,2,True,False,0.25,1.0,True
75,put_together_a_basic_pruning_kit,4.0,15006,11648,11,5,0,1,2,True,False,0.25,1.0,True
75,put_together_a_basic_pruning_kit,4.0,15007,6608,8,3,0,1,1,True,False,0.25,1.0,True
75,put_together_a_basic_pruning_kit,4.0,15008,9107,6,2,0,1,1,True,False,0.25,1.0,True
75,put_together_a_basic_pruning_kit,4.0,15009,9880,6,2,0,1,1,True,False,0.25,1.0,True
75,put_together_a_basic_pruning_kit,4.0,15010,13320,7,3,0,1,1,True,False,0.5,2.0,True
75,put_together_a_basic_pruning_kit,4.0,15011,9451,7,3,0,1,1,True,False,0.5,2.0,True
75,put_together_a_basic_pruning_kit,4.0,15012,12175,6,3,0,1,2,True,False,0.5,2.0,True
75,put_together_a_basic_pruning_kit,4.0,15013,9625,8,3,1,2,2,True,False,0.0,0.0,True
75,put_together_a_basic_pruning_kit,4.0,15014,9830,4,1,0,1,1,True,False,0.25,1.0,True
75,put_together_a_basic_pruning_kit,4.0,15015,15850,11,5,0,1,1,True,False,0.5,2.0,False
75,put_together_a_basic_pruning_kit,4.0,15016,11664,11,4,0,1,0,True,False,0.25,1.0,True
75,put_together_a_basic_pruning_kit,4.0,15017,10766,6,2,0,1,1,True,False,0.25,1.0,True
75,put_together_a_basic_pruning_kit,4.0,15018,12129,8,3,0,1,1,True,False,0.25,1.0,True
75,put_together_a_basic_pruning_kit,4.0,15019,11619,8,3,0,1,1,True,False,0.25,1.0,True
75,put_together_a_basic_pruning_kit,4.0,15020,13520,8,3,1,2,2,True,False,0.0,0.0,True
75,put_together_a_basic_pruning_kit,4.0,15021,9938,8,4,0,1,2,True,False,0.5,2.0,True
75,put_together_a_basic_pruning_kit,4.0,15022,14139,7,2,0,1,1,True,False,0.0,0.0,True
75,put_together_a_basic_pruning_kit,4.0,15023,11324,6,2,1,2,1,True,False,0.5,2.0,False
75,put_together_a_basic_pruning_kit,4.0,15024,8255,4,1,0,1,1,True,False,0.25,1.0,True
75,put_together_a_basic_pruning_kit,4.0,15025,13485,8,3,0,1,1,True,False,0.25,1.0,True
75,put_together_a_basic_pruning_kit,4.0,15026,8220,9,5,0,1,3,True,False,0.5,2.0,True
75,put_together_a_basic_pruning_kit,4.0,15027,12195,6,2,0,1,1,True,False,0.25,1.0,True
75,put_together_a_basic_pruning_kit,4.0,15028,8705,11,4,0,1,0,True,False,0.25,1.0,True
75,put_together_a_basic_pruning_kit,4.0,15029,15987,16,8,0,1,2,True,False,0.5,2.0,True
75,put_together_a_basic_pruning_kit,4.0,15030,14089,4,1,0,1,1,True,False,0.25,1.0,True
75,put_together_a_basic_pruning_kit,4.0,15031,8413,14,6,0,1,1,True,False,0.25,1.0,True
75,put_together_a_basic_pruning_kit,4.0,15032,10052,13,5,0,1,1,True,False,0.0,0.0,True
75,put_together_a_basic_pruning_kit,4.0,15033,7075,6,2,0,1,1,True,False,0.25,1.0,True
75,put_together_a_basic_pruning_kit,4.0,15034,11721,10,5,0,1,1,True,False,0.75,3.0,False
75,put_together_a_basic_pruning_kit,4.0,15035,12078,4,1,0,1,1,True,False,0.25,1.0,True
75,put_together_a_basic_pruning_kit,4.0,15036,10606,4,1,0,1,1,True,False,0.25,1.0,True
75,put_together_a_basic_pruning_kit,4.0,15037,14715,12,6,0,1,2,True,False,0.5,2.0,False
75,put_together_a_basic_pruning_kit,4.0,15038,9785,7,3,0,1,1,True,False,0.5,2.0,False
75,put_together_a_basic_pruning_kit,4.0,15039,12707,6,2,0,1,1,True,False,0.25,1.0,True
75,put_together_a_basic_pruning_kit,4.0,15040,15106,5,2,0,1,1,True,False,0.5,2.0,True
75,put_together_a_basic_pruning_kit,4.0,15041,13284,7,2,0,1,1,True,False,0.0,0.0,True
76,dispose_of_glass,1.0,15200,7175,1,0,0,1,0,True,False,0.0,0.0,True
76,dispose_of_glass,1.0,15201,11828,2,1,0,1,1,True,False,0.0,0.0,True
76,dispose_of_glass,1.0,15202,10773,3,2,0,1,2,True,False,0.0,0.0,True
76,dispose_of_glass,1.0,15203,12420,1,0,0,1,0,True,False,0.0,0.0,True
76,dispose_of_glass,1.0,15204,11655,2,1,0,1,1,True,False,0.0,0.0,True
76,dispose_of_glass,1.0,15205,7121,1,0,0,1,0,True,False,0.0,0.0,True
76,dispose_of_glass,1.0,15206,6603,1,0,0,1,0,True,False,0.0,0.0,True
76,dispose_of_glass,1.0,15207,11798,1,0,0,1,0,True,False,0.0,0.0,True
76,dispose_of_glass,1.0,15208,9780,2,1,0,1,1,True,False,0.0,0.0,True
76,dispose_of_glass,1.0,15209,10220,1,0,0,1,0,True,False,0.0,0.0,True
76,dispose_of_glass,1.0,15210,6692,1,0,0,1,0,True,False,0.0,0.0,True
76,dispose_of_glass,1.0,15211,8747,2,1,0,1,1,True,False,0.0,0.0,True
76,dispose_of_glass,1.0,15212,8380,2,1,0,1,1,True,False,0.0,0.0,True
76,dispose_of_glass,1.0,15213,7204,2,1,0,1,1,True,False,0.0,0.0,True
76,dispose_of_glass,1.0,15214,11346,3,2,0,1,2,True,False,0.0,0.0,True
76,dispose_of_glass,1.0,15215,10292,1,0,0,1,0,True,False,0.0,0.0,True
76,dispose_of_glass,1.0,15216,10049,2,1,0,1,1,True,False,0.0,0.0,True
76,dispose_of_glass,1.0,15217,10218,2,1,0,1,1,True,False,0.0,0.0,True
76,dispose_of_glass,1.0,15218,8830,1,0,0,1,0,True,False,0.0,0.0,True
76,dispose_of_glass,1.0,15219,12303,5,3,0,1,2,True,False,0.0,0.0,True
76,dispose_of_glass,1.0,15220,7338,3,2,0,1,2,True,False,0.0,0.0,True
76,dispose_of_glass,1.0,15221,9715,1,0,0,1,0,True,False,0.0,0.0,True
76,dispose_of_glass,1.0,15222,9735,1,0,0,1,0,True,False,0.0,0.0,True
76,dispose_of_glass,1.0,15223,8294,2,1,0,1,1,True,False,0.0,0.0,True
76,dispose_of_glass,1.0,15224,11690,3,2,0,1,2,True,False,0.0,0.0,True
76,dispose_of_glass,1.0,15225,7725,1,0,0,1,0,True,False,0.0,0.0,True
76,dispose_of_glass,1.0,15226,7391,1,0,0,1,0,True,False,0.0,0.0,True
76,dispose_of_glass,1.0,15227,8690,2,1,0,1,1,True,False,0.0,0.0,True
76,dispose_of_glass,1.0,15228,9173,1,0,0,1,0,True,False,0.0,0.0,True
76,dispose_of_glass,1.0,15229,9585,2,1,0,1,1,True,False,0.0,0.0,True
76,dispose_of_glass,1.0,15230,12144,1,0,0,1,0,True,False,0.0,0.0,True
76,dispose_of_glass,1.0,15231,10463,1,0,0,1,0,True,False,0.0,0.0,True
76,dispose_of_glass,1.0,15232,8404,1,0,0,1,0,True,False,0.0,0.0,True
76,dispose_of_glass,1.0,15233,8811,1,0,0,1,0,True,False,0.0,0.0,True
76,dispose_of_glass,1.0,15234,9620,2,1,0,1,1,True,False,0.0,0.0,True
76,dispose_of_glass,1.0,15235,11005,2,1,0,1,1,True,False,0.0,0.0,True
76,dispose_of_glass,1.0,15236,7122,1,0,0,1,0,True,False,0.0,0.0,True
76,dispose_of_glass,1.0,15237,8943,1,0,0,1,0,True,False,0.0,0.0,True
76,dispose_of_glass,1.0,15238,10758,2,1,0,1,1,True,False,0.0,0.0,True
76,dispose_of_glass,1.0,15239,10333,1,0,0,1,0,True,False,0.0,0.0,True
76,dispose_of_glass,1.0,15240,8669,1,0,0,1,0,True,False,0.0,0.0,True
76,dispose_of_glass,1.0,15241,8260,2,1,0,1,1,True,False,0.0,0.0,True
76,dispose_of_glass,1.0,15242,8644,1,0,0,1,0,True,False,0.0,0.0,True
76,dispose_of_glass,1.0,15243,8458,1,0,0,1,0,True,False,0.0,0.0,True
76,dispose_of_glass,1.0,15244,7911,1,0,0,1,0,True,False,0.0,0.0,True
76,dispose_of_glass,1.0,15245,9948,1,0,0,1,0,True,False,0.0,0.0,True
76,dispose_of_glass,1.0,15246,10029,1,0,0,1,0,True,False,0.0,0.0,True
76,dispose_of_glass,1.0,15247,9474,2,1,0,1,1,True,False,0.0,0.0,True
76,dispose_of_glass,1.0,15248,8818,1,0,0,1,0,True,False,0.0,0.0,True
77,installing_a_modem,3.0,15400,1869,8,2,0,1,0,True,False,-0.3333333730697632,-1.0000001192092896,False
77,installing_a_modem,3.0,15401,2642,7,3,0,1,0,True,False,0.6666666567325592,1.9999999701976776,False
77,installing_a_modem,3.0,15402,3159,5,1,0,1,0,True,False,0.0,0.0,True
77,installing_a_modem,3.0,15403,2112,3,0,0,1,0,True,False,0.0,0.0,True
77,installing_a_modem,3.0,15404,3735,5,1,0,1,0,True,False,0.0,0.0,True
77,installing_a_modem,3.0,15405,2005,3,0,0,1,0,True,False,0.0,0.0,True
77,installing_a_modem,3.0,15406,2215,4,1,0,1,0,True,False,0.3333333134651184,0.9999999403953552,True
77,installing_a_modem,3.0,15407,2119,3,0,0,1,0,True,False,0.0,0.0,True
77,installing_a_modem,3.0,15408,1975,5,1,0,1,0,True,False,0.0,0.0,True
77,installing_a_modem,3.0,15409,1626,5,2,0,1,0,True,False,0.6666666567325592,1.9999999701976776,False
77,installing_a_modem,3.0,15410,2076,5,1,0,1,0,True,False,0.0,0.0,True
77,installing_a_modem,3.0,15411,2154,4,1,0,1,0,True,False,0.3333333134651184,0.9999999403953552,True
77,installing_a_modem,3.0,15412,1842,3,0,0,1,0,True,False,0.0,0.0,True
77,installing_a_modem,3.0,15413,1757,6,2,0,1,0,True,False,0.3333333134651184,0.9999999403953552,True
77,installing_a_modem,3.0,15414,1947,5,2,0,1,1,True,False,0.3333333134651184,0.9999999403953552,True
77,installing_a_modem,3.0,15415,2913,6,2,0,1,0,True,False,0.3333333134651184,0.9999999403953552,True
77,installing_a_modem,3.0,15416,1638,3,0,0,1,0,True,False,0.0,0.0,True
77,installing_a_modem,3.0,15417,2172,3,0,0,1,0,True,False,0.0,0.0,True
77,installing_a_modem,3.0,15418,1851,5,2,0,1,0,True,False,0.6666666567325592,1.9999999701976776,False
77,installing_a_modem,3.0,15419,2401,4,1,0,1,0,True,False,0.3333333134651184,0.9999999403953552,True
77,installing_a_modem,3.0,15420,2563,4,1,0,1,0,True,False,0.3333333134651184,0.9999999403953552,True
77,installing_a_modem,3.0,15421,1878,5,1,0,1,0,True,False,0.0,0.0,True
77,installing_a_modem,3.0,15422,2623,3,0,0,1,0,True,False,0.0,0.0,True
77,installing_a_modem,3.0,15423,1640,3,0,0,1,0,True,False,0.0,0.0,True
77,installing_a_modem,3.0,15424,4952,14,6,0,1,0,True,False,0.3333333134651184,0.9999999403953552,True
77,installing_a_modem,3.0,15425,3250,5,2,1,2,2,True,False,0.0,0.0,True
77,installing_a_modem,3.0,15426,1836,4,1,0,1,0,True,False,0.3333333134651184,0.9999999403953552,False
77,installing_a_modem,3.0,15427,3491,10,4,0,1,0,True,False,0.3333333134651184,0.9999999403953552,True
77,installing_a_modem,3.0,15428,2132,3,0,0,1,0,True,False,0.0,0.0,True
77,installing_a_modem,3.0,15429,2078,6,2,0,1,0,True,False,0.3333333134651184,0.9999999403953552,True
77,installing_a_modem,3.0,15430,2053,5,2,0,1,0,True,False,0.6666666567325592,1.9999999701976776,False
77,installing_a_modem,3.0,15431,2405,5,1,0,1,0,True,False,0.0,0.0,True
77,installing_a_modem,3.0,15432,1802,5,2,0,1,0,True,False,0.6666666567325592,1.9999999701976776,False
77,installing_a_modem,3.0,15433,3855,8,3,0,1,0,True,False,0.3333333134651184,0.9999999403953552,True
77,installing_a_modem,3.0,15434,2285,4,1,0,1,0,True,False,0.3333333134651184,0.9999999403953552,True
77,installing_a_modem,3.0,15435,2045,4,1,0,1,0,True,False,0.3333333134651184,0.9999999403953552,True
77,installing_a_modem,3.0,15436,1576,4,1,0,1,0,True,False,0.3333333134651184,0.9999999403953552,True
77,installing_a_modem,3.0,15437,2321,3,0,0,1,0,True,False,0.0,0.0,True
77,installing_a_modem,3.0,15438,2112,3,0,0,1,0,True,False,0.0,0.0,True
77,installing_a_modem,3.0,15439,2004,3,0,0,1,0,True,False,0.0,0.0,True
77,installing_a_modem,3.0,15440,1566,4,1,0,1,0,True,False,0.3333333134651184,0.9999999403953552,True
77,installing_a_modem,3.0,15441,2942,5,2,0,1,0,True,False,0.6666666567325592,1.9999999701976776,False
77,installing_a_modem,3.0,15442,1651,3,0,0,1,0,True,False,0.0,0.0,True
77,installing_a_modem,3.0,15443,2058,4,1,0,1,0,True,False,0.3333333134651184,0.9999999403953552,True
77,installing_a_modem,3.0,15444,3235,5,1,0,1,0,True,False,0.0,0.0,True
77,installing_a_modem,3.0,15445,2174,5,1,0,1,0,True,False,0.0,0.0,True
77,installing_a_modem,3.0,15446,2244,3,0,0,1,0,True,False,0.0,0.0,True
77,installing_a_modem,3.0,15447,2155,4,1,1,2,1,True,False,0.0,0.0,True
77,installing_a_modem,3.0,15448,2009,4,1,0,1,0,True,False,0.3333333134651184,0.9999999403953552,True
77,installing_a_modem,3.0,15449,2029,3,0,0,1,0,True,False,0.0,0.0,True
77,installing_a_modem,3.0,15450,2155,3,0,0,1,0,True,False,0.0,0.0,True
77,installing_a_modem,3.0,15451,2832,9,3,0,1,0,True,False,0.0,0.0,True
77,installing_a_modem,3.0,15452,1633,3,0,0,1,0,True,False,0.0,0.0,True
77,installing_a_modem,3.0,15453,2322,4,1,1,2,1,True,False,0.0,0.0,True
77,installing_a_modem,3.0,15454,1790,6,1,0,1,0,True,False,-0.3333333730697632,-1.0000001192092896,False
77,installing_a_modem,3.0,15455,2397,4,1,0,1,0,True,False,0.3333333134651184,0.9999999403953552,True
77,installing_a_modem,3.0,15456,2756,4,1,0,1,0,True,False,0.3333333134651184,0.9999999403953552,True
77,installing_a_modem,3.0,15457,2781,5,1,0,1,0,True,False,0.0,0.0,True
77,installing_a_modem,3.0,15458,1814,3,0,0,1,0,True,False,0.0,0.0,True
77,installing_a_modem,3.0,15459,1979,7,2,0,1,0,True,False,0.0,0.0,True
77,installing_a_modem,3.0,15460,3108,4,1,0,1,0,True,False,0.3333333134651184,0.9999999403953552,True
77,installing_a_modem,3.0,15461,2227,5,1,0,1,0,True,False,0.0,0.0,True
77,installing_a_modem,3.0,15462,1639,3,0,0,1,0,True,False,0.0,0.0,True
77,installing_a_modem,3.0,15463,1908,5,2,0,1,0,True,False,0.6666666567325592,1.9999999701976776,False
77,installing_a_modem,3.0,15464,2026,4,1,0,1,0,True,False,0.3333333134651184,0.9999999403953552,False
77,installing_a_modem,3.0,15465,1860,3,0,0,1,0,True,False,0.0,0.0,True
77,installing_a_modem,3.0,15466,1782,4,1,0,1,0,True,False,0.3333333134651184,0.9999999403953552,True
77,installing_a_modem,3.0,15467,2641,6,1,0,1,0,True,False,-0.3333333730697632,-1.0000001192092896,False
77,installing_a_modem,3.0,15468,2120,9,4,0,1,1,True,False,0.3333333134651184,0.9999999403953552,True
77,installing_a_modem,3.0,15469,2312,3,0,0,1,0,True,False,0.0,0.0,True
77,installing_a_modem,3.0,15470,3015,3,0,0,1,0,True,False,0.0,0.0,True
77,installing_a_modem,3.0,15471,3489,6,2,0,1,0,True,False,0.3333333134651184,0.9999999403953552,True
77,installing_a_modem,3.0,15472,1696,3,0,0,1,0,True,False,0.0,0.0,True
77,installing_a_modem,3.0,15473,1543,4,1,0,1,0,True,False,0.3333333134651184,0.9999999403953552,True
77,installing_a_modem,3.0,15474,2297,4,1,1,2,1,True,False,0.0,0.0,True
77,installing_a_modem,3.0,15475,1973,3,1,0,1,0,True,False,0.6666666567325592,1.9999999701976776,False
77,installing_a_modem,3.0,15476,3886,5,2,1,2,1,True,False,0.3333333134651184,0.9999999403953552,False
77,installing_a_modem,3.0,15477,1527,3,0,0,1,0,True,False,0.0,0.0,True
77,installing_a_modem,3.0,15478,3455,9,4,0,1,1,True,False,0.3333333134651184,0.9999999403953552,False
77,installing_a_modem,3.0,15479,2100,3,0,0,1,0,True,False,0.0,0.0,True
77,installing_a_modem,3.0,15480,4131,12,6,0,1,2,True,False,0.3333333134651184,0.9999999403953552,True
77,installing_a_modem,3.0,15481,3340,9,3,0,1,0,True,False,0.0,0.0,True
77,installing_a_modem,3.0,15482,3993,3,0,0,1,0,True,False,0.0,0.0,True
77,installing_a_modem,3.0,15483,2726,3,0,0,1,0,True,False,0.0,0.0,True
77,installing_a_modem,3.0,15484,2128,3,0,0,1,0,True,False,0.0,0.0,True
77,installing_a_modem,3.0,15485,2313,4,1,0,1,0,True,False,0.3333333134651184,0.9999999403953552,True
77,installing_a_modem,3.0,15486,1811,3,0,0,1,0,True,False,0.0,0.0,True
77,installing_a_modem,3.0,15487,1744,5,1,0,1,0,True,False,0.0,0.0,True
77,installing_a_modem,3.0,15488,1929,4,1,0,1,0,True,False,0.3333333134651184,0.9999999403953552,False
77,installing_a_modem,3.0,15489,3051,6,2,1,2,1,True,False,0.0,0.0,True
77,installing_a_modem,3.0,15490,2050,5,2,0,1,1,True,False,0.3333333134651184,0.9999999403953552,True
77,installing_a_modem,3.0,15491,2121,3,0,0,1,0,True,False,0.0,0.0,True
77,installing_a_modem,3.0,15492,2148,4,1,0,1,0,True,False,0.3333333134651184,0.9999999403953552,True
77,installing_a_modem,3.0,15493,2553,6,2,0,1,0,True,False,0.3333333134651184,0.9999999403953552,True
77,installing_a_modem,3.0,15494,3341,7,3,0,1,1,True,False,0.3333333134651184,0.9999999403953552,True
77,installing_a_modem,3.0,15495,2417,5,2,0,1,1,True,False,0.3333333134651184,0.9999999403953552,True
77,installing_a_modem,3.0,15496,2303,6,2,0,1,0,True,False,0.3333333134651184,0.9999999403953552,True
77,installing_a_modem,3.0,15497,3562,4,1,0,1,0,True,False,0.3333333134651184,0.9999999403953552,True
77,installing_a_modem,3.0,15498,1682,5,2,0,1,0,True,False,0.6666666567325592,1.9999999701976776,False
77,installing_a_modem,3.0,15499,2247,4,0,0,1,0,True,False,-0.3333333730697632,-1.0000001192092896,False
77,installing_a_modem,3.0,15500,2183,3,0,0,1,0,True,False,0.0,0.0,True
77,installing_a_modem,3.0,15501,2432,4,1,0,1,0,True,False,0.3333333134651184,0.9999999403953552,True
77,installing_a_modem,3.0,15502,1985,3,0,0,1,0,True,False,0.0,0.0,True
78,make_cabinet_doors,1.0,15600,3597,1,0,0,1,0,True,False,0.0,0.0,True
78,make_cabinet_doors,1.0,15601,3656,1,0,0,1,0,True,False,0.0,0.0,True
78,make_cabinet_doors,1.0,15602,3591,1,0,0,1,0,True,False,0.0,0.0,True
78,make_cabinet_doors,1.0,15603,3824,2,1,0,1,1,True,False,0.0,0.0,True
78,make_cabinet_doors,1.0,15604,3823,1,0,0,1,0,True,False,0.0,0.0,True
78,make_cabinet_doors,1.0,15605,4589,1,0,0,1,0,True,False,0.0,0.0,True
78,make_cabinet_doors,1.0,15606,2407,1,0,0,1,0,True,False,0.0,0.0,True
78,make_cabinet_doors,1.0,15607,3101,1,0,0,1,0,True,False,0.0,0.0,True
78,make_cabinet_doors,1.0,15608,3611,1,0,0,1,0,True,False,0.0,0.0,True
78,make_cabinet_doors,1.0,15609,2230,1,0,0,1,0,True,False,0.0,0.0,True
78,make_cabinet_doors,1.0,15610,4170,1,0,0,1,0,True,False,0.0,0.0,True
78,make_cabinet_doors,1.0,15611,3206,1,0,0,1,0,True,False,0.0,0.0,True
78,make_cabinet_doors,1.0,15612,2469,1,0,0,1,0,True,False,0.0,0.0,True
78,make_cabinet_doors,1.0,15613,2618,1,0,0,1,0,True,False,0.0,0.0,True
78,make_cabinet_doors,1.0,15614,5369,1,0,0,1,0,True,False,0.0,0.0,True
78,make_cabinet_doors,1.0,15615,6668,1,0,0,1,0,True,False,0.0,0.0,True
78,make_cabinet_doors,1.0,15616,2596,1,0,0,1,0,True,False,0.0,0.0,True
78,make_cabinet_doors,1.0,15617,4244,1,0,0,1,0,True,False,0.0,0.0,True
78,make_cabinet_doors,1.0,15618,3783,1,0,0,1,0,True,False,0.0,0.0,True
78,make_cabinet_doors,1.0,15619,3227,1,0,0,1,0,True,False,0.0,0.0,True
78,make_cabinet_doors,1.0,15620,3404,1,0,0,1,0,True,False,0.0,0.0,True
78,make_cabinet_doors,1.0,15621,2349,1,0,0,1,0,True,False,0.0,0.0,True
78,make_cabinet_doors,1.0,15622,3452,1,0,0,1,0,True,False,0.0,0.0,True
78,make_cabinet_doors,1.0,15623,3041,2,1,0,1,1,True,False,0.0,0.0,True
78,make_cabinet_doors,1.0,15624,3662,1,0,0,1,0,True,False,0.0,0.0,True
78,make_cabinet_doors,1.0,15625,3152,1,0,0,1,0,True,False,0.0,0.0,True
78,make_cabinet_doors,1.0,15626,5148,1,0,0,1,0,True,False,0.0,0.0,True
78,make_cabinet_doors,1.0,15627,3464,1,0,0,1,0,True,False,0.0,0.0,True
78,make_cabinet_doors,1.0,15628,4560,1,0,0,1,0,True,False,0.0,0.0,True
78,make_cabinet_doors,1.0,15629,3231,1,0,0,1,0,True,False,0.0,0.0,True
78,make_cabinet_doors,1.0,15630,3959,1,0,0,1,0,True,False,0.0,0.0,True
78,make_cabinet_doors,1.0,15631,2795,2,1,0,1,1,True,False,0.0,0.0,True
78,make_cabinet_doors,1.0,15632,3097,1,0,0,1,0,True,False,0.0,0.0,True
78,make_cabinet_doors,1.0,15633,3354,1,0,0,1,0,True,False,0.0,0.0,True
78,make_cabinet_doors,1.0,15634,3315,1,0,0,1,0,True,False,0.0,0.0,True
78,make_cabinet_doors,1.0,15635,3435,1,0,0,1,0,True,False,0.0,0.0,True
78,make_cabinet_doors,1.0,15636,3626,1,0,0,1,0,True,False,0.0,0.0,True
78,make_cabinet_doors,1.0,15637,4235,1,0,0,1,0,True,False,0.0,0.0,True
78,make_cabinet_doors,1.0,15638,3906,1,0,0,1,0,True,False,0.0,0.0,True
78,make_cabinet_doors,1.0,15639,4043,1,0,0,1,0,True,False,0.0,0.0,True
78,make_cabinet_doors,1.0,15640,2779,1,0,0,1,0,True,False,0.0,0.0,True
78,make_cabinet_doors,1.0,15641,4797,1,0,0,1,0,True,False,0.0,0.0,True
78,make_cabinet_doors,1.0,15642,3586,1,0,0,1,0,True,False,0.0,0.0,True
78,make_cabinet_doors,1.0,15643,2541,2,1,0,1,1,True,False,0.0,0.0,True
78,make_cabinet_doors,1.0,15644,3094,1,0,0,1,0,True,False,0.0,0.0,True
78,make_cabinet_doors,1.0,15645,4614,1,0,0,1,0,True,False,0.0,0.0,True
78,make_cabinet_doors,1.0,15646,3369,1,0,0,1,0,True,False,0.0,0.0,True
78,make_cabinet_doors,1.0,15647,3466,1,0,0,1,0,True,False,0.0,0.0,True
78,make_cabinet_doors,1.0,15648,3236,2,1,0,1,1,True,False,0.0,0.0,True
78,make_cabinet_doors,1.0,15649,3331,1,0,0,1,0,True,False,0.0,0.0,True
78,make_cabinet_doors,1.0,15650,3326,1,0,0,1,0,True,False,0.0,0.0,True
78,make_cabinet_doors,1.0,15651,3057,1,0,0,1,0,True,False,0.0,0.0,True
78,make_cabinet_doors,1.0,15652,3240,1,0,0,1,0,True,False,0.0,0.0,True
78,make_cabinet_doors,1.0,15653,2713,1,0,0,1,0,True,False,0.0,0.0,True
78,make_cabinet_doors,1.0,15654,2703,1,0,0,1,0,True,False,0.0,0.0,True
78,make_cabinet_doors,1.0,15655,3819,1,0,0,1,0,True,False,0.0,0.0,True
78,make_cabinet_doors,1.0,15656,4014,1,0,0,1,0,True,False,0.0,0.0,True
78,make_cabinet_doors,1.0,15657,3082,1,0,0,1,0,True,False,0.0,0.0,True
78,make_cabinet_doors,1.0,15658,2137,3,2,0,1,2,True,False,0.0,0.0,True
78,make_cabinet_doors,1.0,15659,4021,2,1,0,1,1,True,False,0.0,0.0,True
78,make_cabinet_doors,1.0,15660,3437,1,0,0,1,0,True,False,0.0,0.0,True
78,make_cabinet_doors,1.0,15661,4281,1,0,0,1,0,True,False,0.0,0.0,True
78,make_cabinet_doors,1.0,15662,3649,1,0,0,1,0,True,False,0.0,0.0,True
78,make_cabinet_doors,1.0,15663,3749,1,0,0,1,0,True,False,0.0,0.0,True
78,make_cabinet_doors,1.0,15664,4191,1,0,0,1,0,True,False,0.0,0.0,True
78,make_cabinet_doors,1.0,15665,3608,1,0,0,1,0,True,False,0.0,0.0,True
78,make_cabinet_doors,1.0,15666,3428,1,0,0,1,0,True,False,0.0,0.0,True
78,make_cabinet_doors,1.0,15667,3127,1,0,0,1,0,True,False,0.0,0.0,True
79,polishing_shoes,5.0,15800,10864,26,12,0,1,1,True,False,0.3999999910593033,1.9999999552965164,False
79,polishing_shoes,5.0,15801,10592,8,2,0,1,1,True,False,0.0,0.0,True
79,polishing_shoes,5.0,15802,10108,8,2,0,1,1,True,False,0.0,0.0,True
79,polishing_shoes,5.0,15803,10787,10,3,0,1,1,True,False,0.0,0.0,True
79,polishing_shoes,5.0,15804,10378,20,8,0,1,0,True,False,0.19999998807907104,0.9999999403953552,True
79,polishing_shoes,5.0,15805,11256,18,9,1,2,3,True,False,0.19999998807907104,0.9999999403953552,True
79,polishing_shoes,5.0,15806,13000,18,7,0,1,0,True,False,0.19999998807907104,0.9999999403953552,True
79,polishing_shoes,5.0,15807,12387,18,7,0,1,1,True,False,0.0,0.0,True
79,polishing_shoes,5.0,15808,9767,11,4,0,1,1,True,False,0.19999998807907104,0.9999999403953552,True
79,polishing_shoes,5.0,15809,10273,22,10,0,1,1,True,False,0.3999999910593033,1.9999999552965164,False
79,polishing_shoes,5.0,15810,11268,13,5,1,2,1,True,False,0.3999999910593033,1.9999999552965164,True
79,polishing_shoes,5.0,15811,8345,10,3,0,1,1,True,False,0.0,0.0,True
79,polishing_shoes,5.0,15812,11279,13,6,0,1,2,True,False,0.3999999910593033,1.9999999552965164,True
79,polishing_shoes,5.0,15813,9814,10,3,0,1,0,True,False,0.19999998807907104,0.9999999403953552,False
79,polishing_shoes,5.0,15814,8745,9,3,0,1,1,True,False,0.19999998807907104,0.9999999403953552,True
79,polishing_shoes,5.0,15815,10201,16,6,0,1,1,True,False,0.0,0.0,True
79,polishing_shoes,5.0,15816,12745,16,7,0,1,2,True,False,0.19999998807907104,0.9999999403953552,True
79,polishing_shoes,5.0,15817,9071,7,1,0,1,0,True,False,0.0,0.0,True
79,polishing_shoes,5.0,15818,10336,12,4,0,1,1,True,False,0.0,0.0,True
79,polishing_shoes,5.0,15819,10333,15,6,0,1,2,True,False,0.0,0.0,True
79,polishing_shoes,5.0,15820,11415,12,4,0,1,1,True,False,0.0,0.0,True
79,polishing_shoes,5.0,15821,10387,10,4,0,1,1,True,False,0.3999999910593033,1.9999999552965164,True
79,polishing_shoes,5.0,15822,13300,11,3,0,1,0,True,False,0.0,0.0,True
79,polishing_shoes,5.0,15823,9424,11,5,0,1,3,True,False,0.19999998807907104,0.9999999403953552,True
79,polishing_shoes,5.0,15824,10021,17,7,0,1,1,True,False,0.19999998807907104,0.9999999403953552,True
79,polishing_shoes,5.0,15825,12152,23,10,0,1,1,True,False,0.19999998807907104,0.9999999403953552,True
79,polishing_shoes,5.0,15826,11394,9,3,0,1,2,True,False,0.0,0.0,True
79,polishing_shoes,5.0,15827,11534,12,5,0,1,3,True,False,0.0,0.0,True
79,polishing_shoes,5.0,15828,12531,13,5,0,1,1,True,False,0.19999998807907104,0.9999999403953552,True
79,polishing_shoes,5.0,15829,11027,10,4,0,1,2,True,False,0.19999998807907104,0.9999999403953552,True
79,polishing_shoes,5.0,15830,10242,15,6,0,1,1,True,False,0.19999998807907104,0.9999999403953552,False
79,polishing_shoes,5.0,15831,11415,10,3,0,1,1,True,False,0.0,0.0,True
79,polishing_shoes,5.0,15832,10256,13,5,0,1,1,True,False,0.19999998807907104,0.9999999403953552,True
79,polishing_shoes,5.0,15833,10578,17,7,0,1,1,True,False,0.19999998807907104,0.9999999403953552,False
79,polishing_shoes,5.0,15834,7782,11,4,0,1,1,True,False,0.19999998807907104,0.9999999403953552,True
79,polishing_shoes,5.0,15835,10231,10,3,0,1,1,True,False,0.0,0.0,True
79,polishing_shoes,5.0,15836,9063,18,6,0,1,0,True,False,-0.20000001788139343,-1.0000000894069672,False
79,polishing_shoes,5.0,15837,9167,12,4,0,1,1,True,False,0.0,0.0,True
79,polishing_shoes,5.0,15838,10215,15,7,0,1,2,True,False,0.3999999910593033,1.9999999552965164,False
79,polishing_shoes,5.0,15839,12136,12,5,0,1,2,True,False,0.19999998807907104,0.9999999403953552,True
79,polishing_shoes,5.0,15840,9864,8,2,0,1,1,True,False,0.0,0.0,True
79,polishing_shoes,5.0,15841,13479,11,4,0,1,1,True,False,0.19999998807907104,0.9999999403953552,True
79,polishing_shoes,5.0,15842,11095,15,6,1,2,1,True,False,0.0,0.0,True
79,polishing_shoes,5.0,15843,9768,8,2,0,1,1,True,False,0.0,0.0,True
80,clean_up_broken_glass,1.0,16000,8579,1,0,0,1,0,True,False,0.0,0.0,True
80,clean_up_broken_glass,1.0,16001,9741,1,0,0,1,0,True,False,0.0,0.0,True
80,clean_up_broken_glass,1.0,16002,6365,2,1,0,1,1,True,False,0.0,0.0,True
80,clean_up_broken_glass,1.0,16003,10325,1,0,0,1,0,True,False,0.0,0.0,True
80,clean_up_broken_glass,1.0,16004,6118,1,0,0,1,0,True,False,0.0,0.0,True
80,clean_up_broken_glass,1.0,16005,6750,3,1,0,1,0,True,False,0.0,0.0,True
80,clean_up_broken_glass,1.0,16006,6266,1,0,0,1,0,True,False,0.0,0.0,True
80,clean_up_broken_glass,1.0,16007,7482,1,0,0,1,0,True,False,0.0,0.0,True
80,clean_up_broken_glass,1.0,16008,13318,1,0,0,1,0,True,False,0.0,0.0,True
80,clean_up_broken_glass,1.0,16009,8435,1,0,0,1,0,True,False,0.0,0.0,True
80,clean_up_broken_glass,1.0,16010,5556,1,0,0,1,0,True,False,0.0,0.0,True
80,clean_up_broken_glass,1.0,16011,10802,1,0,0,1,0,True,False,0.0,0.0,True
80,clean_up_broken_glass,1.0,16012,5122,2,1,0,1,1,True,False,0.0,0.0,True
80,clean_up_broken_glass,1.0,16013,6625,1,0,0,1,0,True,False,0.0,0.0,True
80,clean_up_broken_glass,1.0,16014,9522,1,0,0,1,0,True,False,0.0,0.0,True
80,clean_up_broken_glass,1.0,16015,5639,2,1,0,1,1,True,False,0.0,0.0,True
80,clean_up_broken_glass,1.0,16016,8522,1,0,0,1,0,True,False,0.0,0.0,True
80,clean_up_broken_glass,1.0,16017,11836,1,0,0,1,0,True,False,0.0,0.0,True
80,clean_up_broken_glass,1.0,16018,13184,1,0,0,1,0,True,False,0.0,0.0,True
80,clean_up_broken_glass,1.0,16019,7685,2,1,0,1,1,True,False,0.0,0.0,True
80,clean_up_broken_glass,1.0,16020,12415,1,0,0,1,0,True,False,0.0,0.0,True
80,clean_up_broken_glass,1.0,16021,9215,1,0,0,1,0,True,False,0.0,0.0,True
80,clean_up_broken_glass,1.0,16022,10045,1,0,0,1,0,True,False,0.0,0.0,True
80,clean_up_broken_glass,1.0,16023,8201,1,0,0,1,0,True,False,0.0,0.0,True
80,clean_up_broken_glass,1.0,16024,6937,1,0,0,1,0,True,False,0.0,0.0,True
80,clean_up_broken_glass,1.0,16025,8975,1,0,0,1,0,True,False,0.0,0.0,True
80,clean_up_broken_glass,1.0,16026,12284,3,1,0,1,0,True,False,0.0,0.0,True
80,clean_up_broken_glass,1.0,16027,12153,1,0,0,1,0,True,False,0.0,0.0,True
80,clean_up_broken_glass,1.0,16028,8457,1,0,0,1,0,True,False,0.0,0.0,True
80,clean_up_broken_glass,1.0,16029,12755,1,0,0,1,0,True,False,0.0,0.0,True
80,clean_up_broken_glass,1.0,16030,6986,1,0,0,1,0,True,False,0.0,0.0,True
80,clean_up_broken_glass,1.0,16031,9110,1,0,0,1,0,True,False,0.0,0.0,True
80,clean_up_broken_glass,1.0,16032,7650,2,1,0,1,1,True,False,0.0,0.0,True
80,clean_up_broken_glass,1.0,16033,6791,1,0,0,1,0,True,False,0.0,0.0,True
80,clean_up_broken_glass,1.0,16034,9062,1,0,0,1,0,True,False,0.0,0.0,True
80,clean_up_broken_glass,1.0,16035,10230,1,0,0,1,0,True,False,0.0,0.0,True
80,clean_up_broken_glass,1.0,16036,10156,1,0,0,1,0,True,False,0.0,0.0,True
80,clean_up_broken_glass,1.0,16037,5039,1,0,0,1,0,True,False,0.0,0.0,True
80,clean_up_broken_glass,1.0,16038,8127,1,0,0,1,0,True,False,0.0,0.0,True
80,clean_up_broken_glass,1.0,16039,5925,1,0,0,1,0,True,False,0.0,0.0,True
80,clean_up_broken_glass,1.0,16040,11433,1,0,0,1,0,True,False,0.0,0.0,True
80,clean_up_broken_glass,1.0,16041,9647,1,0,0,1,0,True,False,0.0,0.0,True
80,clean_up_broken_glass,1.0,16042,8666,1,0,0,1,0,True,False,0.0,0.0,True
80,clean_up_broken_glass,1.0,16043,11646,1,0,0,1,0,True,False,0.0,0.0,True
80,clean_up_broken_glass,1.0,16044,13479,1,0,0,1,0,True,False,0.0,0.0,True
80,clean_up_broken_glass,1.0,16045,9972,1,0,0,1,0,True,False,0.0,0.0,True
80,clean_up_broken_glass,1.0,16046,11400,1,0,0,1,0,True,False,0.0,0.0,True
80,clean_up_broken_glass,1.0,16047,10962,1,0,0,1,0,True,False,0.0,0.0,True
80,clean_up_broken_glass,1.0,16048,7650,1,0,0,1,0,True,False,0.0,0.0,True
80,clean_up_broken_glass,1.0,16049,8531,1,0,0,1,0,True,False,0.0,0.0,True
80,clean_up_broken_glass,1.0,16050,8189,1,0,0,1,0,True,False,0.0,0.0,True
80,clean_up_broken_glass,1.0,16051,7618,1,0,0,1,0,True,False,0.0,0.0,True
80,clean_up_broken_glass,1.0,16052,9616,1,0,0,1,0,True,False,0.0,0.0,True
81,packing_meal_for_delivery,2.0,16200,8972,4,2,0,1,1,True,False,0.5,1.0,False
81,packing_meal_for_delivery,2.0,16201,9309,2,0,0,1,0,True,False,0.0,0.0,True
81,packing_meal_for_delivery,2.0,16202,7288,14,6,0,1,0,True,False,0.0,0.0,True
81,packing_meal_for_delivery,2.0,16203,9192,2,0,0,1,0,True,False,0.0,0.0,True
81,packing_meal_for_delivery,2.0,16204,9408,2,0,0,1,0,True,False,0.0,0.0,True
81,packing_meal_for_delivery,2.0,16205,7074,2,0,0,1,0,True,False,0.0,0.0,True
81,packing_meal_for_delivery,2.0,16206,9332,3,1,0,1,0,True,False,0.5,1.0,False
81,packing_meal_for_delivery,2.0,16207,9285,2,0,0,1,0,True,False,0.0,0.0,True
81,packing_meal_for_delivery,2.0,16208,9786,2,0,0,1,0,True,False,0.0,0.0,True
81,packing_meal_for_delivery,2.0,16209,10677,6,2,0,1,0,True,False,0.0,0.0,True
81,packing_meal_for_delivery,2.0,16210,8683,3,1,0,1,1,True,False,0.0,0.0,True
81,packing_meal_for_delivery,2.0,16211,7550,18,8,0,1,0,True,False,0.0,0.0,True
81,packing_meal_for_delivery,2.0,16212,8173,3,1,0,1,0,True,False,0.5,1.0,False
81,packing_meal_for_delivery,2.0,16213,9632,3,1,0,1,0,True,False,0.5,1.0,False
81,packing_meal_for_delivery,2.0,16214,8654,2,0,0,1,0,True,False,0.0,0.0,True
81,packing_meal_for_delivery,2.0,16215,8366,2,0,0,1,0,True,False,0.0,0.0,True
81,packing_meal_for_delivery,2.0,16216,8942,6,3,0,1,2,True,False,0.0,0.0,True
81,packing_meal_for_delivery,2.0,16217,9573,6,2,0,1,0,True,False,0.0,0.0,True
81,packing_meal_for_delivery,2.0,16218,8363,3,1,0,1,1,True,False,0.0,0.0,True
81,packing_meal_for_delivery,2.0,16219,7865,2,0,0,1,0,True,False,0.0,0.0,True
81,packing_meal_for_delivery,2.0,16220,9711,6,2,0,1,0,True,False,0.0,0.0,True
81,packing_meal_for_delivery,2.0,16221,8457,39,19,0,1,1,True,False,0.0,0.0,True
81,packing_meal_for_delivery,2.0,16222,7564,10,4,0,1,0,True,False,0.0,0.0,True
81,packing_meal_for_delivery,2.0,16223,8502,13,6,0,1,0,True,False,0.5,1.0,False
81,packing_meal_for_delivery,2.0,16224,9896,2,0,0,1,0,True,False,0.0,0.0,True
81,packing_meal_for_delivery,2.0,16225,9653,6,3,0,1,1,True,False,0.5,1.0,False
81,packing_meal_for_delivery,2.0,16226,9141,2,0,0,1,0,True,False,0.0,0.0,True
81,packing_meal_for_delivery,2.0,16227,6784,11,5,0,1,0,True,False,0.5,1.0,False
81,packing_meal_for_delivery,2.0,16228,8937,6,3,0,1,1,True,False,0.5,1.0,False
81,packing_meal_for_delivery,2.0,16229,8819,17,8,0,1,0,True,False,0.5,1.0,False
81,packing_meal_for_delivery,2.0,16230,9773,2,0,0,1,0,True,False,0.0,0.0,True
81,packing_meal_for_delivery,2.0,16231,11397,12,5,0,1,0,True,False,0.0,0.0,False
81,packing_meal_for_delivery,2.0,16232,8892,4,1,0,1,0,True,False,0.0,0.0,True
81,packing_meal_for_delivery,2.0,16233,9922,7,3,0,1,0,True,False,0.5,1.0,False
81,packing_meal_for_delivery,2.0,16234,9129,3,1,0,1,1,True,False,0.0,0.0,True
81,packing_meal_for_delivery,2.0,16235,9643,3,1,0,1,0,True,False,0.5,1.0,False
81,packing_meal_for_delivery,2.0,16236,7772,2,0,0,1,0,True,False,0.0,0.0,True
81,packing_meal_for_delivery,2.0,16237,9339,3,1,0,1,1,True,False,0.0,0.0,True
81,packing_meal_for_delivery,2.0,16238,6924,15,7,0,1,0,True,False,0.5,1.0,False
81,packing_meal_for_delivery,2.0,16239,9154,3,1,0,1,1,True,False,0.0,0.0,True
81,packing_meal_for_delivery,2.0,16240,8513,6,2,0,1,0,True,False,0.0,0.0,True
81,packing_meal_for_delivery,2.0,16241,8521,2,0,0,1,0,True,False,0.0,0.0,True
81,packing_meal_for_delivery,2.0,16242,7192,3,1,0,1,1,True,False,0.0,0.0,True
81,packing_meal_for_delivery,2.0,16243,8076,9,3,0,1,0,True,False,-0.5,-1.0,False
81,packing_meal_for_delivery,2.0,16244,9311,3,1,0,1,1,True,False,0.0,0.0,True
81,packing_meal_for_delivery,2.0,16245,10798,8,4,0,1,1,True,False,0.5,1.0,False
81,packing_meal_for_delivery,2.0,16246,8895,2,0,0,1,0,True,False,0.0,0.0,True
81,packing_meal_for_delivery,2.0,16247,7869,3,1,0,1,1,True,False,0.0,0.0,True
81,packing_meal_for_delivery,2.0,16248,8478,8,3,0,1,0,True,False,0.0,0.0,True
81,packing_meal_for_delivery,2.0,16249,10169,2,0,0,1,0,True,False,0.0,0.0,True
81,packing_meal_for_delivery,2.0,16250,7132,6,3,0,1,2,True,False,0.0,0.0,True
81,packing_meal_for_delivery,2.0,16251,11190,9,4,0,1,0,True,False,0.5,1.0,False
81,packing_meal_for_delivery,2.0,16252,8410,6,3,0,1,1,True,False,0.5,1.0,False
82,store_batteries,1.0,16400,9835,1,0,0,1,0,True,False,0.0,0.0,True
82,store_batteries,1.0,16401,6966,1,0,0,1,0,True,False,0.0,0.0,True
82,store_batteries,1.0,16402,5515,2,1,0,1,1,True,False,0.0,0.0,True
82,store_batteries,1.0,16403,8116,4,3,0,1,3,True,False,0.0,0.0,True
82,store_batteries,1.0,16404,5317,1,0,0,1,0,True,False,0.0,0.0,True
82,store_batteries,1.0,16405,5589,3,1,0,1,0,True,False,0.0,0.0,True
82,store_batteries,1.0,16406,10282,2,1,0,1,1,True,False,0.0,0.0,True
82,store_batteries,1.0,16407,9820,1,0,0,1,0,True,False,0.0,0.0,True
82,store_batteries,1.0,16408,8556,1,0,0,1,0,True,False,0.0,0.0,True
82,store_batteries,1.0,16409,9590,1,0,0,1,0,True,False,0.0,0.0,True
82,store_batteries,1.0,16410,7420,2,1,0,1,1,True,False,0.0,0.0,True
82,store_batteries,1.0,16411,8285,1,0,0,1,0,True,False,0.0,0.0,True
82,store_batteries,1.0,16412,6852,1,0,0,1,0,True,False,0.0,0.0,True
82,store_batteries,1.0,16413,6333,4,2,0,1,1,True,False,0.0,0.0,True
82,store_batteries,1.0,16414,8446,1,0,0,1,0,True,False,0.0,0.0,True
82,store_batteries,1.0,16415,10098,1,0,0,1,0,True,False,0.0,0.0,True
82,store_batteries,1.0,16416,8441,1,0,0,1,0,True,False,0.0,0.0,True
82,store_batteries,1.0,16417,8143,1,0,0,1,0,True,False,0.0,0.0,True
82,store_batteries,1.0,16418,9257,1,0,0,1,0,True,False,0.0,0.0,True
82,store_batteries,1.0,16419,8152,1,0,0,1,0,True,False,0.0,0.0,True
82,store_batteries,1.0,16420,6164,1,0,0,1,0,True,False,0.0,0.0,True
82,store_batteries,1.0,16421,5014,3,1,0,1,0,True,False,0.0,0.0,True
82,store_batteries,1.0,16422,4792,1,0,0,1,0,True,False,0.0,0.0,True
82,store_batteries,1.0,16423,5393,1,0,0,1,0,True,False,0.0,0.0,True
82,store_batteries,1.0,16424,6247,1,0,0,1,0,True,False,0.0,0.0,True
82,store_batteries,1.0,16425,9064,1,0,0,1,0,True,False,0.0,0.0,True
82,store_batteries,1.0,16426,10168,1,0,0,1,0,True,False,0.0,0.0,True
82,store_batteries,1.0,16427,6431,2,1,0,1,1,True,False,0.0,0.0,True
82,store_batteries,1.0,16428,7454,2,1,0,1,1,True,False,0.0,0.0,True
82,store_batteries,1.0,16429,7443,3,1,0,1,0,True,False,0.0,0.0,True
82,store_batteries,1.0,16430,8148,1,0,0,1,0,True,False,0.0,0.0,True
82,store_batteries,1.0,16431,6565,1,0,0,1,0,True,False,0.0,0.0,True
82,store_batteries,1.0,16432,6539,2,1,0,1,1,True,False,0.0,0.0,True
82,store_batteries,1.0,16433,9313,1,0,0,1,0,True,False,0.0,0.0,True
82,store_batteries,1.0,16434,6635,3,1,0,1,0,True,False,0.0,0.0,True
82,store_batteries,1.0,16435,8284,1,0,0,1,0,True,False,0.0,0.0,True
82,store_batteries,1.0,16436,9302,1,0,0,1,0,True,False,0.0,0.0,True
82,store_batteries,1.0,16437,8222,1,0,0,1,0,True,False,0.0,0.0,True
82,store_batteries,1.0,16438,6339,1,0,0,1,0,True,False,0.0,0.0,True
82,store_batteries,1.0,16439,6792,1,0,0,1,0,True,False,0.0,0.0,True
82,store_batteries,1.0,16440,7704,1,0,0,1,0,True,False,0.0,0.0,True
82,store_batteries,1.0,16441,5476,1,0,0,1,0,True,False,0.0,0.0,True
82,store_batteries,1.0,16442,9518,1,0,0,1,0,True,False,0.0,0.0,True
82,store_batteries,1.0,16443,6205,1,0,0,1,0,True,False,0.0,0.0,True
82,store_batteries,1.0,16444,5442,1,0,0,1,0,True,False,0.0,0.0,True
82,store_batteries,1.0,16445,10405,1,0,0,1,0,True,False,0.0,0.0,True
82,store_batteries,1.0,16446,8030,1,0,0,1,0,True,False,0.0,0.0,True
82,store_batteries,1.0,16447,7409,2,1,0,1,1,True,False,0.0,0.0,True
82,store_batteries,1.0,16448,7802,1,0,0,1,0,True,False,0.0,0.0,True
82,store_batteries,1.0,16449,7920,1,0,0,1,0,True,False,0.0,0.0,True
82,store_batteries,1.0,16450,6291,2,1,0,1,1,True,False,0.0,0.0,True
82,store_batteries,1.0,16451,9563,1,0,0,1,0,True,False,0.0,0.0,True
82,store_batteries,1.0,16452,8743,1,0,0,1,0,True,False,0.0,0.0,True
82,store_batteries,1.0,16453,8101,1,0,0,1,0,True,False,0.0,0.0,True
82,store_batteries,1.0,16454,9067,1,0,0,1,0,True,False,0.0,0.0,True
82,store_batteries,1.0,16455,9735,1,0,0,1,0,True,False,0.0,0.0,True
82,store_batteries,1.0,16456,6857,1,0,0,1,0,True,False,0.0,0.0,True
82,store_batteries,1.0,16457,7216,1,0,0,1,0,True,False,0.0,0.0,True
82,store_batteries,1.0,16458,7054,1,0,0,1,0,True,False,0.0,0.0,True
82,store_batteries,1.0,16459,10039,1,0,0,1,0,True,False,0.0,0.0,True
82,store_batteries,1.0,16460,8289,1,0,0,1,0,True,False,0.0,0.0,True
83,store_honey,1.0,16600,5785,1,0,0,1,0,True,False,0.0,0.0,True
83,store_honey,1.0,16601,5129,1,0,0,1,0,True,False,0.0,0.0,True
83,store_honey,1.0,16602,7514,1,0,0,1,0,True,False,0.0,0.0,True
83,store_honey,1.0,16603,7557,1,0,0,1,0,True,False,0.0,0.0,True
83,store_honey,1.0,16604,9137,1,0,0,1,0,True,False,0.0,0.0,True
83,store_honey,1.0,16605,4268,3,1,0,1,0,True,False,0.0,0.0,True
83,store_honey,1.0,16606,8332,2,1,0,1,1,True,False,0.0,0.0,True
83,store_honey,1.0,16607,5497,1,0,0,1,0,True,False,0.0,0.0,True
83,store_honey,1.0,16608,7399,1,0,0,1,0,True,False,0.0,0.0,True
83,store_honey,1.0,16609,4533,3,1,0,1,0,True,False,0.0,0.0,True
83,store_honey,1.0,16610,8701,1,0,0,1,0,True,False,0.0,0.0,True
83,store_honey,1.0,16611,8451,2,1,0,1,1,True,False,0.0,0.0,True
83,store_honey,1.0,16612,5147,1,0,0,1,0,True,False,0.0,0.0,True
83,store_honey,1.0,16613,7475,2,1,0,1,1,True,False,0.0,0.0,True
83,store_honey,1.0,16614,4410,2,1,0,1,1,True,False,0.0,0.0,True
83,store_honey,1.0,16615,5774,1,0,0,1,0,True,False,0.0,0.0,True
83,store_honey,1.0,16616,7601,1,0,0,1,0,True,False,0.0,0.0,True
83,store_honey,1.0,16617,10097,1,0,0,1,0,True,False,0.0,0.0,True
83,store_honey,1.0,16618,9008,1,0,0,1,0,True,False,0.0,0.0,True
83,store_honey,1.0,16619,6385,2,1,0,1,1,True,False,0.0,0.0,True
83,store_honey,1.0,16620,4253,1,0,0,1,0,True,False,0.0,0.0,True
83,store_honey,1.0,16621,7724,2,1,0,1,1,True,False,0.0,0.0,True
83,store_honey,1.0,16622,8573,1,0,0,1,0,True,False,0.0,0.0,True
83,store_honey,1.0,16623,9332,2,1,0,1,1,True,False,0.0,0.0,True
83,store_honey,1.0,16624,7200,3,2,0,1,2,True,False,0.0,0.0,True
83,store_honey,1.0,16625,8168,1,0,0,1,0,True,False,0.0,0.0,True
83,store_honey,1.0,16626,5603,1,0,0,1,0,True,False,0.0,0.0,True
83,store_honey,1.0,16627,4633,1,0,0,1,0,True,False,0.0,0.0,True
83,store_honey,1.0,16628,5739,1,0,0,1,0,True,False,0.0,0.0,True
83,store_honey,1.0,16629,8029,2,1,0,1,1,True,False,0.0,0.0,True
83,store_honey,1.0,16630,5325,1,0,0,1,0,True,False,0.0,0.0,True
83,store_honey,1.0,16631,4333,2,1,0,1,1,True,False,0.0,0.0,True
83,store_honey,1.0,16632,5806,1,0,0,1,0,True,False,0.0,0.0,True
83,store_honey,1.0,16633,7551,5,3,0,1,2,True,False,0.0,0.0,True
83,store_honey,1.0,16634,4464,2,1,0,1,1,True,False,0.0,0.0,True
83,store_honey,1.0,16635,4880,3,1,0,1,0,True,False,0.0,0.0,True
83,store_honey,1.0,16636,4980,1,0,0,1,0,True,False,0.0,0.0,True
83,store_honey,1.0,16637,8989,1,0,0,1,0,True,False,0.0,0.0,True
83,store_honey,1.0,16638,8311,1,0,0,1,0,True,False,0.0,0.0,True
83,store_honey,1.0,16639,5775,2,1,0,1,1,True,False,0.0,0.0,True
83,store_honey,1.0,16640,7496,1,0,0,1,0,True,False,0.0,0.0,True
83,store_honey,1.0,16641,6000,2,1,0,1,1,True,False,0.0,0.0,True
83,store_honey,1.0,16642,7255,1,0,0,1,0,True,False,0.0,0.0,True
83,store_honey,1.0,16643,5722,1,0,0,1,0,True,False,0.0,0.0,True
83,store_honey,1.0,16644,7591,1,0,0,1,0,True,False,0.0,0.0,True
83,store_honey,1.0,16645,7199,1,0,0,1,0,True,False,0.0,0.0,True
83,store_honey,1.0,16646,7131,1,0,0,1,0,True,False,0.0,0.0,True
83,store_honey,1.0,16647,9582,1,0,0,1,0,True,False,0.0,0.0,True
83,store_honey,1.0,16648,8469,1,0,0,1,0,True,False,0.0,0.0,True
83,store_honey,1.0,16649,5191,1,0,0,1,0,True,False,0.0,0.0,True
83,store_honey,1.0,16650,4749,1,0,0,1,0,True,False,0.0,0.0,True
83,store_honey,1.0,16651,4573,1,0,0,1,0,True,False,0.0,0.0,True
83,store_honey,1.0,16652,4601,1,0,0,1,0,True,False,0.0,0.0,True
83,store_honey,1.0,16653,7940,1,0,0,1,0,True,False,0.0,0.0,True
83,store_honey,1.0,16654,8185,1,0,0,1,0,True,False,0.0,0.0,True
83,store_honey,1.0,16655,7731,2,1,0,1,1,True,False,0.0,0.0,True
83,store_honey,1.0,16656,5507,1,0,0,1,0,True,False,0.0,0.0,True
83,store_honey,1.0,16657,5345,2,1,0,1,1,True,False,0.0,0.0,True
83,store_honey,1.0,16658,6180,1,0,0,1,0,True,False,0.0,0.0,True
83,store_honey,1.0,16659,4453,1,0,0,1,0,True,False,0.0,0.0,True
83,store_honey,1.0,16660,4081,1,0,0,1,0,True,False,0.0,0.0,True
83,store_honey,1.0,16661,8758,1,0,0,1,0,True,False,0.0,0.0,True
83,store_honey,1.0,16662,2861,1,0,0,1,0,True,False,0.0,0.0,True
83,store_honey,1.0,16663,6422,1,0,0,1,0,True,False,0.0,0.0,True
83,store_honey,1.0,16664,5265,1,0,0,1,0,True,False,0.0,0.0,True
83,store_honey,1.0,16665,4818,3,1,0,1,0,True,False,0.0,0.0,True
83,store_honey,1.0,16666,8439,1,0,0,1,0,True,False,0.0,0.0,True
83,store_honey,1.0,16667,5682,1,0,0,1,0,True,False,0.0,0.0,True
83,store_honey,1.0,16668,7767,1,0,0,1,0,True,False,0.0,0.0,True
83,store_honey,1.0,16669,8257,1,0,0,1,0,True,False,0.0,0.0,True
83,store_honey,1.0,16670,7236,1,0,0,1,0,True,False,0.0,0.0,True
83,store_honey,1.0,16671,7824,1,0,0,1,0,True,False,0.0,0.0,True
84,tidying_bathroom,4.0,16800,16230,8,4,0,1,2,True,False,0.5,2.0,True
84,tidying_bathroom,4.0,16801,10186,5,1,0,1,1,True,False,0.0,0.0,True
84,tidying_bathroom,4.0,16802,9955,7,3,0,1,1,True,False,0.5,2.0,True
84,tidying_bathroom,4.0,16803,16346,6,1,0,1,0,True,False,0.0,0.0,True
84,tidying_bathroom,4.0,16804,17016,6,2,0,1,0,True,False,0.5,2.0,True
84,tidying_bathroom,4.0,16805,9761,6,2,0,1,1,True,False,0.25,1.0,True
84,tidying_bathroom,4.0,16806,15018,7,3,0,1,1,True,False,0.5,2.0,True
84,tidying_bathroom,4.0,16807,9437,7,3,0,1,1,True,False,0.5,2.0,True
84,tidying_bathroom,4.0,16808,10843,6,2,0,1,0,True,False,0.5,2.0,True
84,tidying_bathroom,4.0,16809,9732,7,2,0,1,0,True,False,0.25,1.0,True
84,tidying_bathroom,4.0,16810,10819,6,1,0,1,0,True,False,0.0,0.0,True
84,tidying_bathroom,4.0,16811,16420,13,6,0,1,2,True,False,0.25,1.0,True
84,tidying_bathroom,4.0,16812,11031,6,2,0,1,0,True,False,0.5,2.0,True
84,tidying_bathroom,4.0,16813,10775,9,4,0,1,2,True,False,0.25,1.0,False
84,tidying_bathroom,4.0,16814,11610,7,3,0,1,1,True,False,0.5,2.0,True
84,tidying_bathroom,4.0,16815,11015,6,2,0,1,1,True,False,0.25,1.0,True
84,tidying_bathroom,4.0,16816,17320,16,8,0,1,2,True,False,0.5,2.0,True
84,tidying_bathroom,4.0,16817,16955,5,1,0,1,0,True,False,0.25,1.0,True
84,tidying_bathroom,4.0,16818,11841,9,4,0,1,1,True,False,0.5,2.0,False
84,tidying_bathroom,4.0,16819,10213,8,4,0,1,2,True,False,0.5,2.0,True
84,tidying_bathroom,4.0,16820,11020,10,6,0,1,3,True,False,0.75,3.0,False
84,tidying_bathroom,4.0,16821,15026,5,1,0,1,0,True,False,0.25,1.0,True
84,tidying_bathroom,4.0,16822,12022,12,5,0,1,1,True,False,0.25,1.0,True
84,tidying_bathroom,4.0,16823,10913,14,7,0,1,2,True,False,0.5,2.0,True
84,tidying_bathroom,4.0,16824,16462,6,1,0,1,0,True,False,0.0,0.0,True
84,tidying_bathroom,4.0,16825,10195,5,1,0,1,0,True,False,0.25,1.0,True
84,tidying_bathroom,4.0,16826,17000,5,0,0,1,0,True,False,-0.25,-1.0,False
84,tidying_bathroom,4.0,16827,12980,11,5,0,1,1,True,False,0.5,2.0,False
84,tidying_bathroom,4.0,16828,18450,3,0,0,1,0,True,False,0.25,1.0,True
84,tidying_bathroom,4.0,16829,16757,9,4,0,1,0,True,False,0.75,3.0,False
84,tidying_bathroom,4.0,16830,18769,7,2,0,1,0,True,False,0.25,1.0,True
84,tidying_bathroom,4.0,16831,11777,5,1,0,1,0,True,False,0.25,1.0,False
84,tidying_bathroom,4.0,16832,14672,5,1,0,1,1,True,False,0.0,0.0,True
84,tidying_bathroom,4.0,16833,14777,13,6,0,1,1,True,False,0.5,2.0,True
84,tidying_bathroom,4.0,16834,9761,6,1,0,1,0,True,False,0.0,0.0,True
84,tidying_bathroom,4.0,16835,12050,7,2,0,1,1,True,False,0.0,0.0,True
84,tidying_bathroom,4.0,16836,15306,6,2,0,1,1,True,False,0.25,1.0,True
84,tidying_bathroom,4.0,16837,11599,7,3,0,1,1,True,False,0.5,2.0,True
84,tidying_bathroom,4.0,16838,15636,4,0,0,1,0,True,False,0.0,0.0,True
84,tidying_bathroom,4.0,16839,12115,7,3,0,1,1,True,False,0.5,2.0,True
84,tidying_bathroom,4.0,16840,11627,6,2,0,1,1,True,False,0.25,1.0,True
84,tidying_bathroom,4.0,16841,15935,8,2,1,2,0,True,False,-0.25,-1.0,False
84,tidying_bathroom,4.0,16842,15396,8,3,0,1,0,True,False,0.5,2.0,False
84,tidying_bathroom,4.0,16843,10846,12,5,0,1,0,True,False,0.5,2.0,False
84,tidying_bathroom,4.0,16844,10400,12,5,0,1,1,True,False,0.25,1.0,True
84,tidying_bathroom,4.0,16845,15773,8,3,0,1,1,True,False,0.25,1.0,True
84,tidying_bathroom,4.0,16846,16358,5,1,0,1,1,True,False,0.0,0.0,True
84,tidying_bathroom,4.0,16847,11544,6,2,0,1,1,True,False,0.25,1.0,True
84,tidying_bathroom,4.0,16848,15685,11,4,0,1,0,True,False,0.25,1.0,True
84,tidying_bathroom,4.0,16849,11613,6,2,0,1,0,True,False,0.5,2.0,True
84,tidying_bathroom,4.0,16850,8929,7,3,0,1,1,True,False,0.5,2.0,True
84,tidying_bathroom,4.0,16851,11864,9,4,0,1,1,True,False,0.5,2.0,True
84,tidying_bathroom,4.0,16852,11436,4,0,0,1,0,True,False,0.0,0.0,True
85,putting_dirty_dishes_in_sink,2.0,17000,10095,4,1,0,1,0,True,False,0.0,0.0,True
85,putting_dirty_dishes_in_sink,2.0,17001,11613,2,0,0,1,0,True,False,0.0,0.0,True
85,putting_dirty_dishes_in_sink,2.0,17002,11777,4,1,0,1,0,True,False,0.0,0.0,True
85,putting_dirty_dishes_in_sink,2.0,17003,12509,4,1,0,1,0,True,False,0.0,0.0,True
85,putting_dirty_dishes_in_sink,2.0,17004,10497,3,1,0,1,0,True,False,0.5,1.0,False
85,putting_dirty_dishes_in_sink,2.0,17005,11036,2,0,0,1,0,True,False,0.0,0.0,True
85,putting_dirty_dishes_in_sink,2.0,17006,10993,6,2,0,1,0,True,False,0.0,0.0,True
85,putting_dirty_dishes_in_sink,2.0,17007,12709,2,0,0,1,0,True,False,0.0,0.0,True
85,putting_dirty_dishes_in_sink,2.0,17008,11562,3,1,0,1,0,True,False,0.5,1.0,False
85,putting_dirty_dishes_in_sink,2.0,17009,14424,5,2,0,1,0,True,False,0.5,1.0,False
85,putting_dirty_dishes_in_sink,2.0,17010,15554,9,5,0,1,2,True,False,0.5,1.0,False
85,putting_dirty_dishes_in_sink,2.0,17011,11121,3,1,0,1,0,True,False,0.5,1.0,False
85,putting_dirty_dishes_in_sink,2.0,17012,12872,9,4,0,1,0,True,False,0.5,1.0,False
85,putting_dirty_dishes_in_sink,2.0,17013,11888,4,2,0,1,1,True,False,0.5,1.0,False
85,putting_dirty_dishes_in_sink,2.0,17014,12493,5,2,0,1,1,True,False,0.0,0.0,True
85,putting_dirty_dishes_in_sink,2.0,17015,10816,5,2,0,1,0,True,False,0.5,1.0,False
85,putting_dirty_dishes_in_sink,2.0,17016,13225,17,8,0,1,1,True,False,0.0,0.0,True
85,putting_dirty_dishes_in_sink,2.0,17017,12823,3,1,0,1,1,True,False,0.0,0.0,True
85,putting_dirty_dishes_in_sink,2.0,17018,10940,5,2,0,1,0,True,False,0.5,1.0,False
85,putting_dirty_dishes_in_sink,2.0,17019,11034,3,2,0,1,1,True,False,1.0,2.0,False
85,putting_dirty_dishes_in_sink,2.0,17020,10915,3,1,0,1,0,True,False,0.5,1.0,False
85,putting_dirty_dishes_in_sink,2.0,17021,12333,2,0,0,1,0,True,False,0.0,0.0,True
85,putting_dirty_dishes_in_sink,2.0,17022,14106,6,2,0,1,0,True,False,0.0,0.0,True
85,putting_dirty_dishes_in_sink,2.0,17023,11017,2,0,0,1,0,True,False,0.0,0.0,True
85,putting_dirty_dishes_in_sink,2.0,17024,11172,3,1,0,1,0,True,False,0.5,1.0,False
85,putting_dirty_dishes_in_sink,2.0,17025,14579,3,1,0,1,0,True,False,0.5,1.0,False
85,putting_dirty_dishes_in_sink,2.0,17026,10929,4,2,0,1,1,True,False,0.5,1.0,False
85,putting_dirty_dishes_in_sink,2.0,17027,9732,9,4,0,1,1,True,False,0.0,0.0,True
85,putting_dirty_dishes_in_sink,2.0,17028,14559,4,2,0,1,1,True,False,0.5,1.0,False
85,putting_dirty_dishes_in_sink,2.0,17029,12411,4,2,0,1,1,True,False,0.5,1.0,False
85,putting_dirty_dishes_in_sink,2.0,17030,11268,5,2,0,1,0,True,False,0.5,1.0,False
85,putting_dirty_dishes_in_sink,2.0,17031,9363,5,3,0,1,2,True,False,0.5,1.0,False
85,putting_dirty_dishes_in_sink,2.0,17032,13564,4,2,0,1,1,True,False,0.5,1.0,False
85,putting_dirty_dishes_in_sink,2.0,17033,12235,2,0,0,1,0,True,False,0.0,0.0,True
85,putting_dirty_dishes_in_sink,2.0,17034,11698,3,1,0,1,0,True,False,0.5,1.0,False
85,putting_dirty_dishes_in_sink,2.0,17035,11851,4,2,0,1,1,True,False,0.5,1.0,False
85,putting_dirty_dishes_in_sink,2.0,17036,13917,5,2,0,1,1,True,False,0.0,0.0,False
85,putting_dirty_dishes_in_sink,2.0,17037,11879,2,0,0,1,0,True,False,0.0,0.0,True
85,putting_dirty_dishes_in_sink,2.0,17038,11588,7,3,0,1,0,True,False,0.5,1.0,False
85,putting_dirty_dishes_in_sink,2.0,17039,12524,6,3,0,1,1,True,False,0.5,1.0,False
86,make_gift_bags_for_baby_showers,3.0,17200,7253,3,0,0,1,0,True,False,0.0,0.0,True
86,make_gift_bags_for_baby_showers,3.0,17201,8383,3,0,0,1,0,True,False,0.0,0.0,True
86,make_gift_bags_for_baby_showers,3.0,17202,7657,4,1,0,1,0,True,False,0.3333333134651184,0.9999999403953552,False
86,make_gift_bags_for_baby_showers,3.0,17203,8315,5,2,0,1,1,True,False,0.3333333134651184,0.9999999403953552,False
86,make_gift_bags_for_baby_showers,3.0,17204,6725,5,2,0,1,1,True,False,0.3333333134651184,0.9999999403953552,False
86,make_gift_bags_for_baby_showers,3.0,17205,9323,5,2,0,1,1,True,False,0.3333333134651184,0.9999999403953552,True
86,make_gift_bags_for_baby_showers,3.0,17206,12806,11,8,0,1,6,True,False,0.6666666567325592,1.9999999701976776,False
86,make_gift_bags_for_baby_showers,3.0,17207,11216,6,3,0,1,1,True,False,0.6666666567325592,1.9999999701976776,False
86,make_gift_bags_for_baby_showers,3.0,17208,8677,3,0,0,1,0,True,False,0.0,0.0,True
86,make_gift_bags_for_baby_showers,3.0,17209,8701,4,1,0,1,1,True,False,0.0,0.0,True
86,make_gift_bags_for_baby_showers,3.0,17210,7192,6,3,0,1,2,True,False,0.3333333134651184,0.9999999403953552,True
86,make_gift_bags_for_baby_showers,3.0,17211,8004,5,1,0,1,0,True,False,0.0,0.0,True
86,make_gift_bags_for_baby_showers,3.0,17212,7005,3,0,0,1,0,True,False,0.0,0.0,True
86,make_gift_bags_for_baby_showers,3.0,17213,8862,6,3,0,1,1,True,False,0.6666666567325592,1.9999999701976776,False
86,make_gift_bags_for_baby_showers,3.0,17214,6756,5,2,0,1,0,True,False,0.6666666567325592,1.9999999701976776,False
86,make_gift_bags_for_baby_showers,3.0,17215,8232,3,0,0,1,0,True,False,0.0,0.0,True
86,make_gift_bags_for_baby_showers,3.0,17216,10079,5,2,0,1,0,True,False,0.6666666567325592,1.9999999701976776,False
86,make_gift_bags_for_baby_showers,3.0,17217,10753,5,2,0,1,0,True,False,0.6666666567325592,1.9999999701976776,False
86,make_gift_bags_for_baby_showers,3.0,17218,8753,4,1,0,1,0,True,False,0.3333333134651184,0.9999999403953552,False
86,make_gift_bags_for_baby_showers,3.0,17219,6876,7,3,0,1,0,True,False,0.6666666567325592,1.9999999701976776,False
86,make_gift_bags_for_baby_showers,3.0,17220,12491,4,1,0,1,0,True,False,0.3333333134651184,0.9999999403953552,False
86,make_gift_bags_for_baby_showers,3.0,17221,7130,5,2,0,1,1,True,False,0.3333333134651184,0.9999999403953552,True
86,make_gift_bags_for_baby_showers,3.0,17222,7298,6,3,0,1,1,True,False,0.6666666567325592,1.9999999701976776,False
86,make_gift_bags_for_baby_showers,3.0,17223,9081,4,0,0,1,0,True,False,-0.3333333730697632,-1.0000001192092896,False
86,make_gift_bags_for_baby_showers,3.0,17224,7180,5,2,0,1,0,True,False,0.6666666567325592,1.9999999701976776,False
86,make_gift_bags_for_baby_showers,3.0,17225,10949,9,5,0,1,2,True,False,0.6666666567325592,1.9999999701976776,False
86,make_gift_bags_for_baby_showers,3.0,17226,9717,5,2,0,1,1,True,False,0.3333333134651184,0.9999999403953552,True
86,make_gift_bags_for_baby_showers,3.0,17227,8763,4,1,0,1,0,True,False,0.3333333134651184,0.9999999403953552,True
86,make_gift_bags_for_baby_showers,3.0,17228,9775,7,3,0,1,2,True,False,0.0,0.0,False
86,make_gift_bags_for_baby_showers,3.0,17229,7313,7,4,0,1,3,True,False,0.3333333134651184,0.9999999403953552,True
86,make_gift_bags_for_baby_showers,3.0,17230,10364,6,2,0,1,1,True,False,0.0,0.0,True
86,make_gift_bags_for_baby_showers,3.0,17231,6785,4,1,0,1,0,True,False,0.3333333134651184,0.9999999403953552,True
86,make_gift_bags_for_baby_showers,3.0,17232,10950,3,0,0,1,0,True,False,0.0,0.0,True
86,make_gift_bags_for_baby_showers,3.0,17233,9291,3,0,0,1,0,True,False,0.0,0.0,True
86,make_gift_bags_for_baby_showers,3.0,17234,8932,7,4,0,1,2,True,False,0.6666666567325592,1.9999999701976776,False
86,make_gift_bags_for_baby_showers,3.0,17235,9908,4,1,0,1,1,True,False,0.0,0.0,True
86,make_gift_bags_for_baby_showers,3.0,17236,12534,5,2,0,1,2,True,False,0.0,0.0,True
86,make_gift_bags_for_baby_showers,3.0,17237,8417,4,1,0,1,0,True,False,0.3333333134651184,0.9999999403953552,False
86,make_gift_bags_for_baby_showers,3.0,17238,8631,4,1,0,1,0,True,False,0.3333333134651184,0.9999999403953552,False
86,make_gift_bags_for_baby_showers,3.0,17239,11331,8,4,0,1,1,True,False,0.6666666567325592,1.9999999701976776,False
86,make_gift_bags_for_baby_showers,3.0,17240,8909,5,2,0,1,1,True,False,0.3333333134651184,0.9999999403953552,True
86,make_gift_bags_for_baby_showers,3.0,17241,10663,4,1,0,1,0,True,False,0.3333333134651184,0.9999999403953552,True
86,make_gift_bags_for_baby_showers,3.0,17242,12424,8,5,0,1,3,True,False,0.6666666567325592,1.9999999701976776,False
86,make_gift_bags_for_baby_showers,3.0,17243,8977,6,3,0,1,1,True,False,0.6666666567325592,1.9999999701976776,False
86,make_gift_bags_for_baby_showers,3.0,17244,8718,5,2,0,1,1,True,False,0.3333333134651184,0.9999999403953552,False
86,make_gift_bags_for_baby_showers,3.0,17245,7768,3,0,0,1,0,True,False,0.0,0.0,True
86,make_gift_bags_for_baby_showers,3.0,17246,12295,7,4,0,1,2,True,False,0.6666666567325592,1.9999999701976776,False
86,make_gift_bags_for_baby_showers,3.0,17247,7601,7,4,0,1,2,True,False,0.6666666567325592,1.9999999701976776,False
86,make_gift_bags_for_baby_showers,3.0,17248,9441,5,2,0,1,0,True,False,0.6666666567325592,1.9999999701976776,False
86,make_gift_bags_for_baby_showers,3.0,17249,8052,4,1,0,1,0,True,False,0.3333333134651184,0.9999999403953552,False
86,make_gift_bags_for_baby_showers,3.0,17250,12734,7,4,0,1,3,True,False,0.3333333134651184,0.9999999403953552,True
87,collecting_aluminum_cans,1.0,17400,9735,1,0,0,1,0,True,False,0.0,0.0,True
87,collecting_aluminum_cans,1.0,17401,11395,2,1,0,1,1,True,False,0.0,0.0,True
87,collecting_aluminum_cans,1.0,17402,7780,2,1,0,1,1,True,False,0.0,0.0,True
87,collecting_aluminum_cans,1.0,17403,7766,1,0,0,1,0,True,False,0.0,0.0,True
87,collecting_aluminum_cans,1.0,17404,8707,1,0,0,1,0,True,False,0.0,0.0,True
87,collecting_aluminum_cans,1.0,17405,7003,1,0,0,1,0,True,False,0.0,0.0,True
87,collecting_aluminum_cans,1.0,17406,8541,2,1,0,1,1,True,False,0.0,0.0,True
87,collecting_aluminum_cans,1.0,17407,12547,2,1,0,1,1,True,False,0.0,0.0,True
87,collecting_aluminum_cans,1.0,17408,8865,1,0,0,1,0,True,False,0.0,0.0,True
87,collecting_aluminum_cans,1.0,17409,8967,3,1,0,1,0,True,False,0.0,0.0,True
87,collecting_aluminum_cans,1.0,17410,9830,4,3,0,1,3,True,False,0.0,0.0,True
87,collecting_aluminum_cans,1.0,17411,11983,1,0,0,1,0,True,False,0.0,0.0,True
87,collecting_aluminum_cans,1.0,17412,7175,2,1,0,1,1,True,False,0.0,0.0,True
87,collecting_aluminum_cans,1.0,17413,9671,1,0,0,1,0,True,False,0.0,0.0,True
87,collecting_aluminum_cans,1.0,17414,13795,1,0,0,1,0,True,False,0.0,0.0,True
87,collecting_aluminum_cans,1.0,17415,8894,1,0,0,1,0,True,False,0.0,0.0,True
87,collecting_aluminum_cans,1.0,17416,8608,1,0,0,1,0,True,False,0.0,0.0,True
87,collecting_aluminum_cans,1.0,17417,10196,3,1,0,1,0,True,False,0.0,0.0,True
87,collecting_aluminum_cans,1.0,17418,8109,1,0,0,1,0,True,False,0.0,0.0,True
87,collecting_aluminum_cans,1.0,17419,9530,1,0,0,1,0,True,False,0.0,0.0,True
87,collecting_aluminum_cans,1.0,17420,8624,1,0,0,1,0,True,False,0.0,0.0,True
87,collecting_aluminum_cans,1.0,17421,8128,1,0,0,1,0,True,False,0.0,0.0,True
87,collecting_aluminum_cans,1.0,17422,13235,1,0,0,1,0,True,False,0.0,0.0,True
87,collecting_aluminum_cans,1.0,17423,8867,1,0,0,1,0,True,False,0.0,0.0,True
87,collecting_aluminum_cans,1.0,17424,8444,1,0,0,1,0,True,False,0.0,0.0,True
87,collecting_aluminum_cans,1.0,17425,8868,1,0,0,1,0,True,False,0.0,0.0,True
87,collecting_aluminum_cans,1.0,17426,11367,1,0,0,1,0,True,False,0.0,0.0,True
87,collecting_aluminum_cans,1.0,17427,7310,1,0,0,1,0,True,False,0.0,0.0,True
87,collecting_aluminum_cans,1.0,17428,11708,1,0,0,1,0,True,False,0.0,0.0,True
87,collecting_aluminum_cans,1.0,17429,10499,1,0,0,1,0,True,False,0.0,0.0,True
87,collecting_aluminum_cans,1.0,17430,9819,1,0,0,1,0,True,False,0.0,0.0,True
87,collecting_aluminum_cans,1.0,17431,8063,1,0,0,1,0,True,False,0.0,0.0,True
87,collecting_aluminum_cans,1.0,17432,11483,1,0,0,1,0,True,False,0.0,0.0,True
87,collecting_aluminum_cans,1.0,17433,11778,1,0,0,1,0,True,False,0.0,0.0,True
87,collecting_aluminum_cans,1.0,17434,7791,3,1,0,1,0,True,False,0.0,0.0,True
87,collecting_aluminum_cans,1.0,17435,11972,1,0,0,1,0,True,False,0.0,0.0,True
87,collecting_aluminum_cans,1.0,17436,13682,1,0,0,1,0,True,False,0.0,0.0,True
87,collecting_aluminum_cans,1.0,17437,9694,1,0,0,1,0,True,False,0.0,0.0,True
87,collecting_aluminum_cans,1.0,17438,14105,1,0,0,1,0,True,False,0.0,0.0,True
87,collecting_aluminum_cans,1.0,17439,12047,1,0,0,1,0,True,False,0.0,0.0,True
87,collecting_aluminum_cans,1.0,17440,12807,1,0,0,1,0,True,False,0.0,0.0,True
87,collecting_aluminum_cans,1.0,17441,9721,1,0,0,1,0,True,False,0.0,0.0,True
87,collecting_aluminum_cans,1.0,17442,10874,1,0,0,1,0,True,False,0.0,0.0,True
87,collecting_aluminum_cans,1.0,17443,13155,1,0,0,1,0,True,False,0.0,0.0,True
87,collecting_aluminum_cans,1.0,17444,11457,2,1,0,1,1,True,False,0.0,0.0,True
87,collecting_aluminum_cans,1.0,17445,7609,1,0,0,1,0,True,False,0.0,0.0,True
87,collecting_aluminum_cans,1.0,17446,7816,1,0,0,1,0,True,False,0.0,0.0,True
88,rearrange_your_room,2.0,17600,15442,2,0,0,1,0,True,False,0.0,0.0,True
88,rearrange_your_room,2.0,17601,12184,4,2,0,1,1,True,False,0.5,1.0,False
88,rearrange_your_room,2.0,17602,10084,5,2,0,1,1,True,False,0.0,0.0,True
88,rearrange_your_room,2.0,17603,11576,13,7,0,1,3,True,False,0.0,0.0,True
88,rearrange_your_room,2.0,17604,11755,2,0,0,1,0,True,False,0.0,0.0,True
88,rearrange_your_room,2.0,17605,10426,2,0,0,1,0,True,False,0.0,0.0,True
88,rearrange_your_room,2.0,17606,13044,6,2,0,1,0,True,False,0.0,0.0,True
88,rearrange_your_room,2.0,17607,16361,3,1,0,1,1,True,False,0.0,0.0,True
88,rearrange_your_room,2.0,17608,11056,5,2,0,1,0,True,False,0.5,1.0,False
88,rearrange_your_room,2.0,17609,10410,5,3,0,1,2,True,False,0.5,1.0,True
88,rearrange_your_room,2.0,17610,18262,4,2,0,1,1,True,False,0.5,1.0,False
88,rearrange_your_room,2.0,17611,11350,6,2,0,1,0,True,False,0.0,0.0,True
88,rearrange_your_room,2.0,17612,16550,7,3,0,1,1,True,False,0.0,0.0,True
88,rearrange_your_room,2.0,17613,16655,4,2,0,1,1,True,False,0.5,1.0,False
88,rearrange_your_room,2.0,17614,11828,6,3,0,1,1,True,False,0.5,1.0,False
88,rearrange_your_room,2.0,17615,17327,3,1,0,1,1,True,False,0.0,0.0,True
88,rearrange_your_room,2.0,17616,15902,5,2,0,1,1,True,False,0.0,0.0,True
88,rearrange_your_room,2.0,17617,11810,2,0,0,1,0,True,False,0.0,0.0,True
88,rearrange_your_room,2.0,17618,12658,3,1,0,1,0,True,False,0.5,1.0,False
88,rearrange_your_room,2.0,17619,12662,2,0,0,1,0,True,False,0.0,0.0,True
88,rearrange_your_room,2.0,17620,13056,3,1,0,1,1,True,False,0.0,0.0,True
88,rearrange_your_room,2.0,17621,12459,4,1,0,1,0,True,False,0.0,0.0,True
88,rearrange_your_room,2.0,17622,13713,2,0,0,1,0,True,False,0.0,0.0,True
88,rearrange_your_room,2.0,17623,12193,5,2,0,1,0,True,False,0.5,1.0,False
88,rearrange_your_room,2.0,17624,13264,3,1,0,1,1,True,False,0.0,0.0,True
88,rearrange_your_room,2.0,17625,16610,3,1,0,1,0,True,False,0.5,1.0,False
88,rearrange_your_room,2.0,17626,11685,3,1,0,1,0,True,False,0.5,1.0,False
88,rearrange_your_room,2.0,17627,14167,2,0,0,1,0,True,False,0.0,0.0,True
88,rearrange_your_room,2.0,17628,11147,2,0,0,1,0,True,False,0.0,0.0,True
88,rearrange_your_room,2.0,17629,14122,4,2,0,1,1,True,False,0.5,1.0,False
88,rearrange_your_room,2.0,17630,12032,8,4,0,1,2,True,False,0.0,0.0,True
88,rearrange_your_room,2.0,17631,16793,3,1,0,1,1,True,False,0.0,0.0,True
88,rearrange_your_room,2.0,17632,18079,11,5,0,1,1,True,False,0.0,0.0,True
88,rearrange_your_room,2.0,17633,12039,4,2,0,1,2,True,False,0.0,0.0,True
88,rearrange_your_room,2.0,17634,11543,3,1,0,1,1,True,False,0.0,0.0,True
88,rearrange_your_room,2.0,17635,11153,7,3,0,1,0,True,False,0.5,1.0,False
88,rearrange_your_room,2.0,17636,11420,6,2,0,1,0,True,False,0.0,0.0,True
88,rearrange_your_room,2.0,17637,12988,2,0,0,1,0,True,False,0.0,0.0,True
88,rearrange_your_room,2.0,17638,11794,6,4,0,1,3,True,False,0.5,1.0,False
88,rearrange_your_room,2.0,17639,10961,3,1,0,1,1,True,False,0.0,0.0,True
88,rearrange_your_room,2.0,17640,16866,4,2,0,1,2,True,False,0.0,0.0,True
88,rearrange_your_room,2.0,17641,12473,4,2,0,1,1,True,False,0.5,1.0,False
88,rearrange_your_room,2.0,17642,11283,2,0,0,1,0,True,False,0.0,0.0,True
88,rearrange_your_room,2.0,17643,16803,4,2,0,1,1,True,False,0.5,1.0,False
88,rearrange_your_room,2.0,17644,14540,5,2,0,1,1,True,False,0.0,0.0,True
88,rearrange_your_room,2.0,17645,14961,14,6,0,1,0,True,False,0.0,0.0,True
88,rearrange_your_room,2.0,17646,12224,3,1,0,1,0,True,False,0.5,1.0,False
88,rearrange_your_room,2.0,17647,10872,2,0,0,1,0,True,False,0.0,0.0,True
88,rearrange_your_room,2.0,17648,15756,2,0,0,1,0,True,False,0.0,0.0,True
88,rearrange_your_room,2.0,17649,12256,3,1,0,1,1,True,False,0.0,0.0,True
88,rearrange_your_room,2.0,17650,12177,3,1,0,1,1,True,False,0.0,0.0,True
88,rearrange_your_room,2.0,17651,13128,3,1,0,1,1,True,False,0.0,0.0,True
88,rearrange_your_room,2.0,17652,14178,2,0,0,1,0,True,False,0.0,0.0,True
89,installing_a_fax_machine,2.0,17800,4436,2,0,0,1,0,True,False,0.0,0.0,True
89,installing_a_fax_machine,2.0,17801,2784,2,0,0,1,0,True,False,0.0,0.0,True
89,installing_a_fax_machine,2.0,17802,3464,2,0,0,1,0,True,False,0.0,0.0,True
89,installing_a_fax_machine,2.0,17803,4552,2,0,0,1,0,True,False,0.0,0.0,True
89,installing_a_fax_machine,2.0,17804,4249,2,0,0,1,0,True,False,0.0,0.0,True
89,installing_a_fax_machine,2.0,17805,3808,2,0,0,1,0,True,False,0.0,0.0,True
89,installing_a_fax_machine,2.0,17806,3904,2,0,0,1,0,True,False,0.0,0.0,True
89,installing_a_fax_machine,2.0,17807,3778,3,1,0,1,0,True,False,0.5,1.0,False
89,installing_a_fax_machine,2.0,17808,4009,2,0,0,1,0,True,False,0.0,0.0,True
89,installing_a_fax_machine,2.0,17809,3987,4,1,0,1,0,True,False,0.0,0.0,True
89,installing_a_fax_machine,2.0,17810,3991,4,2,0,1,1,True,False,0.5,1.0,False
89,installing_a_fax_machine,2.0,17811,4533,5,2,0,1,0,True,False,0.5,1.0,False
89,installing_a_fax_machine,2.0,17812,2674,2,0,0,1,0,True,False,0.0,0.0,True
89,installing_a_fax_machine,2.0,17813,3231,3,1,0,1,0,True,False,0.5,1.0,False
89,installing_a_fax_machine,2.0,17814,2404,2,0,0,1,0,True,False,0.0,0.0,True
89,installing_a_fax_machine,2.0,17815,4593,2,0,0,1,0,True,False,0.0,0.0,True
89,installing_a_fax_machine,2.0,17816,2730,2,0,0,1,0,True,False,0.0,0.0,True
89,installing_a_fax_machine,2.0,17817,3731,2,0,0,1,0,True,False,0.0,0.0,True
89,installing_a_fax_machine,2.0,17818,3115,3,1,0,1,0,True,False,0.5,1.0,False
89,installing_a_fax_machine,2.0,17819,4184,3,1,0,1,0,True,False,0.5,1.0,False
89,installing_a_fax_machine,2.0,17820,4575,2,0,0,1,0,True,False,0.0,0.0,True
89,installing_a_fax_machine,2.0,17821,2671,3,1,0,1,0,True,False,0.5,1.0,False
89,installing_a_fax_machine,2.0,17822,2424,3,1,0,1,0,True,False,0.5,1.0,False
89,installing_a_fax_machine,2.0,17823,4076,2,0,0,1,0,True,False,0.0,0.0,True
89,installing_a_fax_machine,2.0,17824,5134,2,0,0,1,0,True,False,0.0,0.0,True
89,installing_a_fax_machine,2.0,17825,3553,2,0,0,1,0,True,False,0.0,0.0,True
89,installing_a_fax_machine,2.0,17826,5373,3,1,0,1,0,True,False,0.5,1.0,False
89,installing_a_fax_machine,2.0,17827,2652,3,1,0,1,0,True,False,0.5,1.0,False
89,installing_a_fax_machine,2.0,17828,4017,2,0,0,1,0,True,False,0.0,0.0,True
89,installing_a_fax_machine,2.0,17829,2602,2,0,0,1,0,True,False,0.0,0.0,True
89,installing_a_fax_machine,2.0,17830,2769,3,1,0,1,0,True,False,0.5,1.0,False
89,installing_a_fax_machine,2.0,17831,2823,13,6,0,1,0,True,False,0.5,1.0,False
89,installing_a_fax_machine,2.0,17832,4127,3,1,0,1,0,True,False,0.5,1.0,False
89,installing_a_fax_machine,2.0,17833,3913,2,0,0,1,0,True,False,0.0,0.0,True
89,installing_a_fax_machine,2.0,17834,3951,2,0,0,1,0,True,False,0.0,0.0,True
89,installing_a_fax_machine,2.0,17835,3309,2,0,0,1,0,True,False,0.0,0.0,True
89,installing_a_fax_machine,2.0,17836,3966,3,1,0,1,0,True,False,0.5,1.0,False
89,installing_a_fax_machine,2.0,17837,3730,2,0,0,1,0,True,False,0.0,0.0,True
89,installing_a_fax_machine,2.0,17838,4306,2,0,0,1,0,True,False,0.0,0.0,True
89,installing_a_fax_machine,2.0,17839,3664,2,0,0,1,0,True,False,0.0,0.0,True
89,installing_a_fax_machine,2.0,17840,5963,2,0,0,1,0,True,False,0.0,0.0,True
89,installing_a_fax_machine,2.0,17841,2537,2,0,0,1,0,True,False,0.0,0.0,True
89,installing_a_fax_machine,2.0,17842,4012,2,0,0,1,0,True,False,0.0,0.0,True
89,installing_a_fax_machine,2.0,17843,2736,2,0,0,1,0,True,False,0.0,0.0,True
89,installing_a_fax_machine,2.0,17844,4208,2,0,0,1,0,True,False,0.0,0.0,True
89,installing_a_fax_machine,2.0,17845,6681,2,0,0,1,0,True,False,0.0,0.0,True
89,installing_a_fax_machine,2.0,17846,4566,3,1,0,1,0,True,False,0.5,1.0,False
89,installing_a_fax_machine,2.0,17847,4356,2,0,0,1,0,True,False,0.0,0.0,True
89,installing_a_fax_machine,2.0,17848,2874,2,0,0,1,0,True,False,0.0,0.0,True
89,installing_a_fax_machine,2.0,17849,3295,2,0,0,1,0,True,False,0.0,0.0,True
89,installing_a_fax_machine,2.0,17850,3303,4,2,0,1,1,True,False,0.5,1.0,False
89,installing_a_fax_machine,2.0,17851,6306,2,0,0,1,0,True,False,0.0,0.0,True
89,installing_a_fax_machine,2.0,17852,3592,3,1,0,1,0,True,False,0.5,1.0,False
89,installing_a_fax_machine,2.0,17853,6431,3,1,0,1,0,True,False,0.5,1.0,False
89,installing_a_fax_machine,2.0,17854,4223,2,0,0,1,0,True,False,0.0,0.0,True
89,installing_a_fax_machine,2.0,17855,3272,2,0,0,1,0,True,False,0.0,0.0,True
89,installing_a_fax_machine,2.0,17856,4811,2,0,0,1,0,True,False,0.0,0.0,True
89,installing_a_fax_machine,2.0,17857,4244,2,0,0,1,0,True,False,0.0,0.0,True
89,installing_a_fax_machine,2.0,17858,4931,3,1,0,1,1,True,False,0.0,0.0,True
89,installing_a_fax_machine,2.0,17859,3554,2,0,0,1,0,True,False,0.0,0.0,True
89,installing_a_fax_machine,2.0,17860,3110,2,0,0,1,0,True,False,0.0,0.0,True
89,installing_a_fax_machine,2.0,17861,5866,2,0,0,1,0,True,False,0.0,0.0,True
90,composting_waste,2.0,18000,3425,3,1,0,1,1,True,False,0.0,0.0,True
90,composting_waste,2.0,18001,3318,2,0,0,1,0,True,False,0.0,0.0,True
90,composting_waste,2.0,18002,3498,2,0,0,1,0,True,False,0.0,0.0,True
90,composting_waste,2.0,18003,4062,4,2,0,1,1,True,False,0.5,1.0,False
90,composting_waste,2.0,18004,4384,3,1,0,1,0,True,False,0.5,1.0,False
90,composting_waste,2.0,18005,3820,2,0,0,1,0,True,False,0.0,0.0,True
90,composting_waste,2.0,18006,3689,10,8,0,1,7,True,False,0.5,1.0,False
90,composting_waste,2.0,18007,4278,4,2,0,1,1,True,False,0.5,1.0,False
90,composting_waste,2.0,18008,3036,2,0,0,1,0,True,False,0.0,0.0,True
90,composting_waste,2.0,18009,3615,2,0,0,1,0,True,False,0.0,0.0,True
90,composting_waste,2.0,18010,3967,2,0,0,1,0,True,False,0.0,0.0,True
90,composting_waste,2.0,18011,3513,2,0,0,1,0,True,False,0.0,0.0,True
90,composting_waste,2.0,18012,3764,2,0,0,1,0,True,False,0.0,0.0,True
90,composting_waste,2.0,18013,3937,3,1,0,1,0,True,False,0.5,1.0,False
90,composting_waste,2.0,18014,4733,2,0,0,1,0,True,False,0.0,0.0,True
90,composting_waste,2.0,18015,4076,2,0,0,1,0,True,False,0.0,0.0,True
90,composting_waste,2.0,18016,4067,2,0,0,1,0,True,False,0.0,0.0,True
90,composting_waste,2.0,18017,3616,3,1,0,1,1,True,False,0.0,0.0,True
90,composting_waste,2.0,18018,3999,2,0,0,1,0,True,False,0.0,0.0,True
90,composting_waste,2.0,18019,3096,2,0,0,1,0,True,False,0.0,0.0,True
90,composting_waste,2.0,18020,4640,3,1,0,1,0,True,False,0.5,1.0,False
90,composting_waste,2.0,18021,3716,5,3,0,1,2,True,False,0.5,1.0,False
90,composting_waste,2.0,18022,4118,2,0,0,1,0,True,False,0.0,0.0,True
90,composting_waste,2.0,18023,4711,3,1,0,1,1,True,False,0.0,0.0,True
90,composting_waste,2.0,18024,3774,2,0,0,1,0,True,False,0.0,0.0,True
90,composting_waste,2.0,18025,4365,3,1,0,1,0,True,False,0.5,1.0,False
90,composting_waste,2.0,18026,4204,4,2,0,1,1,True,False,0.5,1.0,False
90,composting_waste,2.0,18027,4895,2,0,0,1,0,True,False,0.0,0.0,True
90,composting_waste,2.0,18028,3733,2,0,0,1,0,True,False,0.0,0.0,True
90,composting_waste,2.0,18029,2925,3,1,0,1,1,True,False,0.0,0.0,True
90,composting_waste,2.0,18030,3786,4,2,0,1,1,True,False,0.5,1.0,False
90,composting_waste,2.0,18031,2982,2,0,0,1,0,True,False,0.0,0.0,True
90,composting_waste,2.0,18032,3398,2,0,0,1,0,True,False,0.0,0.0,True
90,composting_waste,2.0,18033,3450,2,0,0,1,0,True,False,0.0,0.0,True
90,composting_waste,2.0,18034,3828,2,0,0,1,0,True,False,0.0,0.0,True
90,composting_waste,2.0,18035,3619,3,1,0,1,1,True,False,0.0,0.0,True
90,composting_waste,2.0,18036,3597,3,1,0,1,1,True,False,0.0,0.0,True
90,composting_waste,2.0,18037,4390,3,1,0,1,1,True,False,0.0,0.0,True
90,composting_waste,2.0,18038,3105,4,2,0,1,1,True,False,0.5,1.0,False
90,composting_waste,2.0,18039,3457,2,0,0,1,0,True,False,0.0,0.0,True
90,composting_waste,2.0,18040,3037,2,0,0,1,0,True,False,0.0,0.0,True
90,composting_waste,2.0,18041,3463,3,1,0,1,1,True,False,0.0,0.0,True
90,composting_waste,2.0,18042,2974,3,1,0,1,0,True,False,0.5,1.0,False
90,composting_waste,2.0,18043,3177,3,1,0,1,1,True,False,0.0,0.0,True
90,composting_waste,2.0,18044,5072,2,0,0,1,0,True,False,0.0,0.0,True
90,composting_waste,2.0,18045,3862,2,0,0,1,0,True,False,0.0,0.0,True
90,composting_waste,2.0,18046,3507,6,4,0,1,3,True,False,0.5,1.0,False
90,composting_waste,2.0,18047,3917,4,2,0,1,1,True,False,0.5,1.0,False
90,composting_waste,2.0,18048,3177,3,1,0,1,1,True,False,0.0,0.0,True
90,composting_waste,2.0,18049,4120,2,0,0,1,0,True,False,0.0,0.0,True
90,composting_waste,2.0,18050,4872,2,0,0,1,0,True,False,0.0,0.0,True
90,composting_waste,2.0,18051,3502,2,0,0,1,0,True,False,0.0,0.0,True
90,composting_waste,2.0,18052,4444,5,3,0,1,2,True,False,0.5,1.0,False
90,composting_waste,2.0,18053,3013,2,0,0,1,0,True,False,0.0,0.0,True
90,composting_waste,2.0,18054,3318,4,2,0,1,1,True,False,0.5,1.0,False
90,composting_waste,2.0,18055,3598,3,1,0,1,0,True,False,0.5,1.0,False
90,composting_waste,2.0,18056,3546,2,0,0,1,0,True,False,0.0,0.0,True
90,composting_waste,2.0,18057,3333,3,1,0,1,1,True,False,0.0,0.0,True
90,composting_waste,2.0,18058,3867,2,0,0,1,0,True,False,0.0,0.0,True
90,composting_waste,2.0,18059,3291,4,2,0,1,1,True,False,0.5,1.0,False
90,composting_waste,2.0,18060,3580,2,0,0,1,0,True,False,0.0,0.0,True
90,composting_waste,2.0,18061,3006,3,1,0,1,0,True,False,0.5,1.0,False
90,composting_waste,2.0,18062,3900,3,1,0,1,0,True,False,0.5,1.0,False
90,composting_waste,2.0,18063,3309,3,1,0,1,1,True,False,0.0,0.0,True
90,composting_waste,2.0,18064,4805,2,0,0,1,0,True,False,0.0,0.0,True
91,store_produce,1.0,18200,9479,1,0,0,1,0,True,False,0.0,0.0,True
91,store_produce,1.0,18201,10794,1,0,0,1,0,True,False,0.0,0.0,True
91,store_produce,1.0,18202,9493,1,0,0,1,0,True,False,0.0,0.0,True
91,store_produce,1.0,18203,10403,1,0,0,1,0,True,False,0.0,0.0,True
91,store_produce,1.0,18204,6958,1,0,0,1,0,True,False,0.0,0.0,True
91,store_produce,1.0,18205,8315,1,0,0,1,0,True,False,0.0,0.0,True
91,store_produce,1.0,18206,14015,2,1,0,1,1,True,False,0.0,0.0,True
91,store_produce,1.0,18207,14574,1,0,0,1,0,True,False,0.0,0.0,True
91,store_produce,1.0,18208,7444,2,1,0,1,1,True,False,0.0,0.0,True
91,store_produce,1.0,18209,7964,1,0,0,1,0,True,False,0.0,0.0,True
91,store_produce,1.0,18210,13422,1,0,0,1,0,True,False,0.0,0.0,True
91,store_produce,1.0,18211,7626,1,0,0,1,0,True,False,0.0,0.0,True
91,store_produce,1.0,18212,14125,1,0,0,1,0,True,False,0.0,0.0,True
91,store_produce,1.0,18213,8687,1,0,0,1,0,True,False,0.0,0.0,True
91,store_produce,1.0,18214,13003,2,1,0,1,1,True,False,0.0,0.0,True
91,store_produce,1.0,18215,7266,1,0,0,1,0,True,False,0.0,0.0,True
91,store_produce,1.0,18216,6990,2,1,0,1,1,True,False,0.0,0.0,True
91,store_produce,1.0,18217,13689,2,1,0,1,1,True,False,0.0,0.0,True
91,store_produce,1.0,18218,6486,1,0,0,1,0,True,False,0.0,0.0,True
91,store_produce,1.0,18219,6673,1,0,0,1,0,True,False,0.0,0.0,True
91,store_produce,1.0,18220,12478,1,0,0,1,0,True,False,0.0,0.0,True
91,store_produce,1.0,18221,8978,1,0,0,1,0,True,False,0.0,0.0,True
91,store_produce,1.0,18222,8350,1,0,0,1,0,True,False,0.0,0.0,True
91,store_produce,1.0,18223,9357,1,0,0,1,0,True,False,0.0,0.0,True
91,store_produce,1.0,18224,12803,2,1,0,1,1,True,False,0.0,0.0,True
91,store_produce,1.0,18225,8513,1,0,0,1,0,True,False,0.0,0.0,True
91,store_produce,1.0,18226,14071,1,0,0,1,0,True,False,0.0,0.0,True
91,store_produce,1.0,18227,9613,1,0,0,1,0,True,False,0.0,0.0,True
91,store_produce,1.0,18228,13527,1,0,0,1,0,True,False,0.0,0.0,True
91,store_produce,1.0,18229,8275,1,0,0,1,0,True,False,0.0,0.0,True
91,store_produce,1.0,18230,8097,1,0,0,1,0,True,False,0.0,0.0,True
91,store_produce,1.0,18231,9971,1,0,0,1,0,True,False,0.0,0.0,True
91,store_produce,1.0,18232,12358,2,1,0,1,1,True,False,0.0,0.0,True
91,store_produce,1.0,18233,9432,1,0,0,1,0,True,False,0.0,0.0,True
91,store_produce,1.0,18234,8672,1,0,0,1,0,True,False,0.0,0.0,True
91,store_produce,1.0,18235,8260,1,0,0,1,0,True,False,0.0,0.0,True
91,store_produce,1.0,18236,8768,1,0,0,1,0,True,False,0.0,0.0,True
91,store_produce,1.0,18237,8164,1,0,0,1,0,True,False,0.0,0.0,True
91,store_produce,1.0,18238,13333,1,0,0,1,0,True,False,0.0,0.0,True
91,store_produce,1.0,18239,9527,1,0,0,1,0,True,False,0.0,0.0,True
91,store_produce,1.0,18240,9393,1,0,0,1,0,True,False,0.0,0.0,True
91,store_produce,1.0,18241,12734,1,0,0,1,0,True,False,0.0,0.0,True
91,store_produce,1.0,18242,8918,1,0,0,1,0,True,False,0.0,0.0,True
91,store_produce,1.0,18243,9085,1,0,0,1,0,True,False,0.0,0.0,True
91,store_produce,1.0,18244,9133,1,0,0,1,0,True,False,0.0,0.0,True
91,store_produce,1.0,18245,9803,1,0,0,1,0,True,False,0.0,0.0,True
91,store_produce,1.0,18246,8838,1,0,0,1,0,True,False,0.0,0.0,True
91,store_produce,1.0,18247,6941,3,2,0,1,2,True,False,0.0,0.0,True
92,installing_a_scanner,2.0,18400,3634,3,1,0,1,0,True,False,0.5,1.0,False
92,installing_a_scanner,2.0,18401,6126,2,0,0,1,0,True,False,0.0,0.0,True
92,installing_a_scanner,2.0,18402,5490,3,1,1,2,1,True,False,0.0,0.0,True
92,installing_a_scanner,2.0,18403,3419,4,1,0,1,0,True,False,0.0,0.0,True
92,installing_a_scanner,2.0,18404,2815,2,0,0,1,0,True,False,0.0,0.0,True
92,installing_a_scanner,2.0,18405,2714,4,2,0,1,1,True,False,0.5,1.0,False
92,installing_a_scanner,2.0,18406,5387,2,0,0,1,0,True,False,0.0,0.0,True
92,installing_a_scanner,2.0,18407,2636,2,0,0,1,0,True,False,0.0,0.0,True
92,installing_a_scanner,2.0,18408,1962,3,1,0,1,0,True,False,0.5,1.0,False
92,installing_a_scanner,2.0,18409,3235,3,1,0,1,1,True,False,0.0,0.0,True
92,installing_a_scanner,2.0,18410,4988,2,0,0,1,0,True,False,0.0,0.0,True
92,installing_a_scanner,2.0,18411,4120,2,0,0,1,0,True,False,0.0,0.0,True
92,installing_a_scanner,2.0,18412,3814,2,0,0,1,0,True,False,0.0,0.0,True
92,installing_a_scanner,2.0,18413,3207,3,1,0,1,1,True,False,0.0,0.0,True
92,installing_a_scanner,2.0,18414,7161,2,0,0,1,0,True,False,0.0,0.0,True
92,installing_a_scanner,2.0,18415,4155,3,1,0,1,0,True,False,0.5,1.0,False
92,installing_a_scanner,2.0,18416,4059,6,3,0,1,1,True,False,0.5,1.0,False
92,installing_a_scanner,2.0,18417,4376,4,2,0,1,1,True,False,0.5,1.0,False
92,installing_a_scanner,2.0,18418,3292,3,1,0,1,1,True,False,0.0,0.0,True
92,installing_a_scanner,2.0,18419,3519,2,0,0,1,0,True,False,0.0,0.0,True
92,installing_a_scanner,2.0,18420,6929,3,1,0,1,0,True,False,0.5,1.0,False
92,installing_a_scanner,2.0,18421,3547,3,1,0,1,1,True,False,0.0,0.0,True
92,installing_a_scanner,2.0,18422,6391,2,0,0,1,0,True,False,0.0,0.0,True
92,installing_a_scanner,2.0,18423,5153,4,2,0,1,1,True,False,0.5,1.0,False
92,installing_a_scanner,2.0,18424,6535,4,1,0,1,0,True,False,0.0,0.0,True
92,installing_a_scanner,2.0,18425,2297,4,1,0,1,0,True,False,0.0,0.0,True
92,installing_a_scanner,2.0,18426,2140,4,2,0,1,1,True,False,0.5,1.0,False
92,installing_a_scanner,2.0,18427,7464,3,1,0,1,0,True,False,0.5,1.0,False
92,installing_a_scanner,2.0,18428,3149,10,5,0,1,1,True,False,0.5,1.0,False
92,installing_a_scanner,2.0,18429,5581,2,0,0,1,0,True,False,0.0,0.0,True
92,installing_a_scanner,2.0,18430,4440,3,1,0,1,0,True,False,0.5,1.0,False
92,installing_a_scanner,2.0,18431,4588,3,1,0,1,1,True,False,0.0,0.0,True
92,installing_a_scanner,2.0,18432,4829,3,1,0,1,0,True,False,0.5,1.0,False
92,installing_a_scanner,2.0,18433,7578,2,0,0,1,0,True,False,0.0,0.0,True
92,installing_a_scanner,2.0,18434,2866,3,1,0,1,0,True,False,0.5,1.0,False
92,installing_a_scanner,2.0,18435,3790,5,2,0,1,0,True,False,0.5,1.0,False
92,installing_a_scanner,2.0,18436,5798,4,1,0,1,0,True,False,0.0,0.0,True
92,installing_a_scanner,2.0,18437,3722,4,1,0,1,0,True,False,0.0,0.0,True
92,installing_a_scanner,2.0,18438,2966,6,2,0,1,0,True,False,0.0,0.0,True
92,installing_a_scanner,2.0,18439,2906,6,2,0,1,0,True,False,0.0,0.0,True
92,installing_a_scanner,2.0,18440,3984,3,1,0,1,0,True,False,0.5,1.0,False
92,installing_a_scanner,2.0,18441,3012,2,0,0,1,0,True,False,0.0,0.0,True
92,installing_a_scanner,2.0,18442,7101,2,0,0,1,0,True,False,0.0,0.0,True
92,installing_a_scanner,2.0,18443,2531,3,1,0,1,0,True,False,0.5,1.0,False
92,installing_a_scanner,2.0,18444,1693,2,0,0,1,0,True,False,0.0,0.0,True
92,installing_a_scanner,2.0,18445,3287,2,0,0,1,0,True,False,0.0,0.0,True
92,installing_a_scanner,2.0,18446,3945,3,1,0,1,0,True,False,0.5,1.0,False
92,installing_a_scanner,2.0,18447,3072,4,2,0,1,1,True,False,0.5,1.0,False
92,installing_a_scanner,2.0,18448,5779,3,1,0,1,1,True,False,0.0,0.0,True
92,installing_a_scanner,2.0,18449,5246,4,2,0,1,1,True,False,0.5,1.0,False
92,installing_a_scanner,2.0,18450,5762,2,0,0,1,0,True,False,0.0,0.0,True
92,installing_a_scanner,2.0,18451,2478,4,1,0,1,0,True,False,0.0,0.0,True
92,installing_a_scanner,2.0,18452,2892,2,0,0,1,0,True,False,0.0,0.0,True
92,installing_a_scanner,2.0,18453,3645,2,0,0,1,0,True,False,0.0,0.0,True
92,installing_a_scanner,2.0,18454,3286,3,1,0,1,1,True,False,0.0,0.0,True
92,installing_a_scanner,2.0,18455,7924,2,0,0,1,0,True,False,0.0,0.0,True
92,installing_a_scanner,2.0,18456,2847,4,2,0,1,1,True,False,0.5,1.0,False
93,clean_a_keyboard,1.0,18600,4235,1,0,0,1,0,True,False,0.0,0.0,True
93,clean_a_keyboard,1.0,18601,3284,1,0,0,1,0,True,False,0.0,0.0,True
93,clean_a_keyboard,1.0,18602,4209,1,0,0,1,0,True,False,0.0,0.0,True
93,clean_a_keyboard,1.0,18603,4747,1,0,0,1,0,True,False,0.0,0.0,True
93,clean_a_keyboard,1.0,18604,2778,1,0,0,1,0,True,False,0.0,0.0,True
93,clean_a_keyboard,1.0,18605,3643,1,0,0,1,0,True,False,0.0,0.0,True
93,clean_a_keyboard,1.0,18606,3777,1,0,0,1,0,True,False,0.0,0.0,True
93,clean_a_keyboard,1.0,18607,2334,1,0,0,1,0,True,False,0.0,0.0,True
93,clean_a_keyboard,1.0,18608,4561,1,0,0,1,0,True,False,0.0,0.0,True
93,clean_a_keyboard,1.0,18609,2028,1,0,0,1,0,True,False,0.0,0.0,True
93,clean_a_keyboard,1.0,18610,3845,2,1,0,1,1,True,False,0.0,0.0,True
93,clean_a_keyboard,1.0,18611,4118,1,0,0,1,0,True,False,0.0,0.0,True
93,clean_a_keyboard,1.0,18612,3680,1,0,0,1,0,True,False,0.0,0.0,True
93,clean_a_keyboard,1.0,18613,4219,1,0,0,1,0,True,False,0.0,0.0,True
93,clean_a_keyboard,1.0,18614,1902,1,0,0,1,0,True,False,0.0,0.0,True
93,clean_a_keyboard,1.0,18615,4772,3,2,0,1,2,True,False,0.0,0.0,True
93,clean_a_keyboard,1.0,18616,3952,3,2,0,1,2,True,False,0.0,0.0,True
93,clean_a_keyboard,1.0,18617,1949,1,0,0,1,0,True,False,0.0,0.0,True
93,clean_a_keyboard,1.0,18618,4236,1,0,0,1,0,True,False,0.0,0.0,True
93,clean_a_keyboard,1.0,18619,1529,1,0,0,1,0,True,False,0.0,0.0,True
93,clean_a_keyboard,1.0,18620,3957,1,0,0,1,0,True,False,0.0,0.0,True
93,clean_a_keyboard,1.0,18621,7046,1,0,0,1,0,True,False,0.0,0.0,True
93,clean_a_keyboard,1.0,18622,3284,1,0,0,1,0,True,False,0.0,0.0,True
93,clean_a_keyboard,1.0,18623,4471,1,0,0,1,0,True,False,0.0,0.0,True
93,clean_a_keyboard,1.0,18624,2962,1,0,0,1,0,True,False,0.0,0.0,True
93,clean_a_keyboard,1.0,18625,4855,1,0,0,1,0,True,False,0.0,0.0,True
93,clean_a_keyboard,1.0,18626,2627,1,0,0,1,0,True,False,0.0,0.0,True
93,clean_a_keyboard,1.0,18627,3430,1,0,0,1,0,True,False,0.0,0.0,True
93,clean_a_keyboard,1.0,18628,4771,1,0,0,1,0,True,False,0.0,0.0,True
93,clean_a_keyboard,1.0,18629,4786,1,0,0,1,0,True,False,0.0,0.0,True
93,clean_a_keyboard,1.0,18630,4352,1,0,0,1,0,True,False,0.0,0.0,True
93,clean_a_keyboard,1.0,18631,3974,1,0,0,1,0,True,False,0.0,0.0,True
93,clean_a_keyboard,1.0,18632,4789,1,0,0,1,0,True,False,0.0,0.0,True
93,clean_a_keyboard,1.0,18633,3485,1,0,0,1,0,True,False,0.0,0.0,True
93,clean_a_keyboard,1.0,18634,4783,1,0,0,1,0,True,False,0.0,0.0,True
93,clean_a_keyboard,1.0,18635,6675,1,0,0,1,0,True,False,0.0,0.0,True
93,clean_a_keyboard,1.0,18636,3219,1,0,0,1,0,True,False,0.0,0.0,True
93,clean_a_keyboard,1.0,18637,4504,1,0,0,1,0,True,False,0.0,0.0,True
93,clean_a_keyboard,1.0,18638,4370,2,1,0,1,1,True,False,0.0,0.0,True
93,clean_a_keyboard,1.0,18639,2976,1,0,0,1,0,True,False,0.0,0.0,True
93,clean_a_keyboard,1.0,18640,2308,1,0,0,1,0,True,False,0.0,0.0,True
93,clean_a_keyboard,1.0,18641,4132,1,0,0,1,0,True,False,0.0,0.0,True
93,clean_a_keyboard,1.0,18642,3771,1,0,0,1,0,True,False,0.0,0.0,True
93,clean_a_keyboard,1.0,18643,2801,1,0,0,1,0,True,False,0.0,0.0,True
93,clean_a_keyboard,1.0,18644,4860,1,0,0,1,0,True,False,0.0,0.0,True
93,clean_a_keyboard,1.0,18645,2241,1,0,0,1,0,True,False,0.0,0.0,True
93,clean_a_keyboard,1.0,18646,4521,1,0,0,1,0,True,False,0.0,0.0,True
93,clean_a_keyboard,1.0,18647,5816,1,0,0,1,0,True,False,0.0,0.0,True
93,clean_a_keyboard,1.0,18648,4341,1,0,0,1,0,True,False,0.0,0.0,True
93,clean_a_keyboard,1.0,18649,4675,1,0,0,1,0,True,False,0.0,0.0,True
93,clean_a_keyboard,1.0,18650,4043,1,0,0,1,0,True,False,0.0,0.0,True
93,clean_a_keyboard,1.0,18651,3828,1,0,0,1,0,True,False,0.0,0.0,True
93,clean_a_keyboard,1.0,18652,2310,1,0,0,1,0,True,False,0.0,0.0,True
93,clean_a_keyboard,1.0,18653,4338,1,0,0,1,0,True,False,0.0,0.0,True
93,clean_a_keyboard,1.0,18654,3339,2,1,0,1,1,True,False,0.0,0.0,True
93,clean_a_keyboard,1.0,18655,2200,1,0,0,1,0,True,False,0.0,0.0,True
93,clean_a_keyboard,1.0,18656,3571,1,0,0,1,0,True,False,0.0,0.0,True
93,clean_a_keyboard,1.0,18657,2691,1,0,0,1,0,True,False,0.0,0.0,True
93,clean_a_keyboard,1.0,18658,6055,1,0,0,1,0,True,False,0.0,0.0,True
93,clean_a_keyboard,1.0,18659,4475,1,0,0,1,0,True,False,0.0,0.0,True
93,clean_a_keyboard,1.0,18660,5083,1,0,0,1,0,True,False,0.0,0.0,True
93,clean_a_keyboard,1.0,18661,3781,1,0,0,1,0,True,False,0.0,0.0,True
94,dispose_of_batteries,2.0,18800,13226,3,1,0,1,1,True,False,0.0,0.0,True
94,dispose_of_batteries,2.0,18801,17120,5,2,0,1,1,True,False,0.0,0.0,True
94,dispose_of_batteries,2.0,18802,11942,4,2,0,1,1,True,False,0.5,1.0,False
94,dispose_of_batteries,2.0,18803,12474,7,4,0,1,2,True,False,0.5,1.0,False
94,dispose_of_batteries,2.0,18804,19223,3,1,0,1,1,True,False,0.0,0.0,True
94,dispose_of_batteries,2.0,18805,12529,3,1,0,1,1,True,False,0.0,0.0,True
94,dispose_of_batteries,2.0,18806,17164,4,2,0,1,1,True,False,0.5,1.0,False
94,dispose_of_batteries,2.0,18807,13371,6,3,0,1,1,True,False,0.5,1.0,False
94,dispose_of_batteries,2.0,18808,11033,4,2,0,1,1,True,False,0.5,1.0,False
94,dispose_of_batteries,2.0,18809,12946,14,7,0,1,1,True,False,0.5,1.0,False
94,dispose_of_batteries,2.0,18810,10077,4,2,0,1,1,True,False,0.5,1.0,False
94,dispose_of_batteries,2.0,18811,13634,6,4,0,1,3,True,False,0.5,1.0,False
94,dispose_of_batteries,2.0,18812,12937,5,3,0,1,2,True,False,0.5,1.0,False
94,dispose_of_batteries,2.0,18813,13314,8,4,0,1,1,True,False,0.5,1.0,False
94,dispose_of_batteries,2.0,18814,15759,7,4,0,1,2,True,False,0.5,1.0,False
94,dispose_of_batteries,2.0,18815,13507,5,2,0,1,1,True,False,0.0,0.0,True
94,dispose_of_batteries,2.0,18816,12752,4,2,0,1,1,True,False,0.5,1.0,False
94,dispose_of_batteries,2.0,18817,19237,3,1,0,1,1,True,False,0.0,0.0,True
94,dispose_of_batteries,2.0,18818,12877,5,3,0,1,2,True,False,0.5,1.0,False
94,dispose_of_batteries,2.0,18819,17985,3,1,0,1,1,True,False,0.0,0.0,True
94,dispose_of_batteries,2.0,18820,13033,7,4,0,1,2,True,False,0.5,1.0,False
94,dispose_of_batteries,2.0,18821,12800,4,2,0,1,1,True,False,0.5,1.0,False
94,dispose_of_batteries,2.0,18822,11113,6,3,0,1,1,True,False,0.5,1.0,False
94,dispose_of_batteries,2.0,18823,15947,4,2,0,1,1,True,False,0.5,1.0,False
94,dispose_of_batteries,2.0,18824,14978,7,4,0,1,2,True,False,0.5,1.0,False
94,dispose_of_batteries,2.0,18825,12731,6,3,0,1,1,True,False,0.5,1.0,False
94,dispose_of_batteries,2.0,18826,11670,5,3,0,1,2,True,False,0.5,1.0,False
94,dispose_of_batteries,2.0,18827,12182,5,3,0,1,2,True,False,0.5,1.0,False
94,dispose_of_batteries,2.0,18828,13869,6,4,0,1,3,True,False,0.5,1.0,False
94,dispose_of_batteries,2.0,18829,17705,5,2,0,1,1,True,False,0.0,0.0,True
94,dispose_of_batteries,2.0,18830,13423,5,3,0,1,2,True,False,0.5,1.0,False
94,dispose_of_batteries,2.0,18831,19121,7,3,0,1,1,True,False,0.0,0.0,True
94,dispose_of_batteries,2.0,18832,13168,3,1,0,1,1,True,False,0.0,0.0,True
94,dispose_of_batteries,2.0,18833,11474,4,2,0,1,1,True,False,0.5,1.0,False
94,dispose_of_batteries,2.0,18834,18415,4,2,0,1,1,True,False,0.5,1.0,False
94,dispose_of_batteries,2.0,18835,13764,6,3,0,1,1,True,False,0.5,1.0,False
94,dispose_of_batteries,2.0,18836,16342,8,4,0,1,1,True,False,0.5,1.0,False
94,dispose_of_batteries,2.0,18837,14031,3,1,0,1,1,True,False,0.0,0.0,True
94,dispose_of_batteries,2.0,18838,10006,4,2,0,1,1,True,False,0.5,1.0,False
94,dispose_of_batteries,2.0,18839,12106,4,2,0,1,1,True,False,0.5,1.0,False
94,dispose_of_batteries,2.0,18840,10940,7,3,0,1,1,True,False,0.0,0.0,True
94,dispose_of_batteries,2.0,18841,19828,4,2,0,1,1,True,False,0.5,1.0,False
94,dispose_of_batteries,2.0,18842,13650,4,2,0,1,1,True,False,0.5,1.0,False
94,dispose_of_batteries,2.0,18843,12251,6,4,0,1,3,True,False,0.5,1.0,False
94,dispose_of_batteries,2.0,18844,17999,5,2,0,1,1,True,False,0.0,0.0,True
94,dispose_of_batteries,2.0,18845,13783,5,2,0,1,0,True,False,0.5,1.0,False
94,dispose_of_batteries,2.0,18846,13334,6,3,0,1,1,True,False,0.5,1.0,False
94,dispose_of_batteries,2.0,18847,10857,9,5,0,1,2,True,False,0.5,1.0,False
94,dispose_of_batteries,2.0,18848,14060,4,2,0,1,1,True,False,0.5,1.0,False
94,dispose_of_batteries,2.0,18849,12831,6,3,0,1,1,True,False,0.5,1.0,False
95,cook_brussels_sprouts,3.0,19000,20598,6,2,0,1,0,True,False,0.3333333134651184,0.9999999403953552,True
95,cook_brussels_sprouts,3.0,19001,15780,6,2,0,1,0,True,False,0.3333333134651184,0.9999999403953552,True
95,cook_brussels_sprouts,3.0,19002,12388,6,3,0,1,2,True,False,0.3333333134651184,0.9999999403953552,True
95,cook_brussels_sprouts,3.0,19003,20037,5,2,0,1,1,True,False,0.3333333134651184,0.9999999403953552,True
95,cook_brussels_sprouts,3.0,19004,14241,8,3,0,1,1,True,False,0.0,0.0,True
95,cook_brussels_sprouts,3.0,19005,21050,5,2,0,1,1,True,False,0.3333333134651184,0.9999999403953552,True
95,cook_brussels_sprouts,3.0,19006,16112,6,3,0,1,2,True,False,0.3333333134651184,0.9999999403953552,True
95,cook_brussels_sprouts,3.0,19007,13744,6,2,0,1,1,True,False,0.0,0.0,True
95,cook_brussels_sprouts,3.0,19008,12981,8,4,0,1,2,True,False,0.3333333134651184,0.9999999403953552,False
95,cook_brussels_sprouts,3.0,19009,15749,6,3,0,1,2,True,False,0.3333333134651184,0.9999999403953552,True
95,cook_brussels_sprouts,3.0,19010,11917,6,2,0,1,1,True,False,0.0,0.0,True
95,cook_brussels_sprouts,3.0,19011,10283,5,2,0,1,1,True,False,0.3333333134651184,0.9999999403953552,True
95,cook_brussels_sprouts,3.0,19012,18773,6,2,0,1,0,True,False,0.3333333134651184,0.9999999403953552,True
95,cook_brussels_sprouts,3.0,19013,15684,7,3,0,1,2,True,False,0.0,0.0,True
95,cook_brussels_sprouts,3.0,19014,21029,6,2,0,1,0,True,False,0.3333333134651184,0.9999999403953552,True
95,cook_brussels_sprouts,3.0,19015,15649,6,3,0,1,2,True,False,0.3333333134651184,0.9999999403953552,True
95,cook_brussels_sprouts,3.0,19016,15654,6,3,0,1,2,True,False,0.3333333134651184,0.9999999403953552,True
95,cook_brussels_sprouts,3.0,19017,11568,6,2,0,1,0,True,False,0.3333333134651184,0.9999999403953552,True
95,cook_brussels_sprouts,3.0,19018,13040,5,2,0,1,1,True,False,0.3333333134651184,0.9999999403953552,True
95,cook_brussels_sprouts,3.0,19019,10929,6,2,0,1,1,True,False,0.0,0.0,True
95,cook_brussels_sprouts,3.0,19020,19885,6,3,0,1,2,True,False,0.3333333134651184,0.9999999403953552,True
95,cook_brussels_sprouts,3.0,19021,12022,6,3,0,1,2,True,False,0.3333333134651184,0.9999999403953552,True
95,cook_brussels_sprouts,3.0,19022,20642,6,3,0,1,2,True,False,0.3333333134651184,0.9999999403953552,True
95,cook_brussels_sprouts,3.0,19023,18181,5,2,0,1,1,True,False,0.3333333134651184,0.9999999403953552,True
95,cook_brussels_sprouts,3.0,19024,12118,5,2,0,1,1,True,False,0.3333333134651184,0.9999999403953552,True
95,cook_brussels_sprouts,3.0,19025,22401,6,3,0,1,2,True,False,0.3333333134651184,0.9999999403953552,True
95,cook_brussels_sprouts,3.0,19026,20651,5,1,0,1,0,True,False,0.0,0.0,True
95,cook_brussels_sprouts,3.0,19027,13489,6,2,0,1,1,True,False,0.0,0.0,True
95,cook_brussels_sprouts,3.0,19028,11352,7,3,0,1,1,True,False,0.3333333134651184,0.9999999403953552,True
95,cook_brussels_sprouts,3.0,19029,18434,5,2,0,1,1,True,False,0.3333333134651184,0.9999999403953552,True
95,cook_brussels_sprouts,3.0,19030,13888,7,3,0,1,1,True,False,0.3333333134651184,0.9999999403953552,True
95,cook_brussels_sprouts,3.0,19031,13646,6,3,0,1,2,True,False,0.3333333134651184,0.9999999403953552,True
95,cook_brussels_sprouts,3.0,19032,12852,5,2,0,1,1,True,False,0.3333333134651184,0.9999999403953552,True
95,cook_brussels_sprouts,3.0,19033,14011,7,3,0,1,2,True,False,0.0,0.0,True
95,cook_brussels_sprouts,3.0,19034,16893,6,2,0,1,0,True,False,0.3333333134651184,0.9999999403953552,True
95,cook_brussels_sprouts,3.0,19035,17391,5,2,0,1,1,True,False,0.3333333134651184,0.9999999403953552,True
95,cook_brussels_sprouts,3.0,19036,21345,5,2,0,1,1,True,False,0.3333333134651184,0.9999999403953552,True
95,cook_brussels_sprouts,3.0,19037,11601,5,2,0,1,1,True,False,0.3333333134651184,0.9999999403953552,True
95,cook_brussels_sprouts,3.0,19038,13885,9,2,0,1,0,True,False,-0.666666716337204,-2.000000149011612,False
95,cook_brussels_sprouts,3.0,19039,13487,6,2,0,1,1,True,False,0.0,0.0,True
95,cook_brussels_sprouts,3.0,19040,16687,10,4,0,1,0,True,False,0.3333333134651184,0.9999999403953552,False
95,cook_brussels_sprouts,3.0,19041,11087,7,4,0,1,3,True,False,0.3333333134651184,0.9999999403953552,True
95,cook_brussels_sprouts,3.0,19042,18975,4,1,0,1,1,True,False,0.0,0.0,True
95,cook_brussels_sprouts,3.0,19043,16112,6,2,0,1,1,True,False,0.0,0.0,True
96,cook_broccolini,3.0,19200,4107,8,3,1,2,0,True,False,0.0,0.0,True
96,cook_broccolini,3.0,19201,3541,3,1,1,2,1,True,False,0.0,0.0,True
96,cook_broccolini,3.0,19202,5665,3,1,2,2,1,True,False,0.0,0.0,True
96,cook_broccolini,3.0,19203,4838,2,0,1,2,0,True,False,0.0,0.0,True
96,cook_broccolini,3.0,19204,4933,3,1,1,2,1,True,False,0.0,0.0,True
96,cook_broccolini,3.0,19205,3047,7,3,1,2,1,True,False,0.0,0.0,True
96,cook_broccolini,3.0,19206,4374,3,1,1,2,1,True,False,0.0,0.0,True
96,cook_broccolini,3.0,19207,5044,2,0,1,2,0,True,False,0.0,0.0,True
96,cook_broccolini,3.0,19208,4528,2,0,1,2,0,True,False,0.0,0.0,True
96,cook_broccolini,3.0,19209,3726,2,0,1,2,0,True,False,0.0,0.0,True
96,cook_broccolini,3.0,19210,4163,2,0,1,2,0,True,False,0.0,0.0,True
96,cook_broccolini,3.0,19211,5002,2,0,1,2,0,True,False,0.0,0.0,True
96,cook_broccolini,3.0,19212,5640,3,1,1,2,0,True,False,0.3333333134651184,0.9999999403953552,True
96,cook_broccolini,3.0,19213,6085,6,2,1,2,0,True,False,0.0,0.0,True
96,cook_broccolini,3.0,19214,4218,2,0,1,2,0,True,False,0.0,0.0,True
96,cook_broccolini,3.0,19215,5057,2,0,1,2,0,True,False,0.0,0.0,True
96,cook_broccolini,3.0,19216,3762,10,4,1,2,0,True,False,0.0,0.0,True
96,cook_broccolini,3.0,19217,6047,10,5,1,2,2,True,False,0.0,0.0,True
96,cook_broccolini,3.0,19218,4287,3,1,1,2,1,True,False,0.0,0.0,True
96,cook_broccolini,3.0,19219,5459,4,1,1,2,0,True,False,0.0,0.0,True
96,cook_broccolini,3.0,19220,5183,2,0,1,2,0,True,False,0.0,0.0,True
96,cook_broccolini,3.0,19221,3681,2,0,1,2,0,True,False,0.0,0.0,True
96,cook_broccolini,3.0,19222,4829,5,2,1,2,1,True,False,0.0,0.0,True
96,cook_broccolini,3.0,19223,4171,2,0,1,2,0,True,False,0.0,0.0,True
96,cook_broccolini,3.0,19224,6519,2,0,1,2,0,True,False,0.0,0.0,True
96,cook_broccolini,3.0,19225,4270,3,1,1,2,1,True,False,0.0,0.0,True
96,cook_broccolini,3.0,19226,5506,2,0,1,2,0,True,False,0.0,0.0,True
96,cook_broccolini,3.0,19227,4243,2,0,1,2,0,True,False,0.0,0.0,True
96,cook_broccolini,3.0,19228,4503,2,0,1,2,0,True,False,0.0,0.0,True
96,cook_broccolini,3.0,19229,5189,11,5,1,2,1,True,False,0.0,0.0,True
96,cook_broccolini,3.0,19230,4385,15,7,2,2,1,True,False,0.0,0.0,True
96,cook_broccolini,3.0,19231,6575,2,0,1,2,0,True,False,0.0,0.0,True
96,cook_broccolini,3.0,19232,5116,4,1,1,2,0,True,False,0.0,0.0,True
96,cook_broccolini,3.0,19233,5089,7,3,1,2,1,True,False,0.0,0.0,True
96,cook_broccolini,3.0,19234,3828,9,5,1,2,2,True,False,0.3333333134651184,0.9999999403953552,True
96,cook_broccolini,3.0,19235,3089,3,1,1,2,1,True,False,0.0,0.0,True
96,cook_broccolini,3.0,19236,5810,4,1,1,2,0,True,False,0.0,0.0,True
96,cook_broccolini,3.0,19237,4574,2,0,1,2,0,True,False,0.0,0.0,True
96,cook_broccolini,3.0,19238,5116,2,0,1,2,0,True,False,0.0,0.0,True
96,cook_broccolini,3.0,19239,4973,3,1,1,2,1,True,False,0.0,0.0,True
96,cook_broccolini,3.0,19240,5509,2,0,1,2,0,True,False,0.0,0.0,True
96,cook_broccolini,3.0,19241,4798,2,0,1,2,0,True,False,0.0,0.0,True
96,cook_broccolini,3.0,19242,5492,3,1,1,2,1,True,False,0.0,0.0,True
96,cook_broccolini,3.0,19243,3628,2,0,1,2,0,True,False,0.0,0.0,True
96,cook_broccolini,3.0,19244,4981,4,1,1,2,0,True,False,0.0,0.0,True
96,cook_broccolini,3.0,19245,3501,5,2,1,2,1,True,False,0.0,0.0,True
96,cook_broccolini,3.0,19246,2690,3,1,2,2,1,True,False,0.0,0.0,True
96,cook_broccolini,3.0,19247,4120,2,0,1,2,0,True,False,0.0,0.0,True
96,cook_broccolini,3.0,19248,4428,4,1,1,2,0,True,False,0.0,0.0,True
96,cook_broccolini,3.0,19249,6190,4,1,1,2,0,True,False,0.0,0.0,True
96,cook_broccolini,3.0,19250,5216,2,0,1,2,0,True,False,0.0,0.0,True
96,cook_broccolini,3.0,19251,5468,2,0,1,2,0,True,False,0.0,0.0,True
97,setup_a_bar_for_a_cocktail_party,9.0,19400,10494,10,1,0,1,0,True,False,0.1111111044883728,0.9999999403953552,True
97,setup_a_bar_for_a_cocktail_party,9.0,19401,15154,12,2,0,1,0,True,False,0.1111111044883728,0.9999999403953552,True
97,setup_a_bar_for_a_cocktail_party,9.0,19402,15112,27,13,2,2,4,True,False,0.5555555522441864,4.999999970197678,True
97,setup_a_bar_for_a_cocktail_party,9.0,19403,12399,18,5,0,1,0,True,False,0.1111111044883728,0.9999999403953552,True
97,setup_a_bar_for_a_cocktail_party,9.0,19404,11123,16,5,0,1,0,True,False,0.3333333283662796,2.9999999552965164,False
97,setup_a_bar_for_a_cocktail_party,9.0,19405,13614,12,2,0,1,0,True,False,0.1111111044883728,0.9999999403953552,True
97,setup_a_bar_for_a_cocktail_party,9.0,19406,17897,11,1,0,1,0,True,False,0.0,0.0,True
97,setup_a_bar_for_a_cocktail_party,9.0,19407,12233,12,1,0,1,0,True,False,-0.111111119389534,-1.000000074505806,False
97,setup_a_bar_for_a_cocktail_party,9.0,19408,18037,28,9,0,1,1,True,False,-0.2222222313284874,-2.0000000819563866,False
97,setup_a_bar_for_a_cocktail_party,9.0,19409,11241,15,4,1,2,1,True,False,0.1111111044883728,0.9999999403953552,False
97,setup_a_bar_for_a_cocktail_party,9.0,19410,13794,10,1,1,2,0,True,False,0.2222222164273262,1.9999999478459358,True
97,setup_a_bar_for_a_cocktail_party,9.0,19411,12963,22,9,1,2,1,True,False,0.444444440305233,3.999999962747097,True
97,setup_a_bar_for_a_cocktail_party,9.0,19412,11823,72,33,0,1,0,True,False,0.3333333283662796,2.9999999552965164,False
97,setup_a_bar_for_a_cocktail_party,9.0,19413,12503,14,4,2,2,2,True,False,0.1111111044883728,0.9999999403953552,True
97,setup_a_bar_for_a_cocktail_party,9.0,19414,11559,26,11,1,2,1,True,False,0.5555555522441864,4.999999970197678,True
97,setup_a_bar_for_a_cocktail_party,9.0,19415,12885,11,2,1,2,1,True,False,0.1111111044883728,0.9999999403953552,True
97,setup_a_bar_for_a_cocktail_party,9.0,19416,14424,17,6,1,2,2,True,False,0.2222222164273262,1.9999999478459358,True
97,setup_a_bar_for_a_cocktail_party,9.0,19417,18047,24,9,1,2,1,True,False,0.3333333283662796,2.9999999552965164,True
97,setup_a_bar_for_a_cocktail_party,9.0,19418,15459,17,5,0,1,0,True,False,0.2222222164273262,1.9999999478459358,False
97,setup_a_bar_for_a_cocktail_party,9.0,19419,9886,17,4,1,2,0,True,False,0.1111111044883728,0.9999999403953552,True
97,setup_a_bar_for_a_cocktail_party,9.0,19420,18467,15,3,0,1,0,True,False,0.0,0.0,True
97,setup_a_bar_for_a_cocktail_party,9.0,19421,15303,17,6,0,1,0,True,False,0.444444440305233,3.999999962747097,False
97,setup_a_bar_for_a_cocktail_party,9.0,19422,12335,17,6,0,1,0,True,False,0.444444440305233,3.999999962747097,True
97,setup_a_bar_for_a_cocktail_party,9.0,19423,13433,15,4,1,2,0,True,False,0.3333333283662796,2.9999999552965164,True
97,setup_a_bar_for_a_cocktail_party,9.0,19424,13896,18,7,0,1,0,True,False,0.5555555522441864,4.999999970197678,False
97,setup_a_bar_for_a_cocktail_party,9.0,19425,12343,24,10,0,1,2,True,False,0.3333333283662796,2.9999999552965164,False
97,setup_a_bar_for_a_cocktail_party,9.0,19426,9947,15,4,1,2,1,True,False,0.1111111044883728,0.9999999403953552,True
97,setup_a_bar_for_a_cocktail_party,9.0,19427,10847,22,10,0,1,0,True,False,0.7777777761220932,6.999999985098839,False
97,setup_a_bar_for_a_cocktail_party,9.0,19428,17802,14,4,1,2,1,True,False,0.3333333283662796,2.9999999552965164,True
97,setup_a_bar_for_a_cocktail_party,9.0,19429,12613,9,0,0,1,0,True,False,0.0,0.0,True
97,setup_a_bar_for_a_cocktail_party,9.0,19430,14030,26,11,0,1,1,True,False,0.444444440305233,3.999999962747097,False
97,setup_a_bar_for_a_cocktail_party,9.0,19431,18407,15,5,0,1,0,True,False,0.444444440305233,3.999999962747097,False
97,setup_a_bar_for_a_cocktail_party,9.0,19432,14377,25,9,2,2,2,True,False,0.0,0.0,True
97,setup_a_bar_for_a_cocktail_party,9.0,19433,10217,10,1,1,2,0,True,False,0.2222222164273262,1.9999999478459358,True
97,setup_a_bar_for_a_cocktail_party,9.0,19434,11973,15,5,2,2,1,True,False,0.444444440305233,3.999999962747097,True
97,setup_a_bar_for_a_cocktail_party,9.0,19435,13738,28,12,0,1,3,True,False,0.2222222164273262,1.9999999478459358,False
97,setup_a_bar_for_a_cocktail_party,9.0,19436,11852,23,9,0,1,1,True,False,0.3333333283662796,2.9999999552965164,True
97,setup_a_bar_for_a_cocktail_party,9.0,19437,13374,27,10,1,2,0,True,False,0.3333333283662796,2.9999999552965164,True
97,setup_a_bar_for_a_cocktail_party,9.0,19438,16782,33,14,0,1,2,True,False,0.2222222164273262,1.9999999478459358,False
97,setup_a_bar_for_a_cocktail_party,9.0,19439,19261,25,10,2,2,2,True,False,0.3333333283662796,2.9999999552965164,False
97,setup_a_bar_for_a_cocktail_party,9.0,19440,13582,14,4,0,1,0,True,False,0.3333333283662796,2.9999999552965164,False
97,setup_a_bar_for_a_cocktail_party,9.0,19441,19240,19,6,1,2,1,True,False,0.2222222164273262,1.9999999478459358,True
97,setup_a_bar_for_a_cocktail_party,9.0,19442,17413,18,7,2,2,2,True,False,0.444444440305233,3.999999962747097,False
97,setup_a_bar_for_a_cocktail_party,9.0,19443,11583,22,8,1,2,0,True,False,0.444444440305233,3.999999962747097,False
97,setup_a_bar_for_a_cocktail_party,9.0,19444,11541,16,5,2,2,0,True,False,0.3333333283662796,2.9999999552965164,True
97,setup_a_bar_for_a_cocktail_party,9.0,19445,17320,16,5,0,1,0,True,False,0.3333333283662796,2.9999999552965164,False
97,setup_a_bar_for_a_cocktail_party,9.0,19446,11060,22,10,4,2,4,True,False,0.5555555522441864,4.999999970197678,True
97,setup_a_bar_for_a_cocktail_party,9.0,19447,10393,14,3,1,2,0,True,False,0.2222222164273262,1.9999999478459358,True
97,setup_a_bar_for_a_cocktail_party,9.0,19448,10939,20,8,3,2,1,True,False,0.6666666641831398,5.999999977648258,True
97,setup_a_bar_for_a_cocktail_party,9.0,19449,18472,19,8,2,2,2,True,False,0.5555555522441864,4.999999970197678,True
97,setup_a_bar_for_a_cocktail_party,9.0,19450,11075,17,6,0,1,0,True,False,0.444444440305233,3.999999962747097,False
98,laying_tile_floors,2.0,19600,15581,8,3,0,1,0,True,False,0.0,0.0,True
98,laying_tile_floors,2.0,19601,15609,7,2,0,1,0,True,False,-0.5,-1.0,False
98,laying_tile_floors,2.0,19602,12037,11,4,0,1,0,True,False,-0.5,-1.0,False
98,laying_tile_floors,2.0,19603,12487,15,7,0,1,0,True,False,0.5,1.0,False
98,laying_tile_floors,2.0,19604,13575,37,18,0,1,1,True,False,0.0,0.0,True
98,laying_tile_floors,2.0,19605,14893,9,4,1,2,1,True,False,0.0,0.0,True
98,laying_tile_floors,2.0,19606,13851,12,5,0,1,0,True,False,0.0,0.0,True
98,laying_tile_floors,2.0,19607,14880,11,5,1,2,1,True,False,0.0,0.0,True
98,laying_tile_floors,2.0,19608,15108,3,2,0,1,2,True,False,0.5,1.0,False
98,laying_tile_floors,2.0,19609,13687,16,7,0,1,0,True,False,0.0,0.0,True
98,laying_tile_floors,2.0,19610,12842,6,2,1,2,1,True,False,-0.5,-1.0,False
98,laying_tile_floors,2.0,19611,17177,56,28,2,2,2,True,False,0.0,0.0,True
98,laying_tile_floors,2.0,19612,15773,22,10,0,1,2,True,False,-1.0,-2.0,False
98,laying_tile_floors,2.0,19613,13089,35,17,1,2,1,True,False,0.0,0.0,True
98,laying_tile_floors,2.0,19614,12993,30,15,2,2,2,True,False,0.0,0.0,True
98,laying_tile_floors,2.0,19615,13271,22,11,2,2,2,True,False,0.0,0.0,True
98,laying_tile_floors,2.0,19616,16066,21,11,0,1,2,True,False,0.5,1.0,False
98,laying_tile_floors,2.0,19617,15765,9,3,0,1,0,True,False,-0.5,-1.0,False
98,laying_tile_floors,2.0,19618,15194,23,11,1,2,0,True,False,0.0,0.0,True
98,laying_tile_floors,2.0,19619,14004,8,4,1,2,2,True,False,0.0,0.0,True
98,laying_tile_floors,2.0,19620,14052,20,9,0,1,1,True,False,-0.5,-1.0,False
98,laying_tile_floors,2.0,19621,14584,50,24,0,1,0,True,False,0.0,0.0,False
98,laying_tile_floors,2.0,19622,18998,20,10,2,2,3,True,False,-0.5,-1.0,False
98,laying_tile_floors,2.0,19623,13688,15,7,0,1,0,True,False,0.5,1.0,False
98,laying_tile_floors,2.0,19624,12424,7,3,1,2,1,True,False,0.0,0.0,True
98,laying_tile_floors,2.0,19625,12850,11,5,1,2,1,True,False,0.0,0.0,True
98,laying_tile_floors,2.0,19626,13679,27,14,2,2,3,True,False,0.0,0.0,False
98,laying_tile_floors,2.0,19627,15674,29,14,0,1,1,True,False,0.0,0.0,False
98,laying_tile_floors,2.0,19628,14655,20,8,2,2,0,True,False,0.0,0.0,True
98,laying_tile_floors,2.0,19629,12385,8,3,0,1,0,True,False,0.0,0.0,False
98,laying_tile_floors,2.0,19630,14850,6,2,0,1,0,True,False,0.0,0.0,True
98,laying_tile_floors,2.0,19631,13111,17,8,1,2,1,True,False,0.0,0.0,True
98,laying_tile_floors,2.0,19632,13796,19,9,0,1,1,True,False,0.0,0.0,True
98,laying_tile_floors,2.0,19633,13489,5,2,1,2,1,True,False,0.0,0.0,True
98,laying_tile_floors,2.0,19634,14582,23,11,0,1,1,True,False,0.0,0.0,True
98,laying_tile_floors,2.0,19635,13871,12,5,0,1,0,True,False,0.0,0.0,True
98,laying_tile_floors,2.0,19636,12048,14,6,0,1,0,True,False,0.0,0.0,True
98,laying_tile_floors,2.0,19637,12963,31,15,0,1,1,True,False,0.0,0.0,True
98,laying_tile_floors,2.0,19638,11219,12,5,0,1,0,True,False,0.0,0.0,True
98,laying_tile_floors,2.0,19639,13363,10,4,0,1,0,True,False,0.0,0.0,True
98,laying_tile_floors,2.0,19640,14295,20,9,0,1,0,True,False,0.0,0.0,True
98,laying_tile_floors,2.0,19641,15076,27,14,3,2,3,True,False,0.0,0.0,True
98,laying_tile_floors,2.0,19642,14043,22,11,2,2,2,True,False,0.0,0.0,True
98,laying_tile_floors,2.0,19643,15288,22,10,0,1,0,True,False,0.0,0.0,True
98,laying_tile_floors,2.0,19644,12327,12,6,0,1,1,True,False,0.5,1.0,False
98,laying_tile_floors,2.0,19645,14769,23,10,0,1,0,True,False,-0.5,-1.0,False
98,laying_tile_floors,2.0,19646,12536,32,16,0,1,2,True,False,0.0,0.0,True
98,laying_tile_floors,2.0,19647,14751,21,10,3,2,2,True,False,0.0,0.0,True
98,laying_tile_floors,2.0,19648,12455,12,5,0,1,0,True,False,0.0,0.0,True
99,sorting_books_on_shelf,6.0,19800,5985,16,7,0,1,1,True,False,0.4999999850988388,2.999999910593033,False
99,sorting_books_on_shelf,6.0,19801,11252,15,6,0,1,2,True,False,0.166666641831398,0.9999998509883881,True
99,sorting_books_on_shelf,6.0,19802,5642,16,7,1,2,1,True,False,0.6666666567325592,3.9999999403953552,False
99,sorting_books_on_shelf,6.0,19803,10525,13,6,2,2,2,True,False,0.6666666567325592,3.9999999403953552,False
99,sorting_books_on_shelf,6.0,19804,5958,17,8,0,1,0,True,False,0.8333333283662796,4.999999970197678,False
99,sorting_books_on_shelf,6.0,19805,10007,14,5,0,1,1,True,False,0.166666641831398,0.9999998509883881,False
99,sorting_books_on_shelf,6.0,19806,10388,13,5,0,1,0,True,False,0.4999999850988388,2.999999910593033,False
99,sorting_books_on_shelf,6.0,19807,7220,22,12,3,2,5,True,False,0.6666666567325592,3.9999999403953552,False
99,sorting_books_on_shelf,6.0,19808,11287,24,11,0,1,2,True,False,0.3333333134651184,1.9999998807907104,True
99,sorting_books_on_shelf,6.0,19809,10666,15,8,1,2,3,True,False,0.6666666567325592,3.9999999403953552,False
99,sorting_books_on_shelf,6.0,19810,10501,13,6,1,2,2,True,False,0.4999999850988388,2.999999910593033,True
99,sorting_books_on_shelf,6.0,19811,6133,15,8,1,2,4,True,False,0.4999999850988388,2.999999910593033,False
99,sorting_books_on_shelf,6.0,19812,6590,14,6,0,1,1,True,False,0.4999999850988388,2.999999910593033,False
99,sorting_books_on_shelf,6.0,19813,8239,17,6,0,1,2,True,False,-0.16666670143604279,-1.0000002086162567,False
99,sorting_books_on_shelf,6.0,19814,6815,15,7,0,1,2,True,False,0.4999999850988388,2.999999910593033,True
99,sorting_books_on_shelf,6.0,19815,7699,17,8,1,2,3,True,False,0.4999999850988388,2.999999910593033,False
99,sorting_books_on_shelf,6.0,19816,6683,14,5,0,1,1,True,False,0.166666641831398,0.9999998509883881,True
99,sorting_books_on_shelf,6.0,19817,9421,13,5,0,1,0,True,False,0.4999999850988388,2.999999910593033,True
99,sorting_books_on_shelf,6.0,19818,7264,21,11,1,2,3,True,False,0.6666666567325592,3.9999999403953552,False
99,sorting_books_on_shelf,6.0,19819,6888,17,9,2,2,3,True,False,0.6666666567325592,3.9999999403953552,False
99,sorting_books_on_shelf,6.0,19820,11154,15,6,0,1,2,True,False,0.166666641831398,0.9999998509883881,True
99,sorting_books_on_shelf,6.0,19821,8358,17,7,0,1,1,True,False,0.3333333134651184,1.9999998807907104,True
99,sorting_books_on_shelf,6.0,19822,6244,17,7,0,1,0,True,False,0.4999999850988388,2.999999910593033,True
99,sorting_books_on_shelf,6.0,19823,7503,22,11,3,2,3,True,False,0.6666666567325592,3.9999999403953552,False
99,sorting_books_on_shelf,6.0,19824,7953,19,7,0,1,0,True,False,0.166666641831398,0.9999998509883881,False
99,sorting_books_on_shelf,6.0,19825,7144,13,5,0,1,1,True,False,0.3333333134651184,1.9999998807907104,True
99,sorting_books_on_shelf,6.0,19826,6398,16,7,0,1,1,True,False,0.4999999850988388,2.999999910593033,False
99,sorting_books_on_shelf,6.0,19827,7039,14,6,0,1,2,True,False,0.3333333134651184,1.9999998807907104,True
99,sorting_books_on_shelf,6.0,19828,6576,17,7,1,2,1,True,False,0.4999999850988388,2.999999910593033,False
99,sorting_books_on_shelf,6.0,19829,6574,18,9,1,2,2,True,False,0.8333333283662796,4.999999970197678,False
99,sorting_books_on_shelf,6.0,19830,7804,31,21,9,2,13,True,False,0.6666666567325592,3.9999999403953552,False
99,sorting_books_on_shelf,6.0,19831,6373,17,9,2,2,5,True,False,0.3333333134651184,1.9999998807907104,True
99,sorting_books_on_shelf,6.0,19832,6122,17,10,3,2,6,True,False,0.4999999850988388,2.999999910593033,True
99,sorting_books_on_shelf,6.0,19833,7706,14,6,0,1,1,True,False,0.4999999850988388,2.999999910593033,False
99,sorting_books_on_shelf,6.0,19834,6755,20,10,3,2,3,True,False,0.6666666567325592,3.9999999403953552,False
99,sorting_books_on_shelf,6.0,19835,9437,22,12,1,2,7,True,False,0.3333333134651184,1.9999998807907104,True
99,sorting_books_on_shelf,6.0,19836,8310,21,9,0,1,1,True,False,0.3333333134651184,1.9999998807907104,True
99,sorting_books_on_shelf,6.0,19837,9947,11,4,0,1,1,True,False,0.3333333134651184,1.9999998807907104,True
99,sorting_books_on_shelf,6.0,19838,10023,17,7,0,1,2,True,False,0.166666641831398,0.9999998509883881,True
99,sorting_books_on_shelf,6.0,19839,6825,19,10,1,2,3,True,False,0.8333333283662796,4.999999970197678,False
99,sorting_books_on_shelf,6.0,19840,7333,24,12,1,2,2,True,False,0.6666666567325592,3.9999999403953552,False
99,sorting_books_on_shelf,6.0,19841,5869,27,13,2,2,2,True,False,0.6666666567325592,3.9999999403953552,False
99,sorting_books_on_shelf,6.0,19842,7118,15,7,0,1,3,True,False,0.3333333134651184,1.9999998807907104,True
99,sorting_books_on_shelf,6.0,19843,6907,17,9,1,2,4,True,False,0.4999999850988388,2.999999910593033,True
99,sorting_books_on_shelf,6.0,19844,5686,15,7,0,1,1,True,False,0.6666666567325592,3.9999999403953552,False
99,sorting_books_on_shelf,6.0,19845,7217,36,25,5,2,16,True,False,0.6666666567325592,3.9999999403953552,False
99,sorting_books_on_shelf,6.0,19846,10981,15,7,0,1,3,True,False,0.3333333134651184,1.9999998807907104,True
99,sorting_books_on_shelf,6.0,19847,6500,12,4,0,1,1,True,False,0.166666641831398,0.9999998509883881,True
99,sorting_books_on_shelf,6.0,19848,7725,19,10,2,2,4,True,False,0.4999999850988388,2.999999910593033,True
99,sorting_books_on_shelf,6.0,19849,8955,21,12,2,2,6,True,False,0.4999999850988388,2.999999910593033,True
99,sorting_books_on_shelf,6.0,19850,5533,26,13,1,2,2,True,False,0.6666666567325592,3.9999999403953552,False
99,sorting_books_on_shelf,6.0,19851,5395,19,8,0,1,1,True,False,0.3333333134651184,1.9999998807907104,False
99,sorting_books_on_shelf,6.0,19852,7504,19,9,0,1,2,True,False,0.4999999850988388,2.999999910593033,True
99,sorting_books_on_shelf,6.0,19853,7592,16,7,0,1,2,True,False,0.3333333134651184,1.9999998807907104,False
99,sorting_books_on_shelf,6.0,19854,7942,18,7,0,1,2,True,False,0.0,0.0,False
99,sorting_books_on_shelf,6.0,19855,12039,17,9,0,1,4,True,False,0.4999999850988388,2.999999910593033,True
99,sorting_books_on_shelf,6.0,19856,6668,12,5,0,1,1,True,False,0.4999999850988388,2.999999910593033,True
99,sorting_books_on_shelf,6.0,19857,6478,19,8,0,1,0,True,False,0.4999999850988388,2.999999910593033,False
99,sorting_books_on_shelf,6.0,19858,6521,14,7,0,1,2,True,False,0.6666666567325592,3.9999999403953552,False
99,sorting_books_on_shelf,6.0,19859,6562,14,6,1,2,2,True,False,0.3333333134651184,1.9999998807907104,True
99,sorting_books_on_shelf,6.0,19860,5846,17,8,0,1,2,True,False,0.4999999850988388,2.999999910593033,False
99,sorting_books_on_shelf,6.0,19861,7733,18,9,0,1,2,True,False,0.6666666567325592,3.9999999403953552,False
